customer_id,churn,n_orders_future,recency,frequency,monetary,avg_basket,std_basket,n_distinct_products,tenure_days,avg_interpurchase_days,n_cancellations,cancellation_rate
16175.0,0,2,13,5,1265.83,253.17,56.84,45,372,89.75,0,0.0
17865.0,0,13,13,33,20009.73,606.36,399.8,326,547,16.6875,12,0.3636
15189.0,0,22,6,20,6220.44,311.02,163.73,54,318,16.42105263157895,9,0.45
14505.0,0,3,13,16,9288.96,580.56,355.34,737,539,35.06666666666667,7,0.4375
13658.0,0,2,13,5,4319.63,863.93,116.04,119,481,117.0,3,0.6
12951.0,0,1,13,13,2774.53,213.43,80.75,101,507,41.166666666666664,4,0.3077
18109.0,0,12,3,23,4325.42,188.06,115.51,183,335,15.090909090909092,4,0.1739
17926.0,0,1,12,4,849.93,212.48,49.69,21,388,125.33333333333333,0,0.0
17381.0,0,12,12,25,33544.89,1341.8,1796.39,49,357,14.375,0,0.0
16832.0,0,1,12,4,355.11,88.78,24.88,19,267,85.0,0,0.0
16931.0,0,11,3,11,2532.51,230.23,51.79,277,206,20.3,0,0.0
16801.0,0,1,1,3,1478.88,492.96,270.04,70,82,40.5,1,0.3333
15716.0,0,1,10,10,2840.44,284.04,287.24,175,541,59.0,0,0.0
16341.0,0,3,10,4,2676.57,669.14,468.43,81,418,136.0,2,0.5
13549.0,0,4,1,4,600.15,150.04,64.4,34,196,65.0,1,0.25
14711.0,0,5,10,5,1443.84,288.77,137.36,115,71,15.25,1,0.2
13758.0,0,1,10,13,8577.95,659.84,273.58,199,547,44.75,4,0.3077
16818.0,0,8,10,2,726.24,363.12,270.54,45,14,4.0,2,1.0
15288.0,0,2,9,8,3200.61,400.08,267.73,114,474,66.42857142857143,0,0.0
13479.0,1,0,9,4,851.37,212.84,116.6,45,286,92.33333333333333,3,0.75
12989.0,0,6,9,25,9955.58,398.22,241.21,23,538,22.041666666666668,4,0.16
16523.0,0,11,8,15,5333.46,355.56,215.17,107,493,34.642857142857146,5,0.3333
14258.0,0,2,8,22,26989.18,1226.78,738.23,87,544,25.523809523809526,6,0.2727
15987.0,0,3,8,5,746.93,149.39,141.63,50,188,45.0,0,0.0
16992.0,0,2,8,10,4533.34,453.33,462.24,184,475,51.888888888888886,2,0.2
17365.0,0,4,8,11,5320.61,483.69,390.24,311,485,47.7,1,0.0909
18202.0,1,0,8,3,1396.99,465.66,292.13,55,120,56.0,0,0.0
17272.0,0,2,8,2,1409.44,704.72,66.52,59,71,63.0,1,0.5
16327.0,0,2,8,14,9356.76,668.34,319.4,270,534,40.46153846153846,4,0.2857
14289.0,0,2,8,3,594.22,198.07,108.12,30,98,45.0,0,0.0
16091.0,0,1,7,1,157.25,157.25,,10,7,,0,0.0
12747.0,0,4,7,21,7171.93,341.52,147.31,79,541,26.7,6,0.2857
13728.0,0,3,7,13,2332.96,179.46,30.75,65,539,44.333333333333336,0,0.0
18229.0,0,11,7,16,6385.51,399.09,150.05,41,545,35.86666666666667,0,0.0
15882.0,1,0,7,8,1495.98,187.0,154.34,49,538,75.85714285714286,2,0.25
12839.0,0,8,7,16,5876.2,367.26,158.67,122,541,35.6,4,0.25
18226.0,0,6,7,20,8863.75,443.19,125.17,249,453,23.473684210526315,10,0.5
14522.0,0,3,7,5,1062.71,212.54,68.61,27,493,121.5,0,0.0
16092.0,0,1,6,5,1363.81,272.76,60.36,55,388,95.5,2,0.4
15249.0,0,8,5,10,5418.91,541.89,205.72,214,432,47.44444444444444,2,0.2
15104.0,1,0,5,2,1027.44,513.72,196.69,66,91,86.0,0,0.0
17152.0,1,0,3,4,2016.5,504.13,437.07,9,234,77.0,1,0.25
16746.0,0,8,3,32,14257.92,445.56,175.67,314,544,17.451612903225808,3,0.0938
16168.0,0,17,1,48,8100.68,168.76,108.94,112,545,11.574468085106384,6,0.125
16013.0,0,23,1,59,32734.46,554.82,378.47,35,540,9.293103448275861,5,0.0847
13070.0,1,0,1,4,751.7,187.93,39.38,12,541,180.0,1,0.25
18231.0,1,0,1,28,6880.97,245.75,134.77,218,507,18.74074074074074,2,0.0714
16023.0,0,1,1,2,500.69,250.35,102.54,59,75,74.0,0,0.0
17238.0,0,7,15,23,5402.05,234.87,147.83,397,547,24.181818181818183,0,0.0
14040.0,0,7,24,28,10480.03,374.29,218.17,298,547,19.37037037037037,4,0.1429
14341.0,0,4,24,14,2988.19,213.44,108.23,126,547,40.23076923076923,2,0.1429
13097.0,0,5,42,23,10383.06,451.44,221.13,338,547,22.954545454545453,9,0.3913
16887.0,0,1,209,2,465.84,232.92,18.53,65,547,338.0,0,0.0
12836.0,0,2,28,13,5634.16,433.4,227.06,243,547,43.25,2,0.1538
14865.0,1,0,181,3,114.72,38.24,33.2,3,547,183.0,0,0.0
17246.0,1,0,355,2,38.92,19.46,5.69,6,547,192.0,0,0.0
14108.0,0,2,540,2,447.05,223.53,40.69,18,547,7.0,0,0.0
13648.0,1,0,209,8,1764.02,220.5,165.44,95,547,48.285714285714285,3,0.375
16202.0,1,0,169,9,2501.99,278.0,146.4,105,546,47.125,2,0.2222
12980.0,0,3,19,18,13437.24,746.51,290.15,7,546,31.0,3,0.1667
13269.0,0,8,27,18,5593.7,310.76,207.22,185,546,30.529411764705884,1,0.0556
14653.0,0,3,147,6,2011.8,335.3,174.91,150,546,79.8,0,0.0
17019.0,1,0,70,10,3735.52,373.55,165.73,308,546,52.888888888888886,2,0.2
17476.0,1,0,204,2,489.86,244.93,21.82,29,546,342.0,2,1.0
14440.0,0,2,125,10,5466.76,546.68,354.28,55,546,46.77777777777778,2,0.2
16711.0,0,2,111,6,1816.25,302.71,66.5,11,546,87.0,1,0.1667
16126.0,0,3,105,12,9250.38,770.87,683.18,125,546,40.09090909090909,0,0.0
15917.0,1,0,56,5,560.63,112.13,64.84,127,546,122.5,0,0.0
14080.0,0,1,222,4,1070.08,267.52,82.79,70,546,108.0,1,0.25
17660.0,0,1,546,1,163.47,163.47,,42,546,,0,0.0
12934.0,1,0,545,1,181.65,181.65,,2,545,,0,0.0
15291.0,0,6,56,34,11857.85,348.76,127.9,103,545,14.818181818181818,12,0.3529
17322.0,1,0,185,5,922.59,184.52,55.69,115,545,90.0,2,0.4
13416.0,0,2,545,1,228.3,228.3,,7,545,,0,0.0
13895.0,0,4,324,2,1415.45,707.73,174.34,67,545,221.0,1,0.5
17293.0,0,6,117,10,2368.47,236.85,192.79,91,545,47.55555555555556,0,0.0
17329.0,0,1,124,4,724.68,181.17,120.23,73,545,140.33333333333334,0,0.0
17414.0,0,2,232,4,1471.52,367.88,134.61,6,545,104.33333333333333,0,0.0
14755.0,0,6,16,18,6824.78,379.15,226.91,184,545,31.11764705882353,5,0.2778
14710.0,0,4,188,9,1316.46,146.27,106.38,203,545,44.625,0,0.0
16791.0,0,3,22,12,2893.06,241.09,148.65,294,545,47.54545454545455,2,0.1667
14713.0,0,4,27,16,3954.54,247.16,132.58,179,545,34.53333333333333,4,0.25
13154.0,1,0,208,3,1624.84,541.61,179.98,78,544,168.0,1,0.3333
16335.0,1,0,360,7,2774.0,396.29,178.37,193,544,30.666666666666668,1,0.1429
13666.0,0,1,96,4,107.3,26.83,11.36,15,544,149.33333333333334,0,0.0
16891.0,0,3,180,7,1479.38,211.34,130.37,245,544,60.666666666666664,0,0.0
16699.0,1,0,189,7,994.6,142.09,94.15,51,544,59.166666666666664,1,0.1429
16451.0,0,1,370,2,746.18,373.09,92.55,50,544,174.0,1,0.5
15684.0,1,0,356,3,173.95,57.98,49.83,9,544,94.0,3,1.0
15240.0,0,3,50,9,3382.51,375.83,101.84,100,543,61.625,8,0.8889
15057.0,1,0,84,5,3255.96,651.19,356.06,62,543,114.75,1,0.2
17642.0,0,2,238,3,1112.2,370.73,91.27,58,543,152.5,0,0.0
15059.0,0,5,24,14,2754.87,196.78,71.83,249,542,39.84615384615385,7,0.5
13782.0,0,4,43,9,1243.02,138.11,43.64,141,542,62.375,1,0.1111
16718.0,1,0,178,5,3647.53,729.51,300.69,123,542,91.0,0,0.0
14479.0,1,0,62,4,1299.11,324.78,131.0,127,542,160.0,0,0.0
14123.0,1,0,542,1,436.18,436.18,,24,542,,0,0.0
16436.0,1,0,477,3,329.34,109.78,74.52,37,542,32.5,1,0.3333
18077.0,0,6,35,11,2584.93,234.99,93.2,95,541,50.6,0,0.0
14307.0,0,3,28,7,3770.29,538.61,466.48,150,541,85.5,1,0.1429
14590.0,1,0,233,20,3006.62,150.33,60.87,124,541,16.210526315789473,8,0.4
13393.0,1,0,392,4,1131.45,282.86,210.39,53,541,49.666666666666664,2,0.5
16400.0,0,1,204,8,2855.51,356.94,114.5,187,540,48.0,0,0.0
17978.0,1,0,174,4,1461.76,365.44,256.08,62,540,122.0,0,0.0
15031.0,0,2,91,11,2639.27,239.93,113.43,205,540,44.9,2,0.1818
15633.0,1,0,318,13,4352.46,334.8,130.48,77,540,18.5,5,0.3846
14732.0,0,4,29,14,3795.06,271.08,133.02,112,539,39.23076923076923,3,0.2143
14171.0,0,1,539,1,135.0,135.0,,6,539,,0,0.0
16933.0,1,0,48,8,2842.75,355.34,180.22,193,539,70.14285714285714,6,0.75
15841.0,0,2,27,7,2131.61,304.52,64.75,47,538,85.16666666666667,1,0.1429
14942.0,1,0,210,4,746.56,186.64,91.77,12,538,109.33333333333333,1,0.25
16293.0,0,6,16,9,3538.7,393.19,216.67,130,537,65.125,2,0.2222
15197.0,1,0,61,5,1571.15,314.23,172.91,35,537,119.0,3,0.6
13415.0,1,0,281,4,800.67,200.17,193.21,85,537,85.33333333333333,1,0.25
15144.0,0,11,26,17,7274.89,427.93,321.6,121,535,31.8125,4,0.2353
12843.0,0,5,22,25,5513.21,220.53,265.33,105,535,21.375,3,0.12
16127.0,0,1,535,1,145.06,145.06,,35,535,,0,0.0
17066.0,1,0,535,1,228.34,228.34,,17,535,,0,0.0
17290.0,0,1,190,6,976.2,162.7,150.81,96,535,69.0,0,0.0
15562.0,1,0,160,3,673.38,224.46,119.84,32,535,187.5,0,0.0
14466.0,0,4,89,9,3410.15,378.91,228.21,73,535,55.75,0,0.0
14977.0,1,0,534,1,31.93,31.93,,4,534,,0,0.0
17825.0,1,0,407,4,731.96,182.99,147.88,24,534,42.333333333333336,0,0.0
12920.0,0,1,380,3,323.86,107.95,69.36,32,534,77.0,0,0.0
16713.0,0,7,44,25,10249.19,409.97,307.55,410,533,20.375,7,0.28
12941.0,1,0,533,1,377.49,377.49,,27,533,,0,0.0
15070.0,1,0,181,3,843.25,281.08,60.22,26,533,176.0,0,0.0
16308.0,0,2,26,5,3520.0,704.0,267.73,1,533,126.75,0,0.0
15713.0,0,1,175,3,825.24,275.08,58.26,39,532,178.5,2,0.6667
16366.0,0,1,391,3,1220.83,406.94,226.28,57,532,70.5,0,0.0
15499.0,1,0,532,1,161.6,161.6,,40,532,,0,0.0
18012.0,1,0,532,1,115.3,115.3,,13,532,,0,0.0
13403.0,0,1,196,2,154.5,77.25,1.91,6,532,336.0,0,0.0
17833.0,1,0,532,1,342.36,342.36,,28,532,,0,0.0
15222.0,1,0,127,11,3550.91,322.81,141.08,98,532,40.5,6,0.5455
14329.0,0,5,82,10,7037.98,703.8,384.57,265,532,50.0,9,0.9
16888.0,1,0,209,3,437.15,145.72,47.11,44,510,150.5,0,0.0
16057.0,0,4,20,6,2651.27,441.88,274.36,128,510,98.0,6,1.0
15827.0,0,5,24,23,2869.67,124.77,68.91,90,509,22.045454545454547,12,0.5217
16027.0,0,3,27,12,1630.41,135.87,92.75,14,509,43.81818181818182,3,0.25
17113.0,1,0,383,6,2322.59,387.1,286.7,122,506,24.6,2,0.3333
17139.0,0,8,19,17,13621.89,801.29,671.24,348,506,30.4375,2,0.1176
15747.0,0,3,184,6,1588.57,264.76,98.18,78,499,63.0,1,0.1667
17048.0,0,1,91,6,1906.73,317.79,143.56,83,499,81.6,3,0.5
17220.0,0,9,15,12,2748.28,229.02,110.2,277,497,43.81818181818182,0,0.0
13650.0,0,4,16,6,2197.18,366.2,186.39,84,491,95.0,6,1.0
15950.0,0,3,168,7,5844.02,834.86,281.82,194,491,53.833333333333336,2,0.2857
15845.0,0,5,19,6,2251.67,375.28,285.77,77,491,94.4,2,0.3333
15766.0,0,1,265,2,516.0,258.0,79.76,15,491,226.0,1,0.5
16051.0,1,0,490,1,188.44,188.44,,12,490,,0,0.0
18016.0,0,3,124,4,801.65,200.41,53.63,68,490,122.0,0,0.0
15588.0,1,0,486,1,579.6,579.6,,4,486,,0,0.0
15338.0,1,0,486,1,283.43,283.43,,56,486,,0,0.0
15317.0,1,0,486,1,129.75,129.75,,5,486,,1,1.0
13511.0,1,0,485,1,282.76,282.76,,5,485,,1,1.0
13584.0,1,0,115,3,392.45,130.82,124.13,74,484,184.5,2,0.6667
16225.0,0,3,86,12,2187.7,182.31,93.63,149,479,35.72727272727273,3,0.25
16078.0,1,0,92,2,362.99,181.5,144.67,39,478,386.0,0,0.0
13293.0,1,0,201,6,1192.94,198.82,129.74,51,477,55.2,1,0.1667
13985.0,0,12,23,9,3601.53,400.17,123.73,85,477,56.75,1,0.1111
16577.0,1,0,475,1,380.0,380.0,,23,475,,0,0.0
15504.0,0,1,329,3,371.02,123.67,53.99,33,474,72.5,1,0.3333
13875.0,0,3,66,11,3711.26,337.39,81.08,126,531,46.5,0,0.0
17103.0,1,0,531,1,424.3,424.3,,32,531,,0,0.0
15270.0,0,3,47,18,7459.12,414.4,139.94,65,531,28.470588235294116,9,0.5
16772.0,1,0,232,3,3723.55,1241.18,429.5,54,530,149.0,2,0.6667
16222.0,1,0,127,2,1345.22,672.61,246.23,133,530,403.0,0,0.0
14949.0,1,0,278,4,515.0,128.75,40.73,16,530,84.0,2,0.5
17324.0,0,2,140,10,2013.87,201.39,154.7,85,530,43.333333333333336,1,0.1
14480.0,1,0,211,3,1020.47,340.16,34.74,43,527,158.0,1,0.3333
14151.0,1,0,482,2,679.45,339.73,17.43,44,525,43.0,1,0.5
16875.0,0,2,105,9,2944.09,327.12,202.42,115,512,50.875,7,0.7778
13901.0,0,3,65,12,3457.44,288.12,189.51,178,512,40.63636363636363,5,0.4167
18171.0,0,3,47,6,1670.59,278.43,48.74,58,512,93.0,1,0.1667
13338.0,0,1,350,3,1958.6,652.87,175.84,101,512,81.0,4,1.3333
17945.0,1,0,505,3,360.35,120.12,17.88,66,505,0.0,0,0.0
17352.0,1,0,505,1,36.25,36.25,,5,505,,0,0.0
16585.0,1,0,402,2,341.59,170.8,115.22,16,504,102.0,0,0.0
17496.0,1,0,167,4,1412.89,353.22,57.92,54,503,112.0,1,0.25
13233.0,0,1,145,3,875.58,291.86,11.81,49,503,179.0,0,0.0
15359.0,1,0,471,8,181.35,22.67,17.49,10,502,4.428571428571429,1,0.125
18106.0,1,0,138,6,1461.46,243.58,154.05,126,502,72.8,0,0.0
12860.0,1,0,502,1,55.47,55.47,,16,502,,0,0.0
13869.0,0,1,71,9,6591.58,732.4,332.69,425,500,53.625,0,0.0
13616.0,1,0,377,2,288.1,144.05,54.02,31,500,123.0,0,0.0
14854.0,0,4,36,7,2754.36,393.48,159.52,110,495,76.5,2,0.2857
17618.0,1,0,57,10,3768.44,376.84,125.33,196,493,48.44444444444444,2,0.2
13209.0,0,5,36,8,4980.34,622.54,658.49,170,493,65.28571428571429,2,0.25
14986.0,1,0,185,2,566.9,283.45,56.47,87,493,308.0,0,0.0
18199.0,1,0,492,1,344.75,344.75,,20,492,,1,1.0
17695.0,0,2,203,3,980.7,326.9,29.83,20,489,143.0,1,0.3333
13820.0,1,0,227,3,660.65,220.22,55.0,68,489,131.0,2,0.6667
13615.0,1,0,127,8,6272.53,784.07,491.35,259,489,51.714285714285715,4,0.5
15192.0,0,2,174,3,1252.07,417.36,184.15,40,488,157.0,0,0.0
13480.0,1,0,225,2,627.82,313.91,254.6,40,488,263.0,0,0.0
15251.0,0,8,19,12,13935.27,1161.27,927.12,137,488,42.63636363636363,7,0.5833
16673.0,1,0,488,1,188.83,188.83,,19,488,,0,0.0
17876.0,1,0,208,3,3424.02,1141.34,575.64,3,484,138.0,0,0.0
13975.0,0,4,24,8,3794.17,474.27,233.25,345,484,65.71428571428571,2,0.25
15321.0,0,2,100,10,5120.89,512.09,369.12,206,483,42.55555555555556,5,0.5
14399.0,1,0,203,8,2113.16,264.15,92.51,119,483,40.0,1,0.125
18101.0,0,1,183,3,405.51,135.17,22.78,62,483,150.0,0,0.0
13619.0,1,0,353,2,231.69,115.85,18.53,39,483,130.0,0,0.0
14545.0,1,0,483,1,349.25,349.25,,23,483,,0,0.0
15365.0,0,6,124,7,2451.42,350.2,376.17,87,482,59.666666666666664,0,0.0
15580.0,1,0,185,8,1381.19,172.65,106.76,150,479,42.0,6,0.75
13421.0,0,1,99,7,3077.08,439.58,261.15,157,472,62.166666666666664,3,0.4286
14909.0,1,0,246,3,1404.68,468.23,247.86,61,472,113.0,2,0.6667
16330.0,0,3,233,4,382.42,95.6,114.65,71,471,79.33333333333333,0,0.0
16544.0,1,0,328,4,376.7,94.18,59.53,8,471,47.666666666666664,2,0.5
16860.0,1,0,261,3,1610.62,536.87,116.71,35,471,105.0,1,0.3333
17442.0,0,4,29,11,3186.57,289.69,163.43,145,471,44.2,6,0.5455
14989.0,1,0,470,1,342.4,342.4,,18,470,,0,0.0
16774.0,0,4,232,4,932.93,233.23,90.47,60,470,79.33333333333333,0,0.0
14276.0,0,2,98,5,1324.14,264.83,140.22,50,469,92.75,5,1.0
17426.0,0,3,91,8,4234.39,529.3,390.72,151,469,54.0,3,0.375
12898.0,1,0,272,2,310.96,155.48,4.02,27,468,196.0,0,0.0
17763.0,1,0,72,4,86.15,21.54,9.09,11,468,132.0,1,0.25
18153.0,1,0,468,1,246.22,246.22,,17,468,,0,0.0
14686.0,1,0,223,5,885.83,177.17,118.66,185,468,61.25,1,0.2
13957.0,1,0,226,3,458.25,152.75,48.34,21,467,120.5,0,0.0
13662.0,0,1,21,10,1885.29,188.53,104.73,109,467,49.55555555555556,4,0.4
12945.0,1,0,97,2,900.11,450.06,18.24,47,465,368.0,0,0.0
15673.0,0,2,23,7,5319.5,759.93,280.64,147,464,73.5,1,0.1429
17358.0,1,0,112,5,866.05,173.21,75.09,126,462,87.5,0,0.0
13240.0,0,2,66,6,1517.28,252.88,217.5,147,461,79.0,1,0.1667
14770.0,1,0,41,8,3637.64,454.71,247.83,152,461,60.0,1,0.125
17011.0,0,1,456,2,400.8,200.4,186.85,12,460,4.0,1,0.5
13598.0,0,1,304,4,609.42,152.35,100.2,46,460,52.0,0,0.0
14177.0,0,4,190,9,1669.93,185.55,207.49,118,460,33.75,0,0.0
16913.0,1,0,99,3,423.91,141.3,95.54,18,460,180.5,0,0.0
15477.0,1,0,458,1,368.4,368.4,,2,458,,0,0.0
14807.0,1,0,199,2,519.29,259.65,127.27,37,458,259.0,0,0.0
18046.0,1,0,458,1,189.63,189.63,,26,458,,0,0.0
15990.0,0,1,96,6,1619.31,269.89,105.19,95,458,72.4,0,0.0
16939.0,1,0,297,3,449.0,149.67,24.98,38,458,80.5,0,0.0
16283.0,0,3,17,4,3110.82,777.7,445.97,312,458,147.0,2,0.5
14798.0,0,2,119,6,626.25,104.38,57.75,26,457,67.6,1,0.1667
17359.0,1,0,457,1,156.6,156.6,,23,457,,0,0.0
14818.0,0,2,62,4,630.86,157.71,82.77,62,456,131.33333333333334,0,0.0
16947.0,1,0,44,5,955.21,191.04,245.88,50,455,102.75,5,1.0
18148.0,1,0,455,1,114.1,114.1,,9,455,,0,0.0
14018.0,1,0,454,1,367.15,367.15,,13,454,,0,0.0
17190.0,0,1,16,6,1493.3,248.88,99.33,144,453,87.4,0,0.0
14205.0,0,1,73,8,2170.4,271.3,63.39,70,451,54.0,2,0.25
17158.0,0,1,41,4,1411.58,352.9,70.97,61,451,136.66666666666666,1,0.25
17289.0,0,3,185,6,1134.98,189.16,91.43,130,450,53.0,1,0.1667
13454.0,1,0,450,1,219.87,219.87,,23,450,,0,0.0
17266.0,0,1,308,2,207.09,103.55,18.58,43,449,141.0,0,0.0
14924.0,1,0,54,3,931.01,310.34,0.42,30,448,197.0,0,0.0
14060.0,0,8,14,21,6335.76,301.7,236.75,72,447,21.65,1,0.0476
14745.0,0,4,94,8,1592.15,199.02,137.94,43,446,50.285714285714285,5,0.625
17228.0,0,4,16,9,1958.73,217.64,85.99,132,446,53.75,0,0.0
14315.0,0,5,75,3,1247.09,415.7,99.59,46,443,184.0,1,0.3333
17479.0,1,0,441,1,389.26,389.26,,18,441,,0,0.0
13275.0,1,0,192,2,241.66,120.83,83.91,48,441,249.0,0,0.0
14651.0,0,1,20,8,1795.84,224.48,115.21,185,440,60.0,0,0.0
16303.0,0,2,142,5,3394.82,678.96,108.95,82,440,74.5,1,0.2
16716.0,1,0,75,3,2149.68,716.56,541.06,7,439,182.0,1,0.3333
17673.0,0,3,75,9,3384.52,376.06,142.6,176,439,45.5,1,0.1111
18085.0,1,0,139,4,1645.75,411.44,144.74,42,437,99.33333333333333,0,0.0
16039.0,1,0,232,2,456.4,228.2,119.81,27,437,205.0,1,0.5
13151.0,1,0,104,3,2580.74,860.25,498.13,131,436,166.0,2,0.6667
16441.0,0,1,100,4,864.23,216.06,85.76,60,436,112.0,1,0.25
13706.0,1,0,111,2,631.17,315.58,21.5,38,435,324.0,0,0.0
12918.0,1,0,435,1,10953.5,10953.5,,1,435,,2,2.0
14729.0,1,0,182,3,907.38,302.46,311.85,126,434,126.0,0,0.0
15447.0,1,0,139,5,492.88,98.58,36.04,27,434,73.75,1,0.2
13285.0,0,2,35,4,1828.74,457.18,163.53,112,433,132.66666666666666,0,0.0
14013.0,0,2,84,3,730.05,243.35,170.3,35,432,174.0,1,0.3333
15789.0,1,0,167,6,1962.01,327.0,145.07,110,432,53.0,1,0.1667
16493.0,0,2,94,5,1148.26,229.65,138.83,54,432,84.5,0,0.0
14074.0,1,0,432,1,219.4,219.4,,6,432,,0,0.0
16807.0,0,1,24,5,1654.12,330.82,49.14,94,432,102.0,2,0.4
15289.0,0,2,58,3,1028.76,342.92,116.42,45,430,186.0,1,0.3333
14378.0,1,0,430,1,131.25,131.25,,9,430,,0,0.0
17994.0,0,2,82,9,1963.98,218.22,166.49,212,429,43.375,2,0.2222
15216.0,0,1,427,1,389.49,389.49,,22,427,,0,0.0
13803.0,1,0,64,3,1338.91,446.3,175.97,73,427,181.5,1,0.3333
13059.0,1,0,58,10,2303.17,230.32,132.13,155,427,41.0,2,0.2
16845.0,1,0,427,1,253.88,253.88,,20,427,,0,0.0
16377.0,1,0,76,2,1308.48,654.24,31.06,6,426,350.0,0,0.0
13939.0,0,2,120,5,1176.91,235.38,171.93,62,421,75.25,3,0.6
13710.0,0,1,232,2,329.04,164.52,89.77,7,421,189.0,0,0.0
13432.0,1,0,380,2,439.1,219.55,126.22,98,421,41.0,0,0.0
13632.0,0,3,42,5,2139.91,427.98,151.76,110,420,94.5,1,0.2
17497.0,1,0,199,2,287.25,143.63,86.23,7,419,220.0,0,0.0
14533.0,0,6,161,5,1950.15,390.03,76.32,32,419,64.5,2,0.4
15613.0,1,0,419,1,433.72,433.72,,27,419,,0,0.0
14114.0,1,0,82,7,1364.09,194.87,68.96,72,415,55.5,0,0.0
15982.0,1,0,414,1,324.51,324.51,,45,414,,0,0.0
14998.0,0,1,50,3,524.5,174.83,57.45,85,414,182.0,0,0.0
17039.0,1,0,413,1,1954.99,1954.99,,44,413,,0,0.0
16105.0,1,0,57,5,2386.19,477.24,139.4,92,413,89.0,0,0.0
13388.0,0,2,412,1,508.55,508.55,,34,412,,0,0.0
13414.0,0,2,105,4,1493.64,373.41,149.17,27,412,102.33333333333333,1,0.25
16094.0,0,2,28,8,2869.43,358.68,80.3,81,411,54.714285714285715,8,1.0
17842.0,1,0,411,1,430.69,430.69,,18,411,,0,0.0
15972.0,1,0,265,5,1810.27,362.05,222.92,104,409,36.0,0,0.0
17041.0,0,2,169,4,909.21,227.3,164.79,58,409,80.0,1,0.25
13286.0,1,0,409,1,734.91,734.91,,46,409,,0,0.0
17540.0,0,1,125,5,1280.5,256.1,132.49,35,408,70.75,0,0.0
14812.0,1,0,407,1,185.8,185.8,,36,407,,0,0.0
17622.0,1,0,406,2,1130.21,565.1,242.93,19,407,1.0,1,0.5
15455.0,1,0,406,1,38.25,38.25,,2,406,,0,0.0
13461.0,0,3,216,3,2715.0,905.0,890.1,25,406,95.0,2,0.6667
15600.0,1,0,237,4,1199.31,299.83,83.84,55,402,55.0,1,0.25
12844.0,0,2,251,2,322.64,161.32,54.15,43,402,151.0,0,0.0
13863.0,1,0,56,4,1239.55,309.89,11.93,59,402,115.33333333333333,2,0.5
14999.0,1,0,401,1,129.48,129.48,,9,401,,0,0.0
15111.0,0,2,181,3,1451.89,483.96,170.83,60,401,110.0,0,0.0
14552.0,0,1,189,2,346.21,173.1,0.87,80,401,212.0,0,0.0
17959.0,1,0,401,1,140.75,140.75,,2,401,,0,0.0
13655.0,0,1,50,5,1731.19,346.24,185.5,73,400,87.5,2,0.4
16117.0,0,1,211,2,422.19,211.1,109.74,46,400,189.0,1,0.5
17635.0,1,0,233,3,1265.58,421.86,112.99,60,399,83.0,1,0.3333
17491.0,0,6,69,10,3612.06,361.21,184.6,70,399,36.666666666666664,0,0.0
16384.0,0,1,72,3,1183.55,394.52,68.65,71,399,163.5,0,0.0
15253.0,0,5,212,3,1136.89,378.96,141.44,58,395,91.5,3,1.0
15183.0,1,0,356,3,639.93,213.31,76.01,33,393,18.5,1,0.3333
16526.0,0,1,393,1,426.85,426.85,,20,393,,0,0.0
14437.0,1,0,174,5,958.84,191.77,105.61,34,392,54.5,1,0.2
13713.0,1,0,217,3,743.26,247.75,94.27,70,392,87.5,0,0.0
13400.0,1,0,391,1,310.83,310.83,,23,391,,1,1.0
16632.0,1,0,294,2,406.4,203.2,1.7,22,390,96.0,0,0.0
15661.0,1,0,126,8,1215.95,151.99,78.07,27,387,37.285714285714285,0,0.0
17077.0,1,0,387,1,306.0,306.0,,1,387,,0,0.0
13695.0,0,11,22,5,552.08,110.42,87.94,14,386,91.0,0,0.0
16993.0,1,0,272,2,1950.95,975.48,361.58,19,385,113.0,1,0.5
13220.0,0,2,28,3,1076.49,358.83,239.39,43,384,178.0,0,0.0
18197.0,1,0,384,1,230.1,230.1,,9,384,,1,1.0
12745.0,1,0,295,2,723.85,361.92,134.34,20,383,88.0,0,0.0
14283.0,1,0,272,4,628.44,157.11,56.83,36,378,35.333333333333336,0,0.0
16564.0,1,0,378,1,87.8,87.8,,5,378,,0,0.0
16604.0,1,0,371,2,432.45,216.23,127.95,10,377,6.0,1,0.5
17785.0,0,1,254,2,271.44,135.72,28.95,38,374,120.0,0,0.0
18060.0,1,0,217,2,1185.46,592.73,181.49,74,373,156.0,0,0.0
16974.0,1,0,331,2,365.5,182.75,132.23,5,373,42.0,0,0.0
15900.0,0,1,222,3,549.29,183.1,84.87,68,371,74.5,1,0.3333
13920.0,1,0,240,4,1774.68,443.67,107.74,81,371,43.666666666666664,1,0.25
17499.0,1,0,98,2,1341.39,670.7,67.62,66,370,272.0,1,0.5
16234.0,1,0,285,3,333.18,111.06,22.99,13,370,42.5,1,0.3333
15985.0,0,1,45,6,2472.44,412.07,287.27,48,370,65.0,0,0.0
16218.0,0,3,15,10,3084.05,308.41,337.35,68,370,39.44444444444444,5,0.5
15400.0,0,4,87,4,932.2,233.05,105.87,13,369,94.0,0,0.0
13602.0,0,1,190,3,596.28,198.76,79.91,29,369,89.5,0,0.0
16035.0,1,0,369,1,217.73,217.73,,21,369,,0,0.0
14902.0,0,1,204,2,702.96,351.48,66.35,34,362,158.0,1,0.5
15471.0,1,0,189,2,847.08,423.54,218.2,67,359,170.0,0,0.0
18100.0,1,0,359,1,451.56,451.56,,30,359,,0,0.0
14180.0,0,9,14,23,4855.2,211.1,114.02,108,357,15.590909090909092,9,0.3913
13065.0,1,0,182,5,1260.91,252.18,90.53,49,356,43.5,1,0.2
15207.0,1,0,225,3,683.92,227.97,195.26,19,356,65.5,2,0.6667
16547.0,1,0,355,1,111.71,111.71,,25,355,,0,0.0
17749.0,0,1,65,2,720.67,360.34,12.27,41,355,290.0,0,0.0
14255.0,1,0,355,1,1000.63,1000.63,,1,355,,3,3.0
13745.0,0,1,355,1,477.32,477.32,,31,355,,1,1.0
16622.0,1,0,352,1,225.4,225.4,,12,352,,1,1.0
16007.0,0,3,24,4,1742.95,435.74,90.92,230,352,109.33333333333333,0,0.0
13277.0,0,4,189,3,264.9,88.3,72.66,7,348,79.5,0,0.0
16155.0,1,0,190,5,796.9,159.38,76.34,45,348,39.5,1,0.2
14919.0,1,0,348,1,359.35,359.35,,13,348,,0,0.0
16503.0,0,1,23,10,3275.8,327.58,67.61,157,345,35.77777777777778,2,0.2
14874.0,1,0,344,1,116.18,116.18,,6,344,,0,0.0
16680.0,0,1,337,2,637.75,318.88,313.07,16,343,6.0,0,0.0
16825.0,0,2,187,3,1051.71,350.57,12.46,32,343,78.0,0,0.0
15043.0,0,1,272,5,2336.8,467.36,103.39,39,342,17.5,0,0.0
16733.0,1,0,338,1,259.68,259.68,,12,338,,0,0.0
17437.0,1,0,338,1,373.17,373.17,,52,338,,0,0.0
13859.0,1,0,135,2,515.86,257.93,80.28,34,338,203.0,0,0.0
18137.0,1,0,360,2,145.99,73.0,91.35,26,360,0.0,0,0.0
14615.0,1,0,203,5,951.76,190.35,119.67,40,357,38.5,1,0.2
14398.0,1,0,210,2,707.79,353.9,130.95,50,336,126.0,0,0.0
17239.0,1,0,121,4,1189.45,297.36,82.96,18,335,71.33333333333333,2,0.5
13292.0,0,1,93,4,665.14,166.28,79.53,41,335,80.66666666666667,1,0.25
18217.0,0,2,322,2,323.29,161.65,196.85,7,335,13.0,2,1.0
14963.0,0,4,188,7,1676.68,239.53,72.68,193,334,24.333333333333332,1,0.1429
17901.0,0,1,330,2,149.7,74.85,63.43,3,330,0.0,0,0.0
15127.0,0,1,328,1,304.97,304.97,,12,328,,0,0.0
16049.0,0,3,184,3,787.89,262.63,100.78,175,325,70.5,0,0.0
14248.0,1,0,127,3,1032.95,344.32,64.32,41,324,98.5,0,0.0
17968.0,1,0,182,4,888.04,222.01,236.04,106,321,46.333333333333336,0,0.0
17470.0,0,2,26,9,2302.91,255.88,88.41,89,317,36.375,0,0.0
16555.0,0,2,314,4,1629.79,407.45,95.0,46,314,0.0,4,1.0
14236.0,0,1,181,4,1443.08,360.77,135.22,29,314,44.333333333333336,2,0.5
15431.0,1,0,311,1,153.24,153.24,,2,311,,0,0.0
14435.0,1,0,310,1,90.42,90.42,,3,310,,0,0.0
13161.0,1,0,122,2,478.88,239.44,179.17,30,309,187.0,0,0.0
15284.0,1,0,309,1,24.75,24.75,,1,309,,0,0.0
13435.0,0,6,185,2,665.34,332.67,12.47,40,309,124.0,0,0.0
17122.0,0,1,197,3,432.18,144.06,85.32,19,308,55.5,0,0.0
13474.0,1,0,45,3,663.79,221.26,148.13,116,304,129.5,0,0.0
16316.0,0,3,15,10,4635.11,463.51,318.01,172,302,31.88888888888889,4,0.4
14521.0,1,0,300,1,199.45,199.45,,17,300,,1,1.0
14575.0,1,0,297,1,460.71,460.71,,71,297,,0,0.0
16221.0,0,1,84,8,1686.02,210.75,81.44,117,295,30.142857142857142,1,0.125
13839.0,1,0,295,1,139.95,139.95,,7,295,,0,0.0
13717.0,0,4,49,4,888.88,222.22,75.51,54,294,81.66666666666667,3,0.75
14550.0,0,1,197,2,587.69,293.85,6.13,46,292,95.0,0,0.0
16345.0,0,1,292,1,623.33,623.33,,68,292,,0,0.0
17248.0,0,1,290,1,227.51,227.51,,34,290,,0,0.0
15072.0,1,0,288,1,187.52,187.52,,13,288,,0,0.0
13320.0,0,2,22,4,1188.01,297.0,77.6,62,287,88.33333333333333,2,0.5
16638.0,0,4,66,11,1961.25,178.3,141.16,99,287,22.1,1,0.0909
15764.0,0,5,85,3,2344.04,781.35,388.17,115,287,101.0,2,0.6667
14321.0,0,3,142,3,1014.13,338.04,34.85,84,282,70.0,1,0.3333
16314.0,1,0,198,3,1491.4,497.13,149.38,58,281,41.5,0,0.0
14229.0,0,1,100,6,1808.97,301.5,150.51,37,280,36.0,4,0.6667
13548.0,0,1,52,2,507.59,253.79,38.49,117,280,228.0,0,0.0
14787.0,1,0,280,1,110.65,110.65,,14,280,,0,0.0
13922.0,1,0,160,3,865.2,288.4,126.51,30,276,58.0,2,0.6667
14885.0,0,1,236,2,832.8,416.4,247.77,16,274,38.0,1,0.5
17126.0,0,3,108,6,1580.96,263.49,86.19,221,274,33.2,1,0.1667
16289.0,1,0,271,1,136.31,136.31,,21,271,,1,1.0
13506.0,1,0,125,5,1639.2,327.84,183.69,55,269,36.0,3,0.6
12777.0,1,0,266,1,519.45,519.45,,26,266,,0,0.0
17456.0,1,0,174,2,1225.42,612.71,159.79,59,265,91.0,0,0.0
17762.0,1,0,265,1,129.75,129.75,,16,265,,0,0.0
15992.0,1,0,205,2,854.61,427.31,150.69,51,262,57.0,0,0.0
17383.0,1,0,262,1,110.7,110.7,,2,262,,0,0.0
15966.0,1,0,259,1,426.53,426.53,,27,259,,1,1.0
17403.0,0,1,259,1,118.95,118.95,,13,259,,0,0.0
16080.0,0,1,83,3,515.66,171.89,119.52,24,259,88.0,2,0.6667
13374.0,1,0,223,2,422.8,211.4,124.73,17,258,35.0,0,0.0
15876.0,1,0,218,2,1449.14,724.57,8.81,11,257,39.0,0,0.0
15519.0,1,0,192,2,344.61,172.31,35.63,34,255,63.0,0,0.0
12850.0,1,0,254,1,330.0,330.0,,2,254,,0,0.0
14668.0,1,0,254,1,111.63,111.63,,10,254,,0,0.0
17834.0,1,0,223,2,730.47,365.24,67.1,54,254,31.0,0,0.0
16465.0,1,0,229,2,746.24,373.12,118.12,45,253,24.0,1,0.5
14716.0,0,2,253,1,235.77,235.77,,44,253,,0,0.0
14761.0,0,1,143,2,289.52,144.76,66.84,20,253,110.0,0,0.0
18107.0,1,0,251,1,167.13,167.13,,38,251,,0,0.0
15476.0,1,0,189,4,2209.98,552.5,649.83,67,251,20.666666666666668,1,0.25
16531.0,0,4,103,7,1538.57,219.8,109.34,80,250,24.5,1,0.1429
14875.0,0,1,71,2,1759.08,879.54,731.91,47,250,179.0,2,1.0
15469.0,0,2,247,1,335.7,335.7,,19,247,,1,1.0
15616.0,1,0,247,1,317.11,317.11,,13,247,,0,0.0
13754.0,0,1,126,2,320.45,160.23,5.98,16,246,120.0,0,0.0
16783.0,1,0,245,1,391.95,391.95,,25,245,,0,0.0
13105.0,1,0,245,1,72.0,72.0,,1,245,,0,0.0
16490.0,1,0,245,1,205.41,205.41,,13,245,,1,1.0
13966.0,1,0,244,1,390.86,390.86,,21,244,,0,0.0
16214.0,0,1,61,3,1725.17,575.06,385.4,78,244,91.5,0,0.0
13763.0,0,1,226,2,3502.48,1751.24,2043.88,35,244,18.0,1,0.5
14303.0,1,0,216,2,277.94,138.97,33.42,21,243,27.0,0,0.0
17022.0,0,1,241,1,189.0,189.0,,9,241,,0,0.0
13642.0,1,0,24,4,514.72,128.68,158.05,93,241,72.33333333333333,1,0.25
13245.0,0,1,241,1,558.72,558.72,,29,241,,0,0.0
14579.0,1,0,241,1,105.56,105.56,,24,241,,0,0.0
13144.0,1,0,141,2,135.35,67.68,61.2,6,240,99.0,0,0.0
15778.0,1,0,240,1,307.95,307.95,,17,240,,0,0.0
13306.0,1,0,239,1,53.65,53.65,,4,239,,0,0.0
15934.0,1,0,226,2,2190.66,1095.33,728.93,29,238,12.0,0,0.0
17429.0,0,2,27,3,1019.4,339.8,173.93,67,238,105.5,1,0.3333
13818.0,1,0,238,1,61.28,61.28,,5,238,,0,0.0
15973.0,1,0,175,3,988.44,329.48,301.32,8,238,31.5,2,0.6667
16149.0,0,1,238,1,141.7,141.7,,12,238,,0,0.0
17525.0,1,0,168,3,1161.9,387.3,69.79,19,237,34.5,0,0.0
13569.0,0,1,176,3,638.35,212.78,42.94,103,237,30.5,0,0.0
15598.0,0,1,236,1,307.34,307.34,,22,236,,0,0.0
15038.0,0,3,24,6,1005.73,167.62,96.83,155,234,42.0,0,0.0
17111.0,0,1,234,1,227.97,227.97,,19,234,,0,0.0
15948.0,0,1,233,1,553.85,553.85,,35,233,,0,0.0
17273.0,1,0,233,1,141.12,141.12,,12,233,,0,0.0
13912.0,1,0,232,1,124.95,124.95,,7,232,,0,0.0
17094.0,1,0,131,2,402.2,201.1,142.69,18,232,101.0,1,0.5
13792.0,0,1,96,2,263.0,131.5,80.47,14,231,135.0,0,0.0
15356.0,0,5,27,8,1900.26,237.53,68.68,232,231,29.142857142857142,0,0.0
17817.0,1,0,86,5,689.87,137.97,51.19,97,231,36.25,1,0.2
17751.0,1,0,230,1,157.86,157.86,,31,230,,0,0.0
17390.0,1,0,229,1,149.3,149.3,,12,229,,0,0.0
15957.0,0,1,229,2,501.21,250.61,20.73,88,229,0.0,0,0.0
16381.0,1,0,204,2,258.7,129.35,121.41,60,227,23.0,0,0.0
15799.0,0,2,143,2,860.37,430.19,155.51,76,227,84.0,0,0.0
16996.0,0,2,54,7,1367.53,195.36,135.12,30,226,28.666666666666668,3,0.4286
15710.0,1,0,226,1,898.87,898.87,,110,226,,0,0.0
15647.0,1,0,224,1,169.0,169.0,,11,224,,0,0.0
17038.0,0,1,224,1,630.77,630.77,,41,224,,0,0.0
17483.0,0,3,223,1,177.69,177.69,,7,223,,0,0.0
13936.0,0,1,191,2,563.08,281.54,179.1,31,223,32.0,0,0.0
18243.0,1,0,223,1,515.78,515.78,,26,223,,0,0.0
14945.0,1,0,222,1,179.4,179.4,,11,222,,0,0.0
13241.0,1,0,220,1,115.58,115.58,,40,220,,0,0.0
16024.0,0,1,220,2,232.96,116.48,116.74,21,220,0.0,0,0.0
18110.0,0,1,220,1,199.13,199.13,,29,220,,0,0.0
15065.0,0,2,36,3,1575.13,525.04,316.52,79,219,91.5,2,0.6667
16863.0,0,1,175,2,659.97,329.99,2.1,27,218,43.0,1,0.5
14278.0,1,0,218,1,205.83,205.83,,13,218,,0,0.0
13906.0,1,0,218,1,42.0,42.0,,1,218,,0,0.0
16433.0,0,1,217,1,200.26,200.26,,17,217,,0,0.0
13547.0,1,0,217,1,175.53,175.53,,44,217,,0,0.0
13282.0,0,2,29,2,525.75,262.88,115.72,27,215,186.0,1,0.5
13500.0,0,3,210,1,299.53,299.53,,20,210,,0,0.0
13686.0,0,1,189,2,337.04,168.52,80.5,23,210,21.0,0,0.0
13987.0,1,0,188,2,682.54,341.27,51.18,46,209,21.0,0,0.0
13833.0,0,1,213,1,316.56,316.56,,16,213,,0,0.0
17951.0,0,1,167,3,1037.04,345.68,238.79,15,213,23.0,1,0.3333
13535.0,1,0,211,1,89.5,89.5,,1,211,,0,0.0
13937.0,0,1,211,1,721.28,721.28,,45,211,,1,1.0
13251.0,1,0,211,1,252.68,252.68,,25,211,,0,0.0
13453.0,0,1,98,2,609.71,304.86,169.5,28,211,113.0,2,1.0
13258.0,0,1,14,3,561.22,187.07,45.69,14,209,97.5,0,0.0
15996.0,0,3,72,4,1281.49,320.37,159.81,104,206,44.666666666666664,0,0.0
12892.0,1,0,205,1,263.38,263.38,,18,205,,0,0.0
17423.0,0,1,26,2,869.96,434.98,20.42,28,202,176.0,1,0.5
17558.0,1,0,202,1,259.17,259.17,,28,202,,0,0.0
17772.0,1,0,201,1,202.0,202.0,,45,201,,0,0.0
17210.0,1,0,201,1,253.37,253.37,,47,201,,0,0.0
16074.0,1,0,199,1,265.25,265.25,,23,199,,0,0.0
14684.0,0,3,24,3,751.53,250.51,92.63,195,199,87.5,0,0.0
14382.0,0,1,199,1,620.73,620.73,,137,199,,1,1.0
17633.0,0,4,188,3,732.55,244.18,156.3,29,198,5.0,1,0.3333
15161.0,1,0,197,1,119.92,119.92,,33,197,,0,0.0
18256.0,1,0,196,1,110.7,110.7,,10,196,,1,1.0
17868.0,1,0,195,1,234.65,234.65,,18,195,,0,0.0
12887.0,1,0,192,1,222.4,222.4,,13,192,,0,0.0
16501.0,1,0,192,1,1237.23,1237.23,,181,192,,0,0.0
17872.0,1,0,190,1,235.87,235.87,,15,190,,0,0.0
13181.0,1,0,190,1,359.69,359.69,,19,190,,0,0.0
14972.0,0,1,190,1,30.3,30.3,,2,190,,0,0.0
16001.0,1,0,190,1,583.39,583.39,,29,190,,1,1.0
15914.0,1,0,187,2,205.99,102.99,135.47,13,187,0.0,0,0.0
15037.0,1,0,185,2,402.51,201.26,56.58,40,185,0.0,0,0.0
15583.0,1,0,185,1,107.86,107.86,,37,185,,0,0.0
16413.0,0,1,184,1,266.78,266.78,,32,184,,0,0.0
17378.0,1,0,183,1,10.95,10.95,,1,183,,1,1.0
15165.0,1,0,182,1,975.5,975.5,,27,182,,0,0.0
15923.0,1,0,181,1,254.16,254.16,,21,181,,0,0.0
17964.0,0,1,181,1,523.52,523.52,,35,181,,0,0.0
17198.0,0,1,174,2,1043.32,521.66,31.62,73,180,6.0,0,0.0
16402.0,1,0,73,2,511.4,255.7,237.45,55,178,105.0,0,0.0
18119.0,1,0,176,1,362.24,362.24,,29,176,,0,0.0
18043.0,0,1,15,2,768.27,384.13,351.84,87,175,160.0,0,0.0
18004.0,1,0,171,1,169.47,169.47,,32,171,,0,0.0
17890.0,1,0,131,2,602.09,301.05,248.78,88,170,39.0,0,0.0
14150.0,0,1,168,1,306.18,306.18,,12,168,,0,0.0
13496.0,1,0,168,1,501.01,501.01,,26,168,,1,1.0
15204.0,1,0,166,1,316.58,316.58,,9,166,,0,0.0
14889.0,1,0,145,1,135.9,135.9,,10,145,,0,0.0
17569.0,1,0,141,1,344.14,344.14,,29,141,,0,0.0
13837.0,1,0,20,2,271.24,135.62,31.0,17,126,106.0,0,0.0
17118.0,1,0,126,1,157.02,157.02,,10,126,,0,0.0
16949.0,0,2,27,3,505.75,168.58,119.88,22,125,49.0,0,0.0
14502.0,0,5,43,6,1070.23,178.37,82.45,176,122,15.8,2,0.3333
14457.0,1,0,119,1,113.64,113.64,,4,119,,0,0.0
18250.0,1,0,119,1,349.27,349.27,,21,119,,1,1.0
16405.0,1,0,111,2,167.25,83.63,108.58,3,119,8.0,0,0.0
17462.0,0,1,93,1,463.41,463.41,,14,93,,0,0.0
18211.0,0,4,87,1,137.9,137.9,,8,87,,0,0.0
14155.0,1,0,75,1,118.75,118.75,,6,75,,0,0.0
17795.0,0,1,73,1,163.25,163.25,,15,73,,0,0.0
17140.0,1,0,56,1,465.32,465.32,,16,56,,0,0.0
15316.0,1,0,135,1,165.0,165.0,,1,135,,0,0.0
16618.0,0,1,19,4,1441.29,360.32,290.74,44,131,37.333333333333336,1,0.25
17291.0,1,0,117,1,550.8,550.8,,1,117,,0,0.0
17302.0,0,3,17,2,303.12,151.56,44.25,35,114,97.0,0,0.0
16073.0,1,0,106,1,122.4,122.4,,1,106,,1,1.0
16509.0,1,0,105,1,363.7,363.7,,13,105,,0,0.0
16349.0,1,0,99,1,53.5,53.5,,9,99,,0,0.0
16573.0,0,1,99,1,292.63,292.63,,16,99,,1,1.0
14880.0,0,2,97,1,129.2,129.2,,8,97,,0,0.0
14036.0,1,0,93,1,626.65,626.65,,38,93,,0,0.0
15554.0,1,0,86,1,217.2,217.2,,14,86,,0,0.0
18183.0,1,0,36,2,632.07,316.04,4.57,36,83,47.0,4,2.0
16475.0,0,3,82,1,310.0,310.0,,20,82,,0,0.0
15049.0,1,0,82,1,121.17,121.17,,3,82,,0,0.0
16871.0,0,2,19,4,2037.82,509.45,450.98,104,79,20.0,1,0.25
16804.0,0,2,79,1,118.05,118.05,,19,79,,0,0.0
16297.0,1,0,77,1,301.9,301.9,,20,77,,3,3.0
17486.0,1,0,70,1,396.87,396.87,,24,70,,0,0.0
15815.0,0,2,21,3,1394.08,464.69,44.7,12,68,23.5,0,0.0
14476.0,1,0,66,1,215.7,215.7,,17,66,,0,0.0
17398.0,0,1,19,2,528.45,264.23,58.63,26,64,45.0,0,0.0
15364.0,0,1,63,1,331.8,331.8,,3,63,,0,0.0
13060.0,1,0,62,1,307.53,307.53,,15,62,,0,0.0
17701.0,1,0,61,1,417.95,417.95,,24,61,,0,0.0
17972.0,1,0,50,1,136.04,136.04,,30,50,,0,0.0
15594.0,0,4,43,1,267.91,267.91,,15,43,,1,1.0
16055.0,1,0,29,1,134.8,134.8,,8,29,,0,0.0
14340.0,1,0,27,1,134.7,134.7,,6,27,,0,0.0
17522.0,0,2,15,2,248.42,124.21,32.85,11,27,12.0,0,0.0
15668.0,1,0,26,1,76.32,76.32,,1,26,,0,0.0
18235.0,0,2,26,1,430.46,430.46,,29,26,,0,0.0
18142.0,0,1,24,1,282.48,282.48,,9,24,,1,1.0
18120.0,1,0,23,1,111.15,111.15,,17,23,,0,0.0
18133.0,1,0,21,1,931.5,931.5,,1,21,,1,1.0
13456.0,0,5,16,1,207.66,207.66,,13,16,,0,0.0
13572.0,1,0,14,1,1384.25,1384.25,,32,14,,0,0.0
14895.0,0,14,13,21,17900.61,852.41,961.47,341,538,26.25,7,0.3333
13468.0,0,14,10,56,11276.66,201.37,104.38,253,545,9.727272727272727,12,0.2143
17457.0,0,1,13,13,5644.75,434.21,199.65,23,541,44.0,4,0.3077
16008.0,0,2,13,13,5044.5,388.04,239.99,58,439,35.5,0,0.0
16455.0,0,2,13,9,3676.97,408.55,315.47,92,428,51.875,2,0.2222
17871.0,1,0,13,5,1118.99,223.8,89.1,64,502,122.25,0,0.0
16813.0,0,8,13,1,206.25,206.25,,87,13,,0,0.0
15862.0,0,1,13,11,2586.42,235.13,167.39,367,531,51.8,0,0.0
16998.0,0,1,13,4,394.1,98.53,74.67,2,253,80.0,1,0.25
15394.0,0,1,13,9,4539.7,504.41,191.7,119,533,65.0,2,0.2222
16672.0,0,11,13,8,3488.34,436.04,361.64,22,75,8.857142857142858,1,0.125
17068.0,0,11,13,36,6945.04,192.92,86.47,222,430,11.914285714285715,1,0.0278
13266.0,0,6,12,12,3811.35,317.61,107.6,117,531,47.18181818181818,8,0.6667
15768.0,0,1,12,33,15458.41,468.44,242.87,432,545,16.65625,2,0.0606
14112.0,0,4,12,9,4071.94,452.44,390.15,160,463,56.375,11,1.2222
14334.0,0,3,12,9,3444.5,382.72,89.42,137,377,45.625,2,0.2222
16226.0,1,0,12,5,672.17,134.43,117.09,23,222,52.5,0,0.0
14282.0,0,8,12,15,5929.5,395.3,303.26,80,471,32.785714285714285,1,0.0667
17867.0,0,4,12,11,1028.23,93.48,165.34,63,546,53.4,4,0.3636
14388.0,0,4,12,11,4661.35,423.76,84.69,130,497,48.5,3,0.2727
18008.0,0,2,12,21,19736.35,939.83,2219.48,75,511,24.95,0,0.0
18287.0,0,2,10,5,3110.99,622.2,414.69,93,380,92.5,1,0.2
16945.0,0,11,10,22,5976.34,271.65,127.29,195,539,25.19047619047619,2,0.0909
16249.0,0,3,10,2,1020.53,510.27,430.72,26,48,38.0,0,0.0
15724.0,1,0,10,3,310.85,103.62,11.0,17,209,99.5,2,0.6667
16592.0,0,9,10,18,4847.06,269.28,186.76,154,530,30.58823529411765,5,0.2778
13988.0,0,4,9,4,1965.92,491.48,218.85,110,434,141.66666666666666,1,0.25
18283.0,0,9,9,11,1176.82,106.98,32.55,240,467,45.8,0,0.0
17715.0,1,0,9,2,489.6,244.8,115.4,1,401,392.0,0,0.0
15602.0,0,3,9,12,2475.59,206.3,141.13,53,546,48.81818181818182,8,0.6667
15769.0,0,12,6,33,60341.32,1828.52,1862.61,18,537,16.59375,2,0.0606
17686.0,0,2,9,6,5594.1,932.35,605.35,209,342,66.6,0,0.0
17512.0,0,4,9,14,3845.25,274.66,236.88,80,538,40.69230769230769,2,0.1429
15796.0,0,4,9,12,3441.06,286.76,138.64,124,427,38.0,4,0.3333
15132.0,0,3,8,2,489.87,244.94,97.35,24,71,63.0,0,0.0
17811.0,0,19,8,25,5690.55,227.62,230.4,435,254,10.25,5,0.2
16029.0,0,34,8,73,76960.56,1054.25,1408.99,39,540,7.388888888888889,10,0.137
13842.0,0,3,8,15,4072.76,271.52,151.25,158,470,33.0,1,0.0667
18044.0,0,3,7,14,2300.22,164.3,112.33,103,369,27.846153846153847,0,0.0
14534.0,0,9,8,16,3541.29,221.33,108.92,282,443,29.0,6,0.375
17521.0,0,2,8,3,714.41,238.14,75.34,37,243,117.5,0,0.0
13102.0,0,7,7,28,9041.99,322.93,186.04,168,391,14.222222222222221,5,0.1786
14688.0,0,9,7,17,4870.38,286.49,186.29,152,265,16.125,2,0.1176
17955.0,1,0,7,6,949.9,158.32,138.57,16,474,93.4,0,0.0
14705.0,1,0,7,1,179.0,179.0,,1,7,,0,0.0
15727.0,0,3,7,12,7517.42,626.45,410.66,344,493,44.18181818181818,0,0.0
14085.0,0,4,7,25,8468.84,338.75,181.41,431,540,22.208333333333332,1,0.04
16161.0,0,8,7,34,9544.34,280.72,216.7,348,478,14.272727272727273,11,0.3235
16449.0,1,0,6,2,707.69,353.84,88.88,40,89,83.0,0,0.0
16356.0,1,0,6,6,415.87,69.31,48.76,27,360,70.8,1,0.1667
16838.0,1,0,6,4,1159.61,289.9,92.03,53,472,155.33333333333334,2,0.5
13199.0,0,18,6,45,10355.93,230.13,184.59,41,543,12.204545454545455,1,0.0222
15785.0,0,3,6,13,4971.36,382.41,283.29,87,533,43.916666666666664,8,0.6154
16843.0,0,10,6,25,13216.76,528.67,383.23,181,538,22.166666666666668,3,0.12
14194.0,0,13,5,22,10728.94,487.68,297.14,344,511,24.095238095238095,11,0.5
12999.0,1,0,5,3,455.88,151.96,146.03,25,54,24.5,0,0.0
17613.0,0,7,3,7,2527.01,361.0,176.25,163,114,18.5,1,0.1429
14823.0,0,1,3,2,210.65,105.32,51.87,38,3,0.0,0,0.0
16407.0,0,5,3,9,1489.46,165.5,96.44,71,241,29.75,0,0.0
15925.0,1,0,3,1,207.15,207.15,,12,3,,0,0.0
17061.0,0,4,1,7,3250.23,464.32,573.37,46,41,6.666666666666667,1,0.1429
15863.0,0,1,1,4,299.06,74.77,69.55,58,531,176.66666666666666,0,0.0
17592.0,1,0,547,1,148.3,148.3,,13,547,,1,1.0
17998.0,1,0,189,3,639.24,213.08,116.11,57,547,179.0,1,0.3333
15326.0,1,0,142,5,1700.52,340.1,48.88,94,547,101.25,5,1.0
15808.0,1,0,115,21,18409.93,876.66,415.47,348,547,21.6,3,0.1429
13748.0,0,2,41,7,1900.95,271.56,118.74,32,547,84.33333333333333,0,0.0
14302.0,1,0,239,3,742.9,247.63,122.8,25,546,153.5,0,0.0
14000.0,1,0,20,5,2046.34,409.27,236.27,28,546,131.5,3,0.6
17193.0,0,7,195,2,610.74,305.37,368.22,12,546,351.0,1,0.5
16131.0,0,4,16,8,8115.4,1014.43,973.49,117,546,75.71428571428571,3,0.375
14299.0,0,4,127,22,12099.81,549.99,473.28,99,546,19.952380952380953,10,0.4545
17189.0,0,1,168,4,800.45,200.11,48.22,87,546,126.0,0,0.0
15581.0,0,5,35,33,4749.58,143.93,308.93,523,546,15.96875,4,0.1212
17809.0,0,6,26,14,8576.18,612.58,387.86,32,546,40.0,1,0.0714
15523.0,0,1,197,15,16947.98,1129.87,1031.97,63,546,24.928571428571427,2,0.1333
13313.0,0,3,24,9,2499.74,277.75,106.67,89,546,65.25,3,0.3333
13611.0,0,2,168,8,2450.88,306.36,71.95,131,545,53.857142857142854,3,0.375
16301.0,1,0,545,1,107.33,107.33,,6,545,,0,0.0
14905.0,0,1,42,7,1663.79,237.68,78.38,43,545,83.83333333333333,1,0.1429
17853.0,1,0,216,3,1608.19,536.06,47.61,84,545,164.5,0,0.0
14750.0,1,0,545,1,112.03,112.03,,32,545,,0,0.0
17372.0,0,4,52,24,3780.18,157.51,48.84,352,545,21.434782608695652,3,0.125
12872.0,1,0,135,12,3685.49,307.12,158.29,217,545,37.27272727272727,1,0.0833
14286.0,0,2,51,5,5901.09,1180.22,691.18,218,544,123.25,3,0.6
13093.0,1,0,84,55,54943.65,998.98,638.1,199,544,8.518518518518519,33,0.6
15109.0,1,0,54,3,983.1,327.7,137.35,46,544,245.0,1,0.3333
18092.0,0,5,36,12,11107.42,925.62,702.89,26,544,46.18181818181818,1,0.0833
15309.0,1,0,419,4,797.96,199.49,140.94,49,544,41.666666666666664,6,1.5
16325.0,0,2,54,10,3194.08,319.41,241.22,100,544,54.44444444444444,4,0.4
17127.0,1,0,237,5,1155.03,231.01,95.17,27,544,76.75,0,0.0
13999.0,0,7,23,21,6847.27,326.06,21.86,147,543,26.0,4,0.1905
16410.0,1,0,543,1,130.32,130.32,,5,543,,0,0.0
15484.0,0,3,349,2,1061.69,530.85,224.37,53,543,194.0,0,0.0
14133.0,0,2,124,2,623.5,311.75,8.84,24,542,418.0,2,1.0
14468.0,1,0,542,1,204.24,204.24,,12,542,,0,0.0
16395.0,0,3,132,11,2501.51,227.41,107.4,354,542,41.0,3,0.2727
15983.0,0,1,169,7,3632.07,518.87,221.51,117,542,62.166666666666664,0,0.0
14717.0,1,0,542,1,81.3,81.3,,11,542,,1,1.0
17406.0,1,0,142,13,4905.05,377.31,436.09,155,542,33.333333333333336,5,0.3846
17969.0,0,1,170,19,2266.94,119.31,17.5,108,542,20.666666666666668,7,0.3684
13211.0,0,1,170,8,1642.6,205.33,83.07,75,542,53.142857142857146,2,0.25
13491.0,0,2,56,25,4382.37,175.29,85.02,133,541,20.208333333333332,0,0.0
14695.0,1,0,328,3,1620.07,540.02,220.78,76,541,106.5,1,0.3333
13190.0,1,0,353,3,570.66,190.22,37.48,16,541,94.0,1,0.3333
15358.0,0,9,16,31,13066.28,421.49,286.06,307,541,17.5,11,0.3548
14574.0,1,0,541,1,143.7,143.7,,11,541,,0,0.0
16684.0,0,12,14,40,105565.15,2639.13,3427.65,149,541,13.512820512820513,8,0.2
13206.0,1,0,209,13,8377.32,644.41,325.53,393,541,27.666666666666668,2,0.1538
14512.0,0,1,41,6,1074.51,179.09,76.65,53,541,100.0,0,0.0
16353.0,0,10,26,26,5479.03,210.73,144.99,63,541,20.6,3,0.1154
13148.0,0,6,41,20,6713.02,335.65,173.43,376,541,26.31578947368421,7,0.35
14113.0,0,2,163,13,5685.69,437.36,288.97,58,540,31.416666666666668,14,1.0769
15369.0,1,0,301,11,6251.26,568.3,962.81,44,540,23.9,1,0.0909
16735.0,0,3,48,11,5067.92,460.72,190.31,143,540,49.2,7,0.6364
14295.0,0,1,247,4,2196.71,549.18,376.96,61,540,97.66666666666667,3,0.75
16560.0,0,1,167,7,2539.15,362.74,72.54,111,540,62.166666666666664,1,0.1429
16940.0,0,2,98,6,4135.46,689.24,208.41,249,540,88.4,3,0.5
15162.0,1,0,540,1,312.9,312.9,,12,540,,1,1.0
17230.0,1,0,73,18,9924.95,551.39,555.93,141,540,27.470588235294116,5,0.2778
14679.0,1,0,190,3,1289.44,429.81,53.37,49,540,175.0,2,0.6667
16253.0,0,1,64,6,5326.69,887.78,588.91,170,540,95.2,1,0.1667
13455.0,0,1,175,5,2540.53,508.11,506.6,70,539,91.0,5,1.0
16771.0,0,2,84,8,3376.74,422.09,269.96,262,539,65.0,0,0.0
16802.0,1,0,488,2,582.61,291.3,45.53,48,539,51.0,0,0.0
17043.0,0,3,75,5,1055.97,211.19,98.74,97,539,116.0,0,0.0
16186.0,0,8,20,18,6066.38,337.02,170.73,138,539,30.529411764705884,3,0.1667
17603.0,0,1,426,3,1398.76,466.25,274.29,93,538,56.0,4,1.3333
16143.0,0,1,21,10,4060.06,406.01,121.24,91,538,57.44444444444444,4,0.4
17861.0,0,5,62,12,3484.87,290.41,126.64,224,538,43.27272727272727,3,0.25
16459.0,1,0,538,1,71.79,71.79,,5,538,,0,0.0
14577.0,0,2,41,5,982.55,196.51,96.03,80,537,124.0,0,0.0
17409.0,0,1,57,9,7282.21,809.13,473.07,42,537,60.0,0,0.0
14790.0,0,3,62,7,1933.72,276.25,107.93,54,537,79.16666666666667,0,0.0
14161.0,1,0,24,7,3318.88,474.13,223.43,202,535,85.16666666666667,0,0.0
15446.0,1,0,185,3,406.95,135.65,36.01,90,535,175.0,2,0.6667
13013.0,0,8,21,20,10187.12,509.36,447.79,246,534,27.0,0,0.0
16769.0,1,0,69,4,1141.75,285.44,147.49,76,534,155.0,0,0.0
17908.0,1,0,182,5,1411.54,282.31,156.92,178,534,88.0,2,0.4
17318.0,1,0,534,1,164.28,164.28,,17,534,,0,0.0
16019.0,0,3,41,24,16169.11,673.71,455.75,192,534,21.434782608695652,7,0.2917
15015.0,1,0,310,13,2365.02,181.92,99.88,158,534,18.666666666666668,7,0.5385
14796.0,0,7,26,19,6345.9,333.99,258.05,313,534,28.22222222222222,7,0.3684
17012.0,1,0,534,1,384.16,384.16,,34,534,,0,0.0
17262.0,0,1,36,10,2459.62,245.96,234.86,10,533,55.22222222222222,0,0.0
16605.0,1,0,533,1,60.48,60.48,,1,533,,0,0.0
15184.0,0,2,196,2,283.19,141.6,26.03,19,532,336.0,0,0.0
18144.0,0,4,21,14,3774.9,269.64,130.74,49,532,39.30769230769231,0,0.0
13941.0,0,3,106,12,8128.3,677.36,517.3,36,532,38.72727272727273,1,0.0833
15874.0,0,2,26,19,9041.68,475.88,352.1,233,510,26.88888888888889,3,0.1579
15100.0,1,0,142,7,2894.7,413.53,211.56,11,510,61.333333333333336,7,1.0
15324.0,1,0,510,1,140.22,140.22,,8,510,,0,0.0
14465.0,1,0,55,11,3946.03,358.73,222.19,128,510,45.5,0,0.0
13634.0,0,3,51,13,4123.72,317.21,163.91,186,507,38.0,1,0.0769
14461.0,0,2,70,11,5386.67,489.7,213.62,424,499,42.9,1,0.0909
17966.0,0,4,70,6,1022.99,170.5,146.32,37,499,85.8,0,0.0
17773.0,1,0,323,2,585.27,292.64,118.25,48,499,176.0,0,0.0
13877.0,0,1,279,2,332.44,166.22,16.11,20,498,219.0,2,1.0
14556.0,1,0,405,3,835.34,278.45,110.01,158,497,46.0,0,0.0
13971.0,0,5,23,9,2883.83,320.43,31.73,129,491,58.5,3,0.3333
14365.0,1,0,203,2,634.68,317.34,10.13,50,490,287.0,0,0.0
15389.0,0,1,209,4,2233.8,558.45,206.44,2,490,93.66666666666667,0,0.0
14167.0,0,2,72,6,980.65,163.44,33.79,41,490,83.6,0,0.0
15385.0,0,1,201,2,625.2,312.6,6.79,8,486,285.0,0,0.0
13443.0,1,0,257,6,1280.16,213.36,195.82,176,486,45.8,1,0.1667
18212.0,1,0,135,2,546.72,273.36,35.27,40,486,351.0,0,0.0
17107.0,0,4,17,6,9378.8,1563.13,538.72,279,486,93.8,2,0.3333
13916.0,1,0,272,4,1275.81,318.95,47.29,72,484,70.66666666666667,1,0.25
16082.0,1,0,479,1,106.75,106.75,,16,479,,0,0.0
16781.0,1,0,181,2,934.25,467.12,219.73,36,478,297.0,1,0.5
17514.0,0,1,478,1,334.18,334.18,,41,478,,0,0.0
17774.0,0,2,58,7,2697.63,385.38,131.84,241,478,70.0,3,0.4286
17731.0,0,4,430,2,468.88,234.44,196.09,30,477,47.0,0,0.0
16419.0,0,4,84,4,1032.12,258.03,27.54,48,477,131.0,1,0.25
13696.0,1,0,230,3,2020.4,673.47,388.59,24,475,122.5,1,0.3333
13551.0,1,0,128,2,244.2,122.1,42.85,5,475,347.0,0,0.0
13629.0,0,7,19,12,8466.5,705.54,189.97,7,475,41.45454545454545,0,0.0
15293.0,1,0,474,1,247.5,247.5,,19,474,,0,0.0
16661.0,1,0,349,4,986.63,246.66,136.21,50,531,60.666666666666664,1,0.25
16720.0,0,1,185,2,640.24,320.12,207.75,107,531,346.0,1,0.5
17638.0,1,0,456,2,842.4,421.2,264.74,2,530,74.0,0,0.0
18036.0,0,2,54,9,1268.82,140.98,75.87,199,530,59.5,0,0.0
14105.0,1,0,48,5,5988.83,1197.77,671.2,200,530,120.5,3,0.6
16282.0,1,0,148,3,1307.58,435.86,378.78,31,527,189.5,0,0.0
13510.0,0,3,184,7,2766.73,395.25,206.43,126,527,57.166666666666664,5,0.7143
14119.0,1,0,184,2,183.37,91.69,35.65,11,527,343.0,1,0.5
13082.0,0,4,44,17,5682.3,334.25,310.13,86,526,30.125,4,0.2353
13821.0,0,1,70,5,1295.24,259.05,82.42,151,513,110.75,1,0.2
14477.0,0,3,106,4,825.0,206.25,82.5,3,513,135.66666666666666,2,0.5
17950.0,0,1,174,6,1213.78,202.3,92.82,110,513,67.8,1,0.1667
13253.0,0,1,148,3,2397.19,799.06,279.72,55,512,182.0,0,0.0
14541.0,0,2,23,12,2051.78,170.98,104.0,99,510,44.27272727272727,0,0.0
18041.0,0,7,22,30,7200.0,240.0,139.39,343,503,16.586206896551722,2,0.0667
16085.0,0,3,45,9,1687.06,187.45,50.77,196,497,56.5,1,0.1111
15296.0,0,4,21,8,8447.78,1055.97,734.37,321,496,67.85714285714286,4,0.5
17180.0,0,1,50,10,2025.81,202.58,77.51,179,496,49.55555555555556,3,0.3
13192.0,0,1,14,5,2110.96,422.19,287.87,113,495,120.25,2,0.4
13249.0,0,2,70,7,1189.36,169.91,78.74,2,493,70.5,0,0.0
17584.0,0,1,276,4,4067.12,1016.78,697.42,73,492,72.0,0,0.0
16795.0,1,0,174,3,2492.39,830.8,213.35,306,492,159.0,2,0.6667
16326.0,0,10,23,13,2251.71,173.21,73.5,152,489,38.833333333333336,1,0.0769
16535.0,1,0,194,2,407.84,203.92,260.1,36,489,295.0,0,0.0
12823.0,0,2,63,16,5736.5,358.53,179.64,1,488,28.333333333333332,0,0.0
12848.0,1,0,484,1,208.0,208.0,,16,484,,0,0.0
13538.0,0,5,83,7,2336.18,333.74,243.53,102,484,66.83333333333333,0,0.0
14038.0,0,2,16,3,2225.82,741.94,54.88,87,482,233.0,3,1.0
17281.0,1,0,183,6,797.85,132.98,53.88,2,482,59.8,0,0.0
16383.0,0,1,77,6,2615.94,435.99,225.64,219,482,81.0,2,0.3333
15167.0,1,0,129,5,1659.67,331.93,212.49,262,482,88.25,0,0.0
15810.0,0,2,41,6,2461.18,410.2,91.71,76,482,88.2,2,0.3333
15784.0,1,0,276,2,848.33,424.17,59.43,33,481,205.0,0,0.0
18179.0,0,1,61,6,1857.54,309.59,80.5,70,472,82.2,0,0.0
12972.0,1,0,222,4,1161.2,290.3,162.31,69,470,82.66666666666667,2,0.5
18285.0,1,0,469,1,427.0,427.0,,12,469,,0,0.0
16938.0,0,2,117,6,4574.4,762.4,329.1,429,469,70.4,0,0.0
14890.0,1,0,62,3,817.25,272.42,134.51,55,468,203.0,0,0.0
16574.0,0,1,232,2,850.34,425.17,234.39,58,467,235.0,0,0.0
13191.0,1,0,467,1,164.69,164.69,,58,467,,0,0.0
15182.0,0,1,77,10,2746.58,274.66,217.02,75,465,43.111111111111114,3,0.3
13980.0,0,1,248,4,599.78,149.95,131.47,47,465,72.33333333333333,4,1.0
16273.0,1,0,457,2,336.04,168.02,129.43,15,465,8.0,0,0.0
17667.0,0,2,20,7,3251.86,464.55,292.39,135,463,73.83333333333333,3,0.4286
12998.0,1,0,301,3,920.08,306.69,8.25,58,462,80.5,1,0.3333
15439.0,1,0,213,4,1269.05,317.26,284.98,49,462,83.0,0,0.0
16677.0,1,0,220,2,880.62,440.31,250.43,45,461,241.0,1,0.5
13652.0,0,1,65,4,2114.01,528.5,204.49,102,461,132.0,0,0.0
18069.0,0,3,44,8,3193.45,399.18,189.54,465,458,59.142857142857146,1,0.125
16519.0,0,1,174,3,444.88,148.29,78.03,25,457,141.5,0,0.0
14257.0,0,4,127,5,3474.87,694.97,296.27,127,457,82.5,0,0.0
17330.0,0,2,353,2,59.9,29.95,28.28,2,456,103.0,0,0.0
16946.0,1,0,192,5,1222.04,244.41,242.65,69,456,66.0,1,0.2
16177.0,0,1,245,7,1915.36,273.62,122.13,66,456,35.166666666666664,4,0.5714
13793.0,1,0,455,1,96.0,96.0,,7,455,,0,0.0
13873.0,0,1,27,7,879.72,125.67,24.65,47,455,71.33333333333333,1,0.1429
16636.0,1,0,247,4,3802.04,950.51,503.4,62,455,69.33333333333333,0,0.0
13214.0,1,0,226,7,3264.23,466.32,560.94,207,455,38.166666666666664,0,0.0
13722.0,0,2,91,8,4723.47,590.43,494.08,112,455,52.0,0,0.0
18152.0,1,0,455,1,426.69,426.69,,10,455,,0,0.0
13377.0,1,0,205,2,1552.88,776.44,54.98,71,454,249.0,2,1.0
14426.0,0,7,85,10,8741.85,874.19,539.5,384,454,41.0,7,0.7
14748.0,0,2,21,8,2507.7,313.46,277.21,94,454,61.857142857142854,6,0.75
17448.0,1,0,306,46,14556.97,316.46,159.69,569,454,3.2888888888888888,7,0.1522
13476.0,0,1,90,4,1550.6,387.65,228.1,61,453,121.0,1,0.25
13544.0,0,1,49,5,660.5,132.1,77.26,186,453,101.0,1,0.2
13799.0,0,1,103,8,2456.41,307.05,73.54,52,453,50.0,4,0.5
14877.0,1,0,227,2,437.0,218.5,16.69,57,451,224.0,0,0.0
13764.0,0,2,146,4,1931.39,482.85,87.8,196,451,101.66666666666667,0,0.0
13276.0,0,2,206,3,1348.33,449.44,257.12,184,451,122.5,2,0.6667
15250.0,1,0,449,1,60.0,60.0,,3,449,,0,0.0
12954.0,1,0,447,1,162.45,162.45,,10,447,,0,0.0
15221.0,1,0,175,4,2465.45,616.36,264.91,21,446,90.33333333333333,3,0.75
13530.0,1,0,443,1,402.98,402.98,,18,443,,0,0.0
15227.0,0,2,24,7,2145.91,306.56,52.7,79,442,69.66666666666667,0,0.0
16652.0,0,4,21,12,13831.04,1152.59,1137.11,108,441,38.18181818181818,6,0.5
13612.0,1,0,441,1,818.29,818.29,,50,441,,1,1.0
13451.0,0,2,20,9,5867.15,651.91,280.33,490,437,52.125,2,0.2222
14928.0,1,0,436,1,223.91,223.91,,21,436,,1,1.0
17552.0,0,2,181,10,2453.4,245.34,167.53,64,436,28.333333333333332,2,0.2
16132.0,1,0,353,2,664.2,332.1,30.12,14,436,83.0,0,0.0
17640.0,0,1,188,5,2547.28,509.46,169.36,47,435,61.75,2,0.4
14596.0,1,0,435,1,229.47,229.47,,50,435,,0,0.0
15105.0,0,7,239,2,795.98,397.99,95.61,50,435,196.0,0,0.0
16970.0,1,0,435,1,71.4,71.4,,2,435,,0,0.0
14166.0,1,0,314,2,256.85,128.43,23.3,39,435,121.0,0,0.0
13445.0,1,0,435,1,241.9,241.9,,7,435,,0,0.0
14947.0,0,2,197,4,758.97,189.74,91.26,37,433,78.66666666666667,0,0.0
17001.0,0,5,16,13,4453.17,342.55,120.27,86,433,34.75,0,0.0
12870.0,1,0,184,3,1676.95,558.98,543.34,85,433,124.5,1,0.3333
14704.0,0,8,233,2,266.66,133.33,19.08,53,433,200.0,0,0.0
14537.0,0,1,432,1,285.84,285.84,,13,432,,1,1.0
14805.0,0,3,122,4,659.24,164.81,38.66,82,430,102.66666666666667,0,0.0
16934.0,0,2,192,4,1160.06,290.02,132.16,77,430,79.33333333333333,1,0.25
16784.0,0,1,185,4,788.93,197.23,62.74,137,430,81.66666666666667,0,0.0
15423.0,0,1,390,2,223.39,111.7,59.19,12,430,40.0,1,0.5
14078.0,0,2,22,7,1227.24,175.32,111.28,89,430,68.0,0,0.0
15981.0,0,4,19,17,7576.49,445.68,311.74,124,429,25.625,6,0.3529
13412.0,1,0,429,1,487.35,487.35,,33,429,,0,0.0
15575.0,1,0,428,1,30.1,30.1,,3,428,,0,0.0
17586.0,1,0,428,1,167.4,167.4,,8,428,,0,0.0
17602.0,0,4,133,9,3115.21,346.13,227.88,270,428,36.875,2,0.2222
18056.0,1,0,97,2,554.6,277.3,122.12,28,427,330.0,1,0.5
14916.0,0,3,133,5,2069.02,413.8,266.64,62,426,73.25,2,0.4
15173.0,1,0,189,7,1494.6,213.51,124.14,68,426,39.5,1,0.1429
14221.0,0,7,15,10,3948.67,394.87,168.9,92,421,45.111111111111114,1,0.1
13723.0,1,0,26,6,1209.2,201.53,151.2,51,420,78.8,0,0.0
14758.0,0,1,14,6,2587.85,431.31,173.29,84,419,81.0,0,0.0
15062.0,0,1,26,7,2411.8,344.54,167.17,95,419,65.5,0,0.0
15129.0,0,7,19,16,4533.16,283.32,99.39,68,419,26.666666666666668,0,0.0
14791.0,1,0,415,1,303.63,303.63,,19,415,,0,0.0
15546.0,1,0,415,2,1079.1,539.55,0.0,6,415,0.0,1,0.5
14844.0,0,3,50,7,4387.17,626.74,502.97,122,415,60.833333333333336,2,0.2857
12982.0,1,0,51,8,2744.81,343.1,180.96,139,415,52.0,9,1.125
14853.0,0,1,20,4,1115.57,278.89,114.92,21,414,131.33333333333334,1,0.25
17505.0,0,1,14,4,1776.63,444.16,370.24,65,414,133.33333333333334,0,0.0
13647.0,0,2,43,5,1818.2,363.64,211.69,68,412,92.25,0,0.0
17474.0,1,0,408,1,1047.0,1047.0,,6,408,,0,0.0
16279.0,0,3,194,6,4195.5,699.25,113.55,165,405,42.2,1,0.1667
16028.0,1,0,404,1,82.2,82.2,,5,404,,0,0.0
13656.0,0,1,146,3,861.9,287.3,110.64,64,404,129.0,3,1.0
14773.0,1,0,401,1,140.55,140.55,,10,401,,1,1.0
13012.0,0,4,22,6,2018.38,336.4,171.11,67,401,75.8,2,0.3333
16088.0,1,0,384,2,1437.43,718.71,9.1,3,400,16.0,0,0.0
16267.0,1,0,400,1,186.66,186.66,,7,400,,0,0.0
16648.0,0,1,264,2,382.14,191.07,87.36,18,399,135.0,0,0.0
13238.0,0,3,169,3,397.05,132.35,50.65,13,399,115.0,0,0.0
16767.0,0,8,28,7,5142.26,734.61,529.09,145,399,61.833333333333336,1,0.1429
15373.0,0,5,19,11,2197.23,199.75,160.64,91,395,37.6,1,0.0909
15426.0,0,3,66,6,1830.98,305.16,284.76,218,395,65.8,1,0.1667
16317.0,0,2,106,3,1421.62,473.87,98.15,69,393,143.5,1,0.3333
15391.0,1,0,393,1,289.87,289.87,,12,393,,1,1.0
15396.0,0,1,392,1,508.2,508.2,,2,392,,0,0.0
15488.0,0,1,265,4,340.6,85.15,46.71,8,392,42.333333333333336,0,0.0
18028.0,1,0,392,1,192.05,192.05,,4,392,,0,0.0
15097.0,1,0,392,2,660.27,330.14,441.85,39,392,0.0,2,1.0
16890.0,1,0,285,3,285.41,95.14,65.79,17,391,53.0,0,0.0
13974.0,0,1,391,1,264.13,264.13,,15,391,,2,2.0
14474.0,0,1,388,1,730.42,730.42,,97,388,,0,0.0
17292.0,1,0,281,2,271.75,135.88,7.74,14,388,107.0,0,0.0
17720.0,0,2,34,8,2105.35,263.17,110.0,69,387,50.42857142857143,2,0.25
15405.0,0,1,385,1,310.74,310.74,,22,385,,0,0.0
14039.0,0,1,384,1,115.08,115.08,,4,384,,0,0.0
15597.0,0,1,384,1,238.8,238.8,,15,384,,0,0.0
15210.0,1,0,34,3,1176.19,392.06,131.61,66,384,175.0,0,0.0
12894.0,1,0,384,1,157.35,157.35,,21,384,,0,0.0
12880.0,1,0,190,2,640.13,320.07,24.2,32,383,193.0,0,0.0
16115.0,0,4,21,7,1418.07,202.58,40.53,158,383,60.333333333333336,0,0.0
16836.0,0,2,215,2,530.5,265.25,62.93,31,383,168.0,0,0.0
15723.0,1,0,173,4,947.65,236.91,36.2,108,383,70.0,0,0.0
16507.0,1,0,381,1,152.76,152.76,,37,381,,0,0.0
14017.0,1,0,380,1,229.75,229.75,,14,380,,0,0.0
15071.0,0,1,84,3,1062.16,354.05,215.07,31,379,147.5,0,0.0
15282.0,1,0,379,1,348.59,348.59,,27,379,,0,0.0
14513.0,0,1,15,5,649.77,129.95,142.16,15,377,90.5,1,0.2
14671.0,1,0,358,2,1127.45,563.73,537.72,48,377,19.0,0,0.0
18011.0,1,0,182,2,527.03,263.52,81.93,63,376,194.0,0,0.0
16121.0,0,1,24,4,897.87,224.47,74.23,159,374,116.66666666666667,1,0.25
16075.0,1,0,311,2,736.93,368.47,143.17,41,373,62.0,1,0.5
16046.0,1,0,371,1,235.78,235.78,,22,371,,0,0.0
16391.0,1,0,209,4,1103.61,275.9,167.8,261,370,53.666666666666664,0,0.0
15887.0,1,0,215,3,1027.15,342.38,130.27,27,364,74.5,0,0.0
17096.0,0,3,70,8,2870.54,358.82,149.82,132,364,42.0,3,0.375
13031.0,1,0,216,5,3419.27,683.85,252.23,275,363,36.75,0,0.0
14486.0,1,0,320,2,175.5,87.75,13.79,4,362,42.0,0,0.0
14436.0,0,1,362,1,182.64,182.64,,2,362,,0,0.0
14786.0,1,0,359,1,90.96,90.96,,7,359,,0,0.0
15551.0,0,1,203,6,1274.02,212.34,211.28,95,359,31.2,2,0.3333
17902.0,1,0,355,1,216.4,216.4,,24,355,,0,0.0
13545.0,1,0,199,2,374.64,187.32,89.35,54,353,154.0,1,0.5
13383.0,1,0,352,1,305.28,305.28,,1,352,,0,0.0
15016.0,0,1,202,4,460.26,115.07,75.05,77,352,50.0,1,0.25
15361.0,1,0,170,4,689.07,172.27,165.72,10,352,60.666666666666664,0,0.0
15817.0,1,0,229,3,2766.4,922.13,329.07,133,352,61.5,0,0.0
15816.0,1,0,351,2,144.15,72.08,59.93,11,351,0.0,1,0.5
14374.0,1,0,350,1,108.0,108.0,,7,350,,0,0.0
17098.0,1,0,190,3,591.07,197.02,88.75,10,349,79.5,0,0.0
16515.0,0,3,55,7,2211.5,315.93,192.93,150,349,49.0,0,0.0
15786.0,0,3,226,2,3582.62,1791.31,6.51,166,345,119.0,2,1.0
15081.0,0,3,17,9,1708.97,189.89,73.23,65,344,40.875,1,0.1111
16894.0,1,0,311,3,1324.06,441.35,719.56,186,344,16.5,2,0.6667
17380.0,1,0,243,3,645.0,215.0,114.33,5,343,50.0,1,0.3333
14725.0,0,1,203,3,597.16,199.05,140.9,41,343,70.0,1,0.3333
17310.0,1,0,196,2,1025.1,512.55,357.02,1,343,147.0,0,0.0
13942.0,1,0,343,1,320.0,320.0,,1,343,,0,0.0
16180.0,0,4,19,9,8741.12,971.24,504.62,162,343,40.5,1,0.1111
15913.0,1,0,343,1,6.3,6.3,,1,343,,0,0.0
17099.0,1,0,342,1,582.17,582.17,,40,342,,0,0.0
17194.0,1,0,82,3,812.5,270.83,270.4,57,339,128.5,0,0.0
17578.0,1,0,27,7,1047.33,149.62,108.06,57,338,51.833333333333336,2,0.2857
12911.0,1,0,360,1,1680.47,1680.47,,220,360,,0,0.0
16340.0,0,1,248,2,976.99,488.5,162.59,170,360,112.0,0,0.0
14734.0,1,0,234,4,1056.42,264.1,84.63,48,360,42.0,1,0.25
14309.0,0,4,43,6,2364.16,394.03,258.24,96,359,63.2,1,0.1667
17440.0,0,1,56,3,261.78,87.26,70.17,4,358,151.0,1,0.3333
17713.0,1,0,191,4,1198.09,299.52,17.45,55,357,55.333333333333336,0,0.0
13752.0,0,3,17,4,1129.12,282.28,105.26,66,336,106.33333333333333,0,0.0
18053.0,0,1,334,2,271.05,135.53,149.45,12,336,2.0,2,1.0
13439.0,1,0,64,3,986.61,328.87,77.73,132,335,135.5,0,0.0
16907.0,0,2,43,7,1310.25,187.18,90.93,88,335,48.666666666666664,0,0.0
18230.0,0,3,16,5,2735.16,547.03,366.57,42,334,79.5,2,0.4
14699.0,1,0,23,4,702.6,175.65,54.43,45,334,103.66666666666667,0,0.0
13246.0,0,2,15,9,3048.65,338.74,112.35,207,334,39.875,2,0.2222
16110.0,0,1,71,3,1175.72,391.91,99.97,235,331,130.0,0,0.0
15969.0,0,2,234,2,460.95,230.47,179.2,15,331,97.0,0,0.0
15076.0,0,1,301,2,566.89,283.44,385.37,30,331,30.0,2,1.0
14580.0,1,0,327,1,14.85,14.85,,1,327,,0,0.0
18123.0,0,2,322,1,95.15,95.15,,22,322,,0,0.0
17783.0,0,1,56,2,208.85,104.43,11.29,54,321,265.0,0,0.0
13255.0,1,0,182,2,730.65,365.32,121.73,19,321,139.0,0,0.0
17680.0,0,1,192,2,313.05,156.52,98.32,9,320,128.0,1,0.5
17261.0,1,0,318,1,230.44,230.44,,43,318,,0,0.0
14922.0,1,0,202,2,843.74,421.87,167.47,49,316,114.0,0,0.0
16203.0,0,2,36,4,839.94,209.99,124.23,47,313,92.33333333333333,1,0.25
13239.0,1,0,70,5,1594.69,318.94,220.17,86,311,60.25,1,0.2
13250.0,1,0,269,2,256.04,128.02,11.34,17,311,42.0,1,0.5
12889.0,1,0,190,4,385.46,96.37,50.58,25,311,40.333333333333336,2,0.5
16937.0,1,0,308,1,202.1,202.1,,49,308,,0,0.0
12862.0,1,0,234,2,1008.32,504.16,9.22,119,304,70.0,0,0.0
15587.0,0,3,160,4,953.28,238.32,116.92,3,300,46.666666666666664,0,0.0
13084.0,1,0,300,1,122.4,122.4,,2,300,,1,1.0
17393.0,1,0,219,2,381.15,190.58,5.69,45,297,78.0,0,0.0
14022.0,1,0,34,2,792.15,396.08,62.12,45,295,261.0,0,0.0
15110.0,0,3,127,3,679.4,226.47,67.89,17,294,83.5,1,0.3333
17299.0,0,3,248,2,346.97,173.49,76.7,52,290,42.0,0,0.0
17430.0,0,1,174,3,582.01,194.0,42.18,24,288,57.0,0,0.0
16770.0,0,1,45,8,1818.51,227.31,87.3,174,283,34.0,2,0.25
14268.0,1,0,279,1,354.85,354.85,,19,279,,0,0.0
16288.0,1,0,279,1,129.85,129.85,,7,279,,0,0.0
17384.0,0,1,28,2,398.8,199.4,39.95,7,276,248.0,0,0.0
17215.0,1,0,273,1,186.15,186.15,,11,273,,0,0.0
15677.0,0,1,230,2,648.4,324.2,23.26,32,272,42.0,0,0.0
18182.0,1,0,272,1,291.13,291.13,,10,272,,0,0.0
12831.0,1,0,71,3,451.11,150.37,62.88,16,272,100.5,0,0.0
13992.0,0,1,189,2,142.7,71.35,6.43,5,272,83.0,0,0.0
14086.0,1,0,271,1,39.95,39.95,,1,271,,0,0.0
14753.0,0,1,269,1,306.36,306.36,,18,269,,0,0.0
14318.0,1,0,269,1,158.02,158.02,,9,269,,0,0.0
13133.0,1,0,82,3,200.45,66.82,20.8,12,268,93.0,0,0.0
13005.0,0,1,55,3,807.63,269.21,47.31,38,266,105.5,2,0.6667
16886.0,1,0,265,1,134.0,134.0,,8,265,,1,1.0
16095.0,1,0,265,1,447.05,447.05,,30,265,,0,0.0
13537.0,1,0,234,2,717.85,358.93,80.5,38,260,26.0,0,0.0
16979.0,0,4,106,4,1354.89,338.72,22.31,41,259,51.0,2,0.5
15301.0,0,8,14,9,4637.09,515.23,344.74,158,259,30.625,0,0.0
15962.0,1,0,258,1,295.83,295.83,,43,258,,0,0.0
15341.0,0,1,258,1,382.2,382.2,,7,258,,1,1.0
13264.0,1,0,251,1,722.56,722.56,,38,251,,0,0.0
16298.0,0,3,206,4,487.5,121.87,50.99,16,251,15.0,2,0.5
14226.0,0,3,19,3,2479.74,826.58,137.51,66,250,115.5,3,1.0
14269.0,1,0,248,1,295.73,295.73,,16,248,,1,1.0
13290.0,1,0,247,1,208.63,208.63,,1,247,,2,2.0
13139.0,0,5,24,3,4308.06,1436.02,1484.4,123,246,111.0,0,0.0
15347.0,1,0,175,4,1363.6,340.9,230.05,29,246,23.666666666666668,2,0.5
15871.0,1,0,246,1,33.1,33.1,,5,246,,0,0.0
14953.0,0,1,227,3,723.95,241.32,78.0,153,244,8.5,1,0.3333
13014.0,0,6,29,4,3242.83,810.71,741.39,124,241,70.66666666666667,4,1.0
14310.0,1,0,241,1,492.1,492.1,,22,241,,0,0.0
13326.0,1,0,241,1,281.76,281.76,,13,241,,0,0.0
18284.0,1,0,240,1,461.68,461.68,,28,240,,1,1.0
14353.0,1,0,24,3,376.5,125.5,51.82,18,240,108.0,0,0.0
14663.0,1,0,239,2,490.6,245.3,12.49,60,239,0.0,0,0.0
15128.0,0,3,28,2,796.38,398.19,120.93,47,239,211.0,3,1.5
17045.0,0,2,56,3,528.19,176.06,165.75,29,238,91.0,0,0.0
14339.0,1,0,51,2,620.27,310.14,0.87,21,237,186.0,3,1.5
16350.0,0,3,142,6,1514.12,252.35,132.28,59,237,19.0,3,0.5
14571.0,1,0,234,1,161.65,161.65,,30,234,,0,0.0
14756.0,0,1,191,2,1914.8,957.4,605.71,68,233,42.0,1,0.5
17710.0,1,0,232,1,293.5,293.5,,20,232,,0,0.0
13968.0,1,0,232,1,123.66,123.66,,8,232,,0,0.0
16990.0,1,0,27,2,344.0,172.0,9.9,1,231,204.0,0,0.0
12900.0,1,0,231,1,340.33,340.33,,13,231,,0,0.0
18090.0,1,0,230,1,349.4,349.4,,47,230,,0,0.0
17823.0,1,0,230,2,494.25,247.13,101.15,88,230,0.0,0,0.0
15686.0,1,0,229,1,90.0,90.0,,1,229,,0,0.0
15688.0,1,0,227,1,190.57,190.57,,26,227,,0,0.0
14741.0,0,3,170,3,992.55,330.85,33.05,26,226,28.0,0,0.0
14524.0,0,5,45,8,1843.61,230.45,177.22,193,225,25.714285714285715,0,0.0
13836.0,1,0,208,2,620.37,310.19,15.11,29,223,15.0,1,0.5
15257.0,1,0,92,2,685.9,342.95,36.49,11,223,131.0,1,0.5
16491.0,0,1,222,1,801.66,801.66,,48,222,,1,1.0
17260.0,1,0,220,1,120.95,120.95,,6,220,,0,0.0
15620.0,0,1,29,3,1264.19,421.4,30.79,84,218,94.5,3,1.0
16962.0,1,0,218,1,251.04,251.04,,15,218,,0,0.0
14281.0,1,0,217,1,245.15,245.15,,7,217,,0,0.0
15170.0,1,0,215,1,81.15,81.15,,4,215,,0,0.0
16542.0,0,1,210,1,137.7,137.7,,9,210,,0,0.0
14429.0,1,0,212,1,516.28,516.28,,22,212,,0,0.0
13359.0,0,1,212,1,603.75,603.75,,33,212,,1,1.0
14206.0,1,0,48,3,1185.01,395.0,127.88,62,211,81.5,2,0.6667
17286.0,0,1,209,2,241.56,120.78,7.04,46,209,0.0,0,0.0
13303.0,1,0,209,1,61.72,61.72,,4,209,,0,0.0
17548.0,1,0,42,4,731.26,182.82,86.36,22,205,54.333333333333336,2,0.5
13691.0,1,0,205,1,212.78,212.78,,54,205,,0,0.0
14170.0,1,0,184,3,597.33,199.11,100.61,123,204,10.0,0,0.0
13721.0,0,1,204,1,217.4,217.4,,14,204,,0,0.0
15138.0,1,0,202,1,502.52,502.52,,31,202,,1,1.0
17688.0,1,0,202,1,304.2,304.2,,19,202,,1,1.0
13226.0,1,0,82,2,312.46,156.23,67.91,28,202,120.0,0,0.0
14600.0,1,0,114,2,865.17,432.58,55.51,53,202,88.0,0,0.0
13309.0,0,2,15,3,796.22,265.41,118.19,59,201,93.0,0,0.0
13961.0,1,0,201,1,538.4,538.4,,19,201,,1,1.0
17495.0,0,1,199,1,309.16,309.16,,21,199,,1,1.0
14192.0,1,0,197,1,293.74,293.74,,14,197,,0,0.0
14417.0,1,0,196,1,604.2,604.2,,106,196,,0,0.0
16224.0,0,2,49,3,864.45,288.15,108.01,62,196,73.5,0,0.0
15515.0,1,0,196,1,171.81,171.81,,7,196,,0,0.0
12890.0,0,1,196,1,336.8,336.8,,56,196,,0,0.0
17493.0,1,0,194,1,100.91,100.91,,8,194,,0,0.0
15525.0,0,1,182,2,783.71,391.85,333.76,66,191,9.0,0,0.0
16821.0,1,0,190,1,113.35,113.35,,7,190,,0,0.0
15864.0,0,5,125,2,486.86,243.43,1.43,9,190,65.0,1,0.5
15951.0,1,0,94,2,680.12,340.06,49.65,35,190,96.0,0,0.0
17989.0,1,0,188,1,228.83,228.83,,26,188,,0,0.0
15961.0,1,0,188,1,451.29,451.29,,42,188,,0,0.0
15212.0,1,0,50,2,208.28,104.14,3.31,7,185,135.0,1,0.5
17671.0,0,2,20,3,1617.36,539.12,216.96,40,184,82.0,1,0.3333
14414.0,0,6,167,2,1119.55,559.78,484.47,28,183,16.0,0,0.0
15922.0,1,0,182,1,739.0,739.0,,11,182,,1,1.0
17917.0,0,1,65,2,230.46,115.23,6.11,57,171,106.0,0,0.0
16816.0,0,2,122,2,325.45,162.73,122.96,20,167,45.0,0,0.0
17800.0,0,6,26,3,354.85,118.28,16.43,18,143,58.5,0,0.0
15033.0,0,6,17,3,1169.14,389.71,196.85,151,138,60.5,0,0.0
17064.0,0,2,136,1,147.85,147.85,,21,136,,0,0.0
17446.0,0,1,119,1,68.1,68.1,,5,119,,0,0.0
16389.0,0,2,14,2,670.17,335.09,304.67,16,92,78.0,0,0.0
17535.0,1,0,89,1,164.4,164.4,,13,89,,0,0.0
14066.0,1,0,75,1,152.55,152.55,,7,75,,0,0.0
13950.0,0,2,55,1,179.31,179.31,,7,55,,0,0.0
18040.0,0,1,54,1,239.0,239.0,,12,54,,0,0.0
15119.0,1,0,54,1,266.4,266.4,,14,54,,0,0.0
16270.0,1,0,162,1,1141.24,1141.24,,54,162,,0,0.0
16112.0,0,2,142,2,136.14,68.07,5.56,10,147,5.0,0,0.0
15464.0,1,0,147,1,1048.85,1048.85,,155,147,,0,0.0
14242.0,1,0,43,2,280.55,140.27,2.72,13,134,91.0,0,0.0
13742.0,0,7,22,5,1642.48,328.5,163.74,132,129,26.75,1,0.2
17105.0,0,1,115,1,319.4,319.4,,38,115,,0,0.0
15753.0,1,0,113,1,79.2,79.2,,1,113,,0,0.0
17537.0,0,1,112,1,630.7,630.7,,60,112,,0,0.0
16494.0,1,0,105,1,826.53,826.53,,47,105,,0,0.0
13904.0,0,1,103,1,201.12,201.12,,17,103,,0,0.0
12845.0,1,0,76,4,354.09,88.52,85.51,26,99,7.666666666666667,0,0.0
15932.0,0,3,23,4,1273.25,318.31,14.95,44,98,25.0,2,0.5
17117.0,1,0,97,1,116.2,116.2,,9,97,,0,0.0
13345.0,1,0,96,1,389.5,389.5,,20,96,,1,1.0
16598.0,1,0,94,1,145.05,145.05,,10,94,,1,1.0
16517.0,1,0,86,1,162.7,162.7,,17,86,,0,0.0
14407.0,0,4,14,2,1002.68,501.34,203.87,33,85,71.0,2,1.0
13265.0,0,3,54,2,1124.88,562.44,360.62,39,82,28.0,0,0.0
13043.0,1,0,82,1,516.42,516.42,,13,82,,1,1.0
13499.0,0,3,34,2,463.79,231.9,104.18,18,78,44.0,1,0.5
15106.0,0,3,20,2,778.45,389.23,30.37,51,78,58.0,0,0.0
12994.0,0,1,77,1,352.6,352.6,,22,77,,1,1.0
13592.0,0,1,14,3,205.51,68.5,32.34,12,73,29.5,0,0.0
16721.0,1,0,71,1,292.47,292.47,,37,71,,0,0.0
15449.0,0,2,70,1,345.92,345.92,,23,70,,1,1.0
15644.0,0,1,65,3,423.19,141.06,91.07,85,70,2.5,0,0.0
13918.0,0,1,62,1,198.2,198.2,,8,62,,0,0.0
13841.0,1,0,61,1,85.0,85.0,,1,61,,0,0.0
16142.0,1,0,58,1,535.34,535.34,,37,58,,0,0.0
17956.0,1,0,58,1,12.75,12.75,,1,58,,0,0.0
15145.0,0,1,36,2,724.03,362.02,85.16,35,57,21.0,0,0.0
18080.0,0,1,51,1,841.5,841.5,,1,51,,0,0.0
16806.0,0,2,29,2,414.37,207.18,48.23,28,48,19.0,0,0.0
15745.0,0,3,45,1,302.85,302.85,,18,45,,0,0.0
15225.0,1,0,43,1,409.4,409.4,,23,43,,0,0.0
17120.0,1,0,42,1,307.46,307.46,,18,42,,0,0.0
14759.0,0,1,41,1,572.25,572.25,,35,41,,0,0.0
13524.0,0,4,28,1,159.2,159.2,,9,28,,0,0.0
16610.0,1,0,28,1,75.66,75.66,,6,28,,0,0.0
17174.0,1,0,26,1,59.9,59.9,,4,26,,0,0.0
14691.0,0,4,21,1,439.6,439.6,,17,21,,0,0.0
15333.0,1,0,17,1,1028.56,1028.56,,16,17,,0,0.0
17346.0,0,8,13,16,3445.58,215.35,136.36,349,409,26.4,0,0.0
17017.0,0,7,13,20,9910.17,495.51,385.15,104,545,28.0,10,0.5
15738.0,0,7,13,34,11173.59,328.64,127.1,66,538,15.909090909090908,4,0.1176
13591.0,0,1,13,6,1753.04,292.17,180.88,71,534,104.2,1,0.1667
17306.0,0,9,13,10,4346.7,434.67,220.34,11,212,22.11111111111111,1,0.1
13887.0,1,0,13,1,349.55,349.55,,19,13,,0,0.0
17389.0,0,18,8,40,30370.92,759.27,1227.64,57,544,13.743589743589743,11,0.275
13376.0,0,1,12,2,770.0,385.0,12.73,34,43,31.0,0,0.0
12955.0,0,6,12,3,697.42,232.47,229.51,27,76,32.0,0,0.0
12931.0,0,8,12,49,54212.08,1106.37,1523.26,23,547,11.145833333333334,10,0.2041
15078.0,0,15,12,34,11857.23,348.74,239.48,99,544,16.12121212121212,10,0.2941
13308.0,0,2,12,2,1099.81,549.91,374.83,42,405,393.0,0,0.0
15260.0,0,3,12,22,8260.06,375.46,348.32,170,542,25.238095238095237,4,0.1818
13767.0,0,14,12,58,25561.46,440.71,301.52,112,547,9.385964912280702,16,0.2759
15237.0,0,1,12,2,1093.65,546.83,554.51,74,36,24.0,0,0.0
18048.0,1,0,12,3,401.73,133.91,116.73,56,302,145.0,0,0.0
16696.0,0,1,12,3,558.9,186.3,193.68,7,57,22.5,0,0.0
14195.0,1,0,10,6,2615.6,435.93,315.8,10,443,86.6,4,0.6667
13555.0,0,2,10,11,6439.96,585.45,308.98,204,498,48.8,3,0.2727
13227.0,1,0,10,1,257.7,257.7,,9,10,,0,0.0
14878.0,0,5,10,20,3471.44,173.57,94.91,149,465,23.94736842105263,3,0.15
18125.0,0,1,10,3,945.14,315.05,209.89,146,125,57.5,1,0.3333
13946.0,0,1,10,5,1800.63,360.13,148.37,48,544,133.5,1,0.2
14769.0,0,3,10,13,10934.48,841.11,755.74,616,532,43.5,3,0.2308
17611.0,0,7,10,19,6409.7,337.35,120.2,637,547,29.833333333333332,3,0.1579
17949.0,0,27,1,86,69176.4,804.38,1130.37,39,546,6.411764705882353,14,0.1628
14903.0,0,2,9,3,1800.23,600.08,78.48,156,87,39.0,3,1.0
15434.0,0,3,9,7,1832.54,261.79,142.57,70,493,80.66666666666667,2,0.2857
13089.0,0,41,8,157,85851.97,546.83,592.87,697,546,3.448717948717949,36,0.2293
17659.0,0,8,8,6,1905.57,317.6,260.91,70,195,37.4,1,0.1667
14527.0,0,27,8,93,22636.56,243.4,213.09,522,546,5.8478260869565215,52,0.5591
13534.0,0,8,8,26,4499.62,173.06,85.8,120,329,12.84,17,0.6538
13771.0,0,2,8,7,4559.22,651.32,307.89,135,461,75.5,0,0.0
18173.0,0,1,8,4,2318.36,579.59,196.47,31,421,137.66666666666666,0,0.0
13694.0,0,21,1,119,159642.54,1341.53,1622.46,776,544,4.601694915254237,15,0.1261
13098.0,0,16,7,8,7203.61,900.45,649.79,93,126,17.0,8,1.0
15140.0,0,4,7,4,2016.89,504.22,261.84,67,251,81.33333333333333,0,0.0
15039.0,0,21,7,71,33104.5,466.26,284.34,476,538,7.585714285714285,11,0.1549
17663.0,0,4,7,13,4163.73,320.29,162.13,125,454,37.25,5,0.3846
14397.0,0,14,7,2,242.24,121.12,62.68,11,22,15.0,0,0.0
16678.0,0,4,6,5,1266.65,253.33,68.51,52,91,21.25,1,0.2
12974.0,1,0,6,2,408.95,204.48,84.39,27,374,368.0,0,0.0
16873.0,0,2,6,9,10727.22,1191.91,520.16,170,477,58.875,3,0.3333
12937.0,0,2,6,7,2021.57,288.8,154.14,81,545,89.83333333333333,0,0.0
16369.0,0,2,5,5,1465.6,293.12,64.08,42,420,103.75,0,0.0
17042.0,0,2,5,2,495.39,247.7,36.08,51,56,51.0,0,0.0
13225.0,0,2,5,13,13538.11,1041.39,396.09,54,531,43.833333333333336,1,0.0769
16016.0,0,3,5,7,1842.75,263.25,229.33,127,211,34.333333333333336,2,0.2857
14447.0,0,3,5,3,1149.53,383.18,147.51,63,209,102.0,0,0.0
13900.0,0,1,1,5,1602.09,320.42,47.63,79,433,108.0,1,0.2
15163.0,0,1,1,1,155.0,155.0,,10,1,,0,0.0
15712.0,0,3,96,8,2699.85,337.48,129.36,71,547,64.42857142857143,1,0.125
13394.0,0,4,23,14,5037.01,359.79,102.95,199,547,40.30769230769231,3,0.2143
14654.0,1,0,547,1,246.86,246.86,,27,547,,0,0.0
17742.0,0,1,141,10,2045.94,204.59,67.38,52,547,45.111111111111114,0,0.0
16620.0,1,0,69,5,1675.73,335.15,283.76,74,547,119.5,0,0.0
13381.0,0,4,16,8,5656.41,707.05,364.68,125,547,75.85714285714286,2,0.25
17191.0,0,3,89,12,3561.8,296.82,207.16,209,547,41.63636363636363,1,0.0833
17428.0,0,14,21,30,21851.73,728.39,555.74,330,547,18.137931034482758,4,0.1333
12842.0,0,1,117,3,1109.73,369.91,51.3,27,546,214.5,0,0.0
14894.0,0,1,252,2,837.06,418.53,168.05,23,546,294.0,2,1.0
15833.0,1,0,546,1,80.4,80.4,,5,546,,0,0.0
17768.0,0,2,196,4,1236.33,309.08,266.75,69,546,116.66666666666667,1,0.25
12948.0,0,4,23,5,1138.74,227.75,125.63,53,546,130.75,0,0.0
13457.0,1,0,497,2,148.22,74.11,54.29,9,546,49.0,2,1.0
14739.0,0,3,28,21,9692.84,461.56,283.1,116,546,25.9,2,0.0952
14204.0,1,0,231,3,901.93,300.64,105.75,158,546,157.5,0,0.0
13623.0,0,1,19,9,2370.63,263.4,177.46,198,546,65.875,4,0.4444
14980.0,1,0,546,1,150.68,150.68,,24,546,,0,0.0
15989.0,1,0,184,2,372.51,186.26,61.02,81,546,362.0,0,0.0
15482.0,0,9,59,10,4975.04,497.5,373.53,43,546,54.111111111111114,1,0.1
13979.0,0,1,202,6,2546.36,424.39,462.67,309,545,68.6,4,0.6667
13993.0,0,5,14,14,4802.17,343.01,132.27,102,545,40.84615384615385,3,0.2143
15466.0,0,1,198,3,1236.48,412.16,298.51,172,545,173.5,0,0.0
13208.0,0,3,15,6,1464.81,244.13,123.29,162,545,106.0,0,0.0
16139.0,0,2,15,3,615.54,205.18,130.63,29,545,265.0,0,0.0
14967.0,0,1,250,5,1518.81,303.76,236.25,19,545,73.75,1,0.2
14958.0,0,2,54,4,668.91,167.23,39.01,37,545,163.66666666666666,0,0.0
16736.0,1,0,314,5,2956.56,591.31,437.66,116,545,57.75,3,0.6
13001.0,0,3,26,29,21697.13,748.18,371.61,295,545,18.535714285714285,4,0.1379
14644.0,0,1,107,6,1604.46,267.41,143.75,37,545,87.6,3,0.5
16003.0,0,4,168,6,4059.46,676.58,423.63,102,545,75.4,0,0.0
16645.0,1,0,544,1,160.39,160.39,,14,544,,0,0.0
13948.0,1,0,169,4,548.76,137.19,39.77,23,544,125.0,1,0.25
16541.0,1,0,544,1,424.03,424.03,,38,544,,1,1.0
13680.0,0,1,146,10,10104.84,1010.48,330.81,280,544,44.22222222222222,1,0.1
15514.0,0,5,34,13,5021.03,386.23,294.07,129,544,42.5,2,0.1538
16104.0,0,1,227,8,2476.25,309.53,205.74,162,542,45.0,2,0.25
13736.0,1,0,69,6,2391.84,398.64,260.95,255,542,94.6,5,0.8333
16485.0,0,1,241,4,1931.03,482.76,150.89,93,542,100.33333333333333,2,0.5
15878.0,1,0,370,2,330.77,165.39,66.11,47,542,172.0,0,0.0
14608.0,0,2,171,8,1771.79,221.47,137.31,10,542,53.0,1,0.125
14548.0,0,1,126,8,2301.09,287.64,208.45,66,542,59.42857142857143,0,0.0
15479.0,1,0,542,1,147.4,147.4,,9,542,,0,0.0
13019.0,1,0,188,6,1229.95,204.99,41.27,46,542,70.8,2,0.3333
13984.0,0,2,58,10,1845.32,184.53,111.35,50,541,53.666666666666664,0,0.0
13495.0,0,1,41,8,4401.82,550.23,303.26,50,541,71.42857142857143,3,0.375
14540.0,0,1,118,9,2994.98,332.78,136.0,149,541,52.875,1,0.1111
16717.0,0,5,175,9,3435.1,381.68,255.29,141,541,45.75,4,0.4444
17231.0,0,5,24,20,5362.58,268.13,134.33,415,541,27.210526315789473,7,0.35
14136.0,1,0,209,5,1570.81,314.16,25.64,86,540,82.75,2,0.4
14558.0,1,0,463,3,655.5,218.5,120.15,13,540,38.5,2,0.6667
17854.0,0,1,36,5,871.95,174.39,185.41,110,540,126.0,0,0.0
17371.0,0,2,170,4,336.29,84.07,47.45,62,540,123.33333333333333,0,0.0
15456.0,1,0,92,10,2119.27,211.93,85.19,128,540,49.77777777777778,0,0.0
18051.0,1,0,443,7,2282.28,326.04,23.69,41,539,16.0,1,0.1429
16705.0,0,7,16,30,36088.55,1202.95,1487.1,350,539,18.03448275862069,15,0.5
17631.0,0,1,41,5,772.71,154.54,89.42,49,539,124.5,0,0.0
17449.0,0,3,43,9,3752.98,417.0,142.84,236,539,62.0,0,0.0
14134.0,1,0,191,15,11123.35,741.56,625.46,130,538,24.785714285714285,0,0.0
12978.0,1,0,194,5,2502.82,500.56,302.64,126,538,86.0,1,0.2
16748.0,0,2,26,12,3031.63,252.64,166.12,48,538,46.54545454545455,1,0.0833
15367.0,0,2,54,9,4619.92,513.32,236.63,191,538,60.5,2,0.2222
14043.0,1,0,300,2,304.25,152.13,17.23,37,538,238.0,1,0.5
17958.0,0,1,537,1,465.42,465.42,,29,537,,0,0.0
17754.0,0,3,69,9,3069.51,341.06,147.73,137,537,58.5,3,0.3333
15850.0,0,2,185,4,819.87,204.97,151.41,197,535,116.66666666666667,0,0.0
17910.0,1,0,535,1,261.7,261.7,,25,535,,0,0.0
16551.0,0,2,145,5,1626.07,325.21,58.05,54,535,97.5,0,0.0
15577.0,0,2,114,3,168.75,56.25,59.95,24,535,210.5,0,0.0
14032.0,0,5,15,10,3410.25,341.03,94.59,68,534,57.666666666666664,7,0.7
17965.0,0,8,61,21,5948.44,283.26,187.22,477,534,23.65,4,0.1905
14401.0,0,10,124,11,3296.54,299.69,119.66,79,534,41.0,2,0.1818
16064.0,1,0,534,1,111.0,111.0,,17,534,,0,0.0
15640.0,0,7,35,21,17213.53,819.69,406.93,223,534,24.95,4,0.1905
15672.0,1,0,534,1,45.3,45.3,,3,534,,0,0.0
17095.0,0,1,108,6,1792.05,298.68,34.53,83,533,85.0,4,0.6667
16749.0,1,0,400,2,4387.08,2193.54,212.39,53,533,133.0,0,0.0
15566.0,1,0,201,2,227.87,113.94,34.34,9,533,332.0,0,0.0
13756.0,0,8,14,13,5421.59,417.05,300.46,118,533,43.25,1,0.0769
15527.0,0,5,28,18,4045.9,224.77,140.85,151,533,29.705882352941178,6,0.3333
13259.0,0,1,206,8,1141.06,142.63,71.92,181,507,43.0,0,0.0
14532.0,1,0,45,11,3859.18,350.83,144.7,209,507,46.2,1,0.0909
18115.0,1,0,506,1,9.7,9.7,,3,506,,0,0.0
15549.0,0,2,125,6,1594.8,265.8,341.05,94,506,76.2,1,0.1667
16954.0,0,4,63,14,4938.28,352.73,196.36,81,499,33.53846153846154,1,0.0714
14715.0,0,2,107,6,1220.52,203.42,108.49,69,498,78.2,0,0.0
14983.0,1,0,498,1,183.2,183.2,,30,498,,0,0.0
15191.0,1,0,272,3,588.05,196.02,43.85,33,497,112.5,0,0.0
15003.0,1,0,282,6,1060.7,176.78,100.07,253,491,41.8,1,0.1667
16281.0,0,1,232,2,1361.96,680.98,142.19,19,491,259.0,1,0.5
13514.0,0,1,237,3,663.7,221.23,136.88,13,491,127.0,0,0.0
12873.0,1,0,91,3,2027.3,675.77,424.29,33,490,199.5,0,0.0
12869.0,1,0,490,1,337.67,337.67,,35,490,,0,0.0
17604.0,1,0,26,6,945.93,157.66,28.5,142,490,92.8,0,0.0
13392.0,1,0,486,1,91.14,91.14,,8,486,,0,0.0
15022.0,0,3,486,1,281.05,281.05,,19,486,,0,0.0
14370.0,1,0,259,6,1175.78,195.96,110.47,37,485,45.2,3,0.5
15512.0,0,1,168,3,311.78,103.93,66.33,28,485,158.5,0,0.0
17361.0,0,2,100,3,437.44,145.81,189.39,27,485,192.5,0,0.0
17163.0,0,2,254,2,406.68,203.34,87.82,24,484,230.0,0,0.0
17504.0,1,0,15,18,9565.12,531.4,515.29,244,478,27.235294117647058,1,0.0556
17647.0,0,1,478,2,198.6,99.3,0.85,5,478,0.0,0,0.0
13242.0,0,1,22,6,533.0,88.83,52.52,15,477,91.0,0,0.0
14072.0,1,0,475,1,390.85,390.85,,19,475,,0,0.0
13446.0,1,0,239,11,3881.89,352.9,77.81,113,472,23.3,7,0.6364
15425.0,1,0,209,4,1944.57,486.14,314.16,114,472,87.66666666666667,0,0.0
15538.0,1,0,346,6,3358.4,559.73,305.47,3,472,25.2,5,0.8333
17402.0,0,8,42,14,3246.7,231.91,151.4,100,532,37.69230769230769,3,0.2143
17526.0,1,0,99,11,3842.94,349.36,249.67,61,531,43.2,3,0.2727
13921.0,1,0,211,4,730.7,182.68,59.45,36,530,106.33333333333333,1,0.25
17624.0,0,1,27,3,1125.45,375.15,50.67,71,528,250.5,0,0.0
14404.0,0,3,68,10,2148.37,214.84,91.99,90,528,51.111111111111114,2,0.2
14198.0,0,3,48,6,1051.63,175.27,37.65,41,512,92.8,2,0.3333
15186.0,0,2,283,3,991.79,330.6,156.26,22,505,111.0,0,0.0
12939.0,0,5,82,15,20911.32,1394.09,1110.63,24,505,30.214285714285715,0,0.0
14137.0,1,0,504,1,332.7,332.7,,11,504,,1,1.0
14154.0,1,0,48,8,6460.7,807.59,551.0,236,504,65.14285714285714,2,0.25
16304.0,1,0,503,1,381.66,381.66,,25,503,,0,0.0
13787.0,0,1,173,5,1019.86,203.97,126.62,56,503,82.5,3,0.6
14256.0,1,0,69,5,2473.99,494.8,324.83,100,503,108.5,4,0.8
16660.0,0,2,19,5,996.26,199.25,78.06,10,503,121.0,0,0.0
15605.0,0,2,61,7,1428.75,204.11,105.52,59,503,73.66666666666667,1,0.1429
15771.0,1,0,413,3,1006.54,335.51,29.31,26,502,44.5,0,0.0
14420.0,0,1,205,3,1251.65,417.22,22.84,58,500,147.5,2,0.6667
14207.0,1,0,496,1,157.8,157.8,,2,496,,0,0.0
14431.0,1,0,111,4,2614.2,653.55,579.54,72,496,128.33333333333334,1,0.25
14714.0,0,1,216,3,746.05,248.68,87.73,59,496,140.0,3,1.0
14274.0,1,0,495,1,256.6,256.6,,15,495,,0,0.0
16822.0,1,0,495,1,181.39,181.39,,11,495,,2,2.0
16950.0,0,2,176,8,2777.81,347.23,107.92,84,493,45.285714285714285,2,0.25
13036.0,1,0,493,1,307.1,307.1,,6,493,,0,0.0
14879.0,1,0,493,1,185.06,185.06,,27,493,,0,0.0
15711.0,1,0,365,2,420.25,210.13,146.34,25,493,128.0,0,0.0
13729.0,1,0,244,3,724.73,241.58,204.8,36,493,124.5,2,0.6667
14044.0,0,3,118,7,2644.02,377.72,176.4,465,493,62.5,1,0.1429
14621.0,0,3,167,5,1517.91,303.58,189.47,74,492,81.25,6,1.2
13477.0,0,4,20,7,1895.62,270.8,146.17,84,492,78.66666666666667,2,0.2857
15611.0,0,9,65,16,1737.33,108.58,46.95,26,492,28.466666666666665,5,0.3125
17982.0,1,0,489,1,138.18,138.18,,13,489,,0,0.0
13851.0,0,2,97,6,2201.32,366.89,256.71,56,488,78.2,1,0.1667
13757.0,1,0,483,1,195.55,195.55,,8,483,,0,0.0
15591.0,1,0,391,3,217.9,72.63,38.35,6,482,45.5,0,0.0
13783.0,1,0,296,4,1542.09,385.52,136.88,4,482,62.0,0,0.0
17138.0,1,0,84,7,4417.27,631.04,523.44,234,482,66.33333333333333,0,0.0
16788.0,0,1,63,4,1649.99,412.5,100.82,292,479,138.66666666666666,0,0.0
15371.0,1,0,471,1,59.4,59.4,,1,471,,0,0.0
15325.0,0,1,204,7,1439.72,205.67,35.2,141,470,44.333333333333336,1,0.1429
13503.0,0,1,288,5,1688.54,337.71,363.04,148,470,45.5,6,1.2
13659.0,1,0,14,12,4894.88,407.91,277.0,224,469,41.36363636363637,5,0.4167
18218.0,1,0,20,4,1142.0,285.5,75.08,25,469,149.66666666666666,2,0.5
14783.0,1,0,468,1,307.3,307.3,,17,468,,1,1.0
15295.0,1,0,463,1,217.24,217.24,,50,463,,0,0.0
16388.0,1,0,462,1,186.05,186.05,,13,462,,0,0.0
14284.0,0,2,462,1,704.4,704.4,,35,462,,0,0.0
13765.0,1,0,462,1,352.82,352.82,,17,462,,0,0.0
14006.0,0,1,50,6,1896.57,316.09,83.3,53,461,82.2,0,0.0
17534.0,0,1,260,4,1445.47,361.37,96.75,69,461,67.0,0,0.0
15124.0,0,2,285,2,266.63,133.32,1.01,16,460,175.0,0,0.0
16037.0,1,0,78,5,1509.34,301.87,36.14,62,457,94.75,2,0.4
17116.0,1,0,457,1,389.78,389.78,,47,457,,0,0.0
16461.0,0,1,399,2,1463.8,731.9,63.29,196,455,56.0,0,0.0
17049.0,0,5,23,13,5869.3,451.48,294.83,205,454,35.916666666666664,4,0.3077
15094.0,1,0,272,2,83.0,41.5,12.02,4,453,181.0,0,0.0
16331.0,1,0,241,6,2037.7,339.62,342.3,33,451,42.0,0,0.0
17236.0,0,2,51,10,1576.95,157.7,41.72,81,451,44.44444444444444,0,0.0
15631.0,1,0,451,1,596.67,596.67,,39,451,,0,0.0
16310.0,1,0,223,2,460.08,230.04,56.09,26,451,228.0,0,0.0
12825.0,1,0,330,2,518.63,259.32,62.91,20,450,120.0,0,0.0
18245.0,0,2,20,17,5064.21,297.89,166.94,275,450,26.875,3,0.1765
18039.0,1,0,183,4,579.17,144.79,36.85,137,449,88.66666666666667,0,0.0
13283.0,0,2,376,2,279.7,139.85,17.04,13,449,73.0,0,0.0
13305.0,0,5,54,10,2394.1,239.41,146.06,123,448,43.77777777777778,0,0.0
17065.0,1,0,446,2,194.7,97.35,0.0,6,446,0.0,0,0.0
13724.0,1,0,446,1,213.01,213.01,,39,446,,0,0.0
15994.0,0,1,220,2,775.11,387.55,23.48,69,444,224.0,2,1.0
13183.0,0,5,17,9,4605.48,511.72,138.6,43,444,53.375,3,0.3333
17849.0,1,0,27,8,1063.76,132.97,40.81,24,444,59.57142857142857,0,0.0
14857.0,0,2,251,5,2478.73,495.75,442.13,125,443,48.0,2,0.4
18063.0,1,0,199,2,186.6,93.3,12.3,2,442,243.0,0,0.0
13371.0,1,0,314,2,2297.66,1148.83,56.82,75,441,127.0,2,1.0
15775.0,1,0,54,2,150.5,75.25,41.93,9,440,386.0,0,0.0
14427.0,0,2,303,2,900.18,450.09,205.08,27,440,137.0,0,0.0
15918.0,0,1,80,2,390.65,195.33,75.41,37,440,360.0,0,0.0
16199.0,1,0,201,7,942.75,134.68,150.05,2,440,39.833333333333336,0,0.0
14832.0,1,0,439,1,322.69,322.69,,1,439,,2,2.0
15650.0,1,0,330,2,553.88,276.94,116.16,33,437,107.0,1,0.5
13466.0,0,1,217,4,705.45,176.36,103.95,34,437,73.33333333333333,1,0.25
15614.0,1,0,246,4,3147.36,786.84,520.82,73,435,63.0,3,0.75
16615.0,1,0,435,1,291.5,291.5,,19,435,,1,1.0
15027.0,0,2,28,8,2783.57,347.95,191.45,52,433,57.857142857142854,3,0.375
16794.0,0,8,189,5,868.2,173.64,53.89,151,433,61.0,0,0.0
16666.0,0,1,430,1,106.96,106.96,,15,430,,0,0.0
16532.0,0,2,147,3,3918.24,1306.08,542.36,1,429,141.0,0,0.0
16456.0,0,2,36,11,6281.15,571.01,372.57,217,429,39.3,1,0.0909
16036.0,0,1,72,3,1986.65,662.22,413.12,88,429,178.5,0,0.0
16176.0,1,0,230,4,2052.69,513.17,393.94,53,429,66.33333333333333,3,0.75
17664.0,0,1,21,3,887.78,295.93,38.39,51,429,204.0,0,0.0
16847.0,0,1,427,1,421.45,421.45,,25,427,,0,0.0
14893.0,1,0,426,1,571.76,571.76,,33,426,,3,3.0
13582.0,1,0,198,2,241.68,120.84,61.29,10,426,228.0,0,0.0
16054.0,0,1,227,3,1327.98,442.66,120.2,49,426,99.5,3,1.0
14694.0,1,0,426,1,244.31,244.31,,15,426,,0,0.0
14489.0,1,0,16,4,1574.93,393.73,74.53,65,421,135.0,0,0.0
12997.0,0,2,45,6,1492.49,248.75,121.13,52,421,75.2,7,1.1667
13207.0,0,2,260,2,285.6,142.8,100.97,4,421,161.0,0,0.0
17563.0,1,0,387,2,392.38,196.19,231.42,27,420,33.0,3,1.5
13852.0,1,0,419,1,187.35,187.35,,11,419,,1,1.0
17746.0,1,0,49,4,904.18,226.05,127.46,32,419,123.33333333333333,3,0.75
15638.0,1,0,187,6,2265.2,377.53,227.71,20,419,46.4,3,0.5
15067.0,0,2,91,3,2981.17,993.72,327.22,125,416,162.5,1,0.3333
17594.0,0,1,63,3,1819.7,606.57,289.03,52,413,175.0,0,0.0
15814.0,0,4,202,2,689.11,344.56,71.38,23,412,210.0,0,0.0
14988.0,1,0,20,7,2066.6,295.23,99.32,171,411,65.16666666666667,0,0.0
14845.0,1,0,408,1,150.0,150.0,,1,408,,0,0.0
15451.0,1,0,243,2,233.21,116.61,8.97,56,408,165.0,0,0.0
12983.0,1,0,407,1,490.08,490.08,,30,407,,0,0.0
16256.0,1,0,75,3,1629.37,543.12,223.86,27,406,165.5,1,0.3333
16472.0,1,0,243,2,789.6,394.8,229.44,39,406,163.0,0,0.0
15651.0,0,2,69,3,840.08,280.03,48.08,44,405,168.0,0,0.0
14655.0,0,2,31,4,2756.84,689.21,250.29,55,405,124.66666666666667,4,1.0
17240.0,1,0,405,1,130.6,130.6,,7,405,,0,0.0
15474.0,1,0,404,1,163.1,163.1,,19,404,,0,0.0
15717.0,1,0,43,5,607.0,121.4,33.17,17,401,89.5,0,0.0
14021.0,0,1,20,6,1586.38,264.4,151.24,80,401,76.2,0,0.0
13064.0,0,3,136,3,764.55,254.85,60.6,21,400,132.0,0,0.0
14237.0,1,0,182,2,632.14,316.07,8.39,26,399,217.0,1,0.5
13539.0,0,1,49,6,1253.67,208.95,174.69,58,399,70.0,2,0.3333
13775.0,1,0,399,1,1049.66,1049.66,,63,399,,0,0.0
15954.0,1,0,398,1,190.75,190.75,,20,398,,0,0.0
15709.0,1,0,92,2,327.85,163.93,43.38,26,398,306.0,0,0.0
12915.0,0,1,181,3,1010.75,336.92,113.16,40,398,108.5,4,1.3333
13465.0,1,0,255,2,931.12,465.56,206.39,34,395,140.0,0,0.0
14962.0,1,0,79,4,366.91,91.73,37.89,14,393,104.66666666666667,0,0.0
16135.0,1,0,71,2,819.45,409.72,152.49,35,392,321.0,0,0.0
17759.0,0,3,202,2,441.92,220.96,125.6,41,392,190.0,0,0.0
15704.0,0,3,24,3,2463.19,821.06,129.02,99,392,184.0,2,0.6667
14272.0,0,1,63,3,614.94,204.98,91.93,38,391,164.0,0,0.0
13830.0,1,0,390,1,156.85,156.85,,11,390,,1,1.0
13007.0,1,0,388,1,175.25,175.25,,11,388,,0,0.0
17135.0,0,5,98,5,1314.98,263.0,102.72,85,388,72.5,1,0.2
17482.0,1,0,296,2,778.19,389.1,192.69,50,387,91.0,0,0.0
16614.0,0,1,211,2,673.6,336.8,61.73,20,387,176.0,0,0.0
14391.0,1,0,385,1,135.6,135.6,,14,385,,0,0.0
17845.0,1,0,364,4,598.19,149.55,121.27,42,385,7.0,0,0.0
17897.0,0,1,176,8,2453.02,306.63,155.04,175,385,29.857142857142858,1,0.125
15199.0,0,2,44,8,2510.85,313.86,17.93,17,384,48.57142857142857,0,0.0
15280.0,0,1,297,2,293.1,146.55,7.0,39,380,83.0,0,0.0
14325.0,1,0,378,1,245.48,245.48,,18,378,,0,0.0
17382.0,0,1,244,7,836.88,119.55,130.19,14,378,22.333333333333332,0,0.0
15636.0,0,1,91,3,1026.52,342.17,42.27,28,378,143.5,0,0.0
16059.0,0,3,63,9,2405.61,267.29,129.22,192,378,39.375,0,0.0
16664.0,1,0,378,1,109.2,109.2,,8,378,,0,0.0
17758.0,0,5,17,7,2610.66,372.95,245.56,230,377,60.0,0,0.0
16290.0,1,0,273,4,2069.3,517.33,472.05,85,374,33.666666666666664,0,0.0
13778.0,0,1,300,3,945.79,315.26,178.95,27,374,37.0,1,0.3333
17278.0,1,0,50,2,271.24,135.62,156.16,17,374,324.0,0,0.0
14920.0,1,0,21,3,1607.17,535.72,116.32,90,374,176.5,0,0.0
16185.0,0,1,41,2,450.31,225.15,155.34,28,373,332.0,0,0.0
18052.0,1,0,373,1,10877.18,10877.18,,16,373,,0,0.0
14847.0,0,1,216,2,1039.55,519.78,304.02,47,373,157.0,1,0.5
18000.0,1,0,373,1,124.25,124.25,,6,373,,0,0.0
15217.0,1,0,372,1,426.24,426.24,,28,372,,0,0.0
13880.0,0,8,26,9,2198.52,244.28,83.94,85,371,43.125,0,0.0
13169.0,0,1,61,2,632.4,316.2,267.29,11,371,310.0,0,0.0
14876.0,1,0,330,2,256.7,128.35,106.42,12,370,40.0,0,0.0
17822.0,1,0,229,5,2188.5,437.7,391.15,152,369,35.0,0,0.0
16518.0,0,1,93,3,665.75,221.92,86.84,39,365,136.0,2,0.6667
16565.0,1,0,173,4,773.05,193.26,98.03,7,364,63.666666666666664,1,0.25
14687.0,0,1,209,2,773.68,386.84,106.32,23,360,151.0,0,0.0
17515.0,0,1,15,8,1549.81,193.73,71.23,90,359,49.142857142857146,0,0.0
12829.0,1,0,145,3,385.3,128.43,68.34,17,359,107.0,1,0.3333
17101.0,0,3,203,3,885.32,295.11,163.24,28,359,78.0,0,0.0
14618.0,1,0,146,5,1000.68,200.14,64.66,35,355,52.25,2,0.4
17691.0,1,0,167,4,780.05,195.01,61.21,37,355,62.666666666666664,1,0.25
16205.0,0,4,205,3,1069.23,356.41,148.34,89,351,73.0,0,0.0
14634.0,1,0,246,4,2124.46,531.12,779.82,105,350,34.666666666666664,3,0.75
18042.0,0,1,350,1,116.1,116.1,,9,350,,0,0.0
16486.0,1,0,346,1,134.36,134.36,,7,346,,0,0.0
16227.0,1,0,34,3,1027.22,342.41,43.74,28,344,155.0,3,1.0
17304.0,1,0,343,1,111.5,111.5,,5,343,,0,0.0
15824.0,1,0,262,2,890.94,445.47,71.66,24,341,79.0,0,0.0
17543.0,1,0,358,1,120.05,120.05,,13,358,,0,0.0
16072.0,1,0,97,4,4328.89,1082.22,839.57,414,358,87.0,0,0.0
13502.0,0,1,83,4,677.66,169.42,102.15,20,357,91.33333333333333,1,0.25
16453.0,1,0,339,2,251.71,125.85,33.38,15,357,18.0,0,0.0
15430.0,1,0,276,2,954.75,477.38,508.23,36,337,61.0,1,0.5
13302.0,0,1,335,1,95.45,95.45,,2,335,,0,0.0
14366.0,1,0,334,1,136.0,136.0,,1,334,,0,0.0
16032.0,1,0,265,6,1970.45,328.41,144.95,130,332,13.4,0,0.0
15678.0,0,1,204,2,1541.19,770.6,55.32,67,331,127.0,0,0.0
12963.0,0,5,174,5,2110.76,422.15,305.85,74,328,38.5,2,0.4
13399.0,1,0,273,3,275.4,91.8,12.01,10,328,27.5,0,0.0
17492.0,1,0,57,3,1122.42,374.14,19.33,32,327,135.0,0,0.0
15283.0,1,0,199,3,148.33,49.44,44.45,9,327,64.0,1,0.3333
13779.0,1,0,324,1,161.13,161.13,,27,324,,0,0.0
14084.0,1,0,321,1,150.5,150.5,,7,321,,0,0.0
15908.0,1,0,299,2,764.57,382.29,272.82,37,321,22.0,0,0.0
17921.0,0,3,75,7,1877.55,268.22,101.79,172,321,41.0,2,0.2857
17395.0,1,0,317,1,97.5,97.5,,3,317,,0,0.0
17090.0,0,3,36,9,1754.58,194.95,126.28,23,317,35.125,1,0.1111
12864.0,0,1,317,1,152.45,152.45,,4,317,,0,0.0
13444.0,1,0,183,2,631.68,315.84,255.34,51,315,132.0,0,0.0
18026.0,1,0,309,2,2074.07,1037.04,412.41,12,314,5.0,0,0.0
18132.0,1,0,313,1,226.9,226.9,,60,313,,0,0.0
15080.0,1,0,236,2,546.25,273.13,124.77,31,310,74.0,0,0.0
14384.0,1,0,309,1,58.5,58.5,,3,309,,0,0.0
15596.0,0,1,23,8,3113.14,389.14,222.36,82,308,40.714285714285715,7,0.875
15459.0,1,0,226,2,202.83,101.42,5.07,6,306,80.0,0,0.0
14455.0,1,0,241,4,628.21,157.05,97.18,65,304,21.0,1,0.25
14001.0,0,1,41,8,3796.15,474.52,270.84,48,302,37.285714285714285,0,0.0
18079.0,0,3,47,2,2203.61,1101.81,722.7,38,300,253.0,0,0.0
13140.0,0,2,175,3,951.47,317.16,63.95,68,300,62.5,0,0.0
17132.0,1,0,261,2,1272.8,636.4,56.24,62,297,36.0,0,0.0
14822.0,1,0,294,1,157.7,157.7,,9,294,,0,0.0
14736.0,1,0,294,2,401.08,200.54,25.95,70,294,0.0,0,0.0
16477.0,0,2,23,9,3378.07,375.34,97.16,152,293,33.75,0,0.0
14630.0,1,0,293,1,338.65,338.65,,21,293,,0,0.0
17639.0,1,0,85,6,615.17,102.53,71.59,59,292,41.4,0,0.0
15050.0,0,3,230,2,2411.7,1205.85,191.82,58,289,59.0,0,0.0
15310.0,1,0,287,1,1634.64,1634.64,,45,287,,0,0.0
17585.0,0,2,72,5,1481.76,296.35,125.82,206,287,53.75,0,0.0
14767.0,1,0,283,1,382.81,382.81,,18,283,,0,0.0
17649.0,0,1,278,2,710.4,355.2,481.33,45,281,3.0,1,0.5
17336.0,1,0,281,1,81.12,81.12,,1,281,,0,0.0
18124.0,1,0,281,1,111.53,111.53,,20,281,,0,0.0
17894.0,0,2,94,16,2201.42,137.59,54.31,187,278,12.266666666666667,2,0.125
15074.0,0,1,238,2,817.46,408.73,69.4,31,276,38.0,0,0.0
16239.0,0,2,191,4,1078.0,269.5,178.2,9,272,27.0,0,0.0
17369.0,1,0,264,1,979.2,979.2,,1,264,,0,0.0
14708.0,0,1,177,3,1504.97,501.66,292.73,14,264,43.5,1,0.3333
17616.0,0,1,63,3,897.6,299.2,308.93,1,260,98.5,0,0.0
13312.0,1,0,260,1,124.75,124.75,,5,260,,0,0.0
14363.0,1,0,211,2,227.47,113.74,50.32,8,260,49.0,0,0.0
15535.0,0,1,45,5,962.81,192.56,121.94,75,258,53.25,4,0.8
14776.0,0,8,27,7,2244.6,320.66,116.21,62,255,38.0,2,0.2857
17167.0,1,0,188,3,867.11,289.04,27.49,64,254,33.0,0,0.0
17480.0,0,1,253,1,390.21,390.21,,24,253,,0,0.0
17840.0,1,0,252,1,185.72,185.72,,44,252,,0,0.0
15761.0,1,0,251,1,143.05,143.05,,5,251,,0,0.0
13519.0,0,1,251,1,220.46,220.46,,11,251,,0,0.0
18193.0,0,1,189,2,963.59,481.8,286.17,50,251,62.0,1,0.5
14992.0,1,0,251,1,210.5,210.5,,27,251,,0,0.0
17396.0,0,7,180,7,1873.8,267.69,253.51,11,250,11.666666666666666,2,0.2857
13386.0,1,0,223,2,835.46,417.73,147.12,24,246,23.0,0,0.0
14657.0,0,2,91,4,1137.05,284.26,141.51,120,244,51.0,1,0.25
17533.0,1,0,243,1,34.8,34.8,,1,243,,0,0.0
16306.0,1,0,22,7,1192.82,170.4,183.7,55,243,36.833333333333336,3,0.4286
13674.0,1,0,241,1,240.68,240.68,,14,241,,1,1.0
16848.0,0,1,185,3,1130.2,376.73,342.28,64,241,28.0,0,0.0
15859.0,1,0,241,1,438.46,438.46,,22,241,,0,0.0
14008.0,1,0,241,1,509.04,509.04,,32,241,,1,1.0
14065.0,1,0,198,3,891.02,297.01,133.86,42,240,21.0,1,0.3333
15392.0,0,2,169,4,1715.07,428.77,77.51,54,240,23.666666666666668,1,0.25
15730.0,0,2,15,3,1073.13,357.71,96.14,65,240,112.5,2,0.6667
15346.0,1,0,141,3,596.12,198.71,101.87,36,240,49.5,1,0.3333
14314.0,0,1,239,1,109.8,109.8,,2,239,,1,1.0
14470.0,1,0,96,2,548.49,274.25,33.09,48,239,143.0,0,0.0
15782.0,0,2,239,1,1399.36,1399.36,,18,239,,1,1.0
14118.0,1,0,237,1,458.45,458.45,,15,237,,0,0.0
14127.0,0,1,65,5,1642.6,328.52,125.0,88,234,42.25,0,0.0
15645.0,0,1,223,2,443.16,221.58,288.33,16,234,11.0,1,0.5
15277.0,0,1,234,1,220.44,220.44,,14,234,,0,0.0
13747.0,1,0,182,2,249.4,124.7,48.79,4,233,51.0,0,0.0
14746.0,1,0,215,4,593.5,148.38,98.05,7,232,5.666666666666667,0,0.0
16418.0,0,2,35,3,572.58,190.86,115.54,71,231,98.0,0,0.0
17717.0,1,0,230,1,376.92,376.92,,26,230,,0,0.0
15626.0,0,1,138,2,673.6,336.8,77.67,50,230,92.0,1,0.5
17510.0,0,1,229,1,206.08,206.08,,15,229,,0,0.0
13079.0,0,4,226,1,199.08,199.08,,11,226,,0,0.0
15011.0,1,0,204,2,416.6,208.3,20.79,17,225,21.0,0,0.0
14585.0,0,1,191,4,986.22,246.56,52.66,64,225,11.333333333333334,0,0.0
13840.0,1,0,225,1,651.4,651.4,,40,225,,0,0.0
14617.0,1,0,211,2,190.47,95.24,19.47,7,224,13.0,0,0.0
16916.0,0,1,181,3,745.22,248.41,140.06,100,224,21.5,0,0.0
16642.0,1,0,16,2,696.85,348.42,57.55,33,224,208.0,2,1.0
14148.0,1,0,42,2,466.29,233.15,107.4,15,223,181.0,0,0.0
16445.0,0,1,195,3,372.22,124.07,97.89,93,220,12.5,0,0.0
15337.0,1,0,220,1,373.02,373.02,,21,220,,1,1.0
16193.0,1,0,45,2,630.43,315.21,1.08,38,219,174.0,0,0.0
14673.0,0,2,176,3,2047.9,682.63,111.69,65,218,21.0,0,0.0
13578.0,1,0,218,1,147.66,147.66,,9,218,,0,0.0
14271.0,1,0,34,2,219.13,109.57,3.9,38,218,184.0,0,0.0
16188.0,0,2,35,3,671.57,223.86,166.36,46,217,91.0,1,0.3333
15285.0,1,0,216,1,94.92,94.92,,6,216,,0,0.0
16630.0,1,0,216,1,106.8,106.8,,4,216,,1,1.0
16780.0,0,1,68,2,342.25,171.13,13.06,44,216,148.0,0,0.0
17974.0,0,2,28,4,1290.04,322.51,296.48,177,216,62.666666666666664,0,0.0
17821.0,1,0,215,1,334.62,334.62,,6,215,,0,0.0
13580.0,1,0,215,1,107.75,107.75,,5,215,,0,0.0
13310.0,0,1,15,4,1226.82,306.71,123.48,65,211,65.33333333333333,2,0.5
13331.0,1,0,210,1,262.4,262.4,,12,210,,0,0.0
16865.0,1,0,210,1,130.95,130.95,,15,210,,0,0.0
13049.0,0,1,127,3,905.34,301.78,181.3,12,210,41.5,1,0.3333
16712.0,0,6,21,6,1825.93,304.32,141.57,171,210,37.8,0,0.0
14737.0,0,1,162,2,2823.62,1411.81,1382.83,28,209,47.0,0,0.0
14777.0,1,0,212,1,307.56,307.56,,16,212,,2,2.0
18127.0,0,3,212,1,212.8,212.8,,21,212,,0,0.0
13597.0,1,0,209,2,396.71,198.36,257.18,17,211,2.0,1,0.5
17276.0,1,0,211,1,508.39,508.39,,50,211,,1,1.0
13846.0,0,1,51,3,1106.66,368.89,101.98,69,208,78.5,1,0.3333
13646.0,1,0,208,2,326.25,163.12,168.82,58,208,0.0,1,0.5
16899.0,0,3,16,4,787.01,196.75,56.26,68,206,63.333333333333336,0,0.0
17208.0,1,0,204,1,115.35,115.35,,21,204,,0,0.0
17374.0,1,0,27,3,727.11,242.37,56.74,34,204,88.5,1,0.3333
15001.0,1,0,203,2,230.86,115.43,128.1,44,203,0.0,0,0.0
17288.0,0,1,16,9,1743.95,193.77,116.11,139,203,23.375,0,0.0
17903.0,1,0,203,1,381.09,381.09,,44,203,,0,0.0
14082.0,1,0,173,2,413.36,206.68,34.55,48,201,28.0,0,0.0
13167.0,0,4,199,1,333.82,333.82,,16,199,,0,0.0
18221.0,0,4,20,2,617.8,308.9,105.26,31,199,179.0,1,0.5
12991.0,0,2,198,1,261.06,261.06,,14,198,,0,0.0
16399.0,0,1,44,2,411.66,205.83,38.78,65,198,154.0,0,0.0
18084.0,0,1,192,2,722.45,361.23,360.66,6,197,5.0,2,1.0
16083.0,0,1,169,3,1371.78,457.26,219.08,51,197,14.0,0,0.0
13624.0,1,0,197,1,462.08,462.08,,22,197,,1,1.0
13458.0,0,7,23,8,7942.32,992.79,343.17,220,197,24.857142857142858,5,0.625
16829.0,0,1,197,1,316.1,316.1,,16,197,,0,0.0
14405.0,1,0,195,1,195.0,195.0,,2,195,,0,0.0
17355.0,1,0,195,1,285.11,285.11,,28,195,,0,0.0
16936.0,0,1,194,1,288.49,288.49,,81,194,,0,0.0
16599.0,1,0,194,1,172.8,172.8,,12,194,,0,0.0
15846.0,1,0,194,1,107.01,107.01,,27,194,,0,0.0
12858.0,1,0,192,1,177.92,177.92,,36,192,,1,1.0
13550.0,1,0,192,1,349.51,349.51,,40,192,,0,0.0
14048.0,1,0,114,3,748.69,249.56,189.84,126,191,38.5,1,0.3333
17598.0,1,0,190,1,409.98,409.98,,10,190,,0,0.0
18076.0,1,0,189,1,151.49,151.49,,8,189,,0,0.0
12961.0,1,0,188,1,211.99,211.99,,37,188,,0,0.0
17283.0,1,0,187,1,188.46,188.46,,15,187,,0,0.0
16262.0,1,0,187,1,755.15,755.15,,46,187,,2,2.0
15404.0,1,0,184,1,257.06,257.06,,16,184,,0,0.0
16355.0,1,0,184,1,416.35,416.35,,47,184,,1,1.0
17468.0,0,1,184,1,57.8,57.8,,3,184,,0,0.0
17826.0,1,0,183,1,134.59,134.59,,33,183,,0,0.0
16473.0,0,1,96,3,372.53,124.18,48.38,21,183,43.5,1,0.3333
17820.0,1,0,183,1,183.56,183.56,,39,183,,1,1.0
14594.0,1,0,182,1,510.0,510.0,,31,182,,0,0.0
17855.0,1,0,181,1,417.94,417.94,,17,181,,0,0.0
17976.0,1,0,181,1,706.38,706.38,,56,181,,0,0.0
15894.0,1,0,62,2,420.29,210.14,146.14,35,178,116.0,0,0.0
15899.0,1,0,177,1,112.5,112.5,,4,177,,0,0.0
15919.0,0,1,177,1,541.44,541.44,,38,177,,0,0.0
13030.0,1,0,177,1,855.48,855.48,,50,177,,0,0.0
13369.0,1,0,174,1,616.56,616.56,,14,174,,1,1.0
17752.0,1,0,168,1,80.64,80.64,,1,168,,0,0.0
14185.0,1,0,140,1,197.65,197.65,,3,140,,0,0.0
17786.0,0,1,126,1,114.85,114.85,,24,126,,0,0.0
16378.0,1,0,56,3,362.95,120.98,39.05,22,119,31.5,0,0.0
17507.0,1,0,70,2,605.58,302.79,53.41,79,118,48.0,0,0.0
16217.0,1,0,44,2,304.25,152.13,43.66,13,91,47.0,2,1.0
14071.0,0,4,69,2,356.81,178.41,66.46,22,73,4.0,1,0.5
12902.0,1,0,73,1,138.68,138.68,,10,73,,0,0.0
15831.0,0,2,133,1,309.94,309.94,,17,133,,1,1.0
13068.0,1,0,128,1,165.0,165.0,,1,128,,0,0.0
14368.0,1,0,128,1,155.0,155.0,,8,128,,0,0.0
13725.0,0,2,34,6,1751.6,291.93,322.69,83,117,16.6,2,0.3333
14842.0,0,3,117,1,310.0,310.0,,2,117,,1,1.0
15843.0,1,0,112,1,118.95,118.95,,8,112,,0,0.0
18159.0,1,0,110,1,530.15,530.15,,23,110,,0,0.0
14371.0,1,0,104,1,100.5,100.5,,4,104,,0,0.0
15121.0,0,1,97,1,295.15,295.15,,18,97,,0,0.0
13261.0,1,0,77,2,944.1,472.05,527.57,8,94,17.0,0,0.0
17654.0,1,0,86,1,117.55,117.55,,22,86,,0,0.0
14165.0,1,0,84,1,122.54,122.54,,23,84,,0,0.0
15632.0,0,5,34,3,1242.5,414.17,124.49,51,83,24.5,1,0.3333
14297.0,0,3,83,1,232.6,232.6,,11,83,,0,0.0
13899.0,0,1,83,1,298.5,298.5,,15,83,,0,0.0
14603.0,1,0,83,1,660.0,660.0,,2,83,,0,0.0
16808.0,0,1,83,1,166.5,166.5,,19,83,,0,0.0
14352.0,0,2,43,2,845.32,422.66,270.62,35,82,39.0,0,0.0
13708.0,1,0,80,1,296.88,296.88,,49,80,,0,0.0
13121.0,1,0,78,1,283.73,283.73,,50,78,,1,1.0
13533.0,0,1,76,2,146.64,73.32,78.02,42,76,0.0,0,0.0
14377.0,0,1,71,1,314.6,314.6,,4,71,,0,0.0
17250.0,1,0,70,1,162.65,162.65,,23,70,,0,0.0
14348.0,1,0,69,1,409.57,409.57,,18,69,,0,0.0
17946.0,1,0,42,2,149.58,74.79,80.95,18,68,26.0,0,0.0
15528.0,1,0,63,1,229.33,229.33,,26,63,,0,0.0
17088.0,0,3,62,1,1015.83,1015.83,,55,62,,0,0.0
17781.0,0,1,62,1,102.0,102.0,,2,62,,0,0.0
18263.0,0,2,61,1,307.6,307.6,,15,61,,0,0.0
18185.0,1,0,58,1,304.25,304.25,,17,58,,0,0.0
16633.0,0,5,43,1,447.52,447.52,,26,43,,0,0.0
16637.0,0,3,34,1,303.62,303.62,,16,34,,0,0.0
14149.0,1,0,29,1,446.62,446.62,,28,29,,2,2.0
15582.0,0,2,29,1,303.61,303.61,,22,29,,0,0.0
17394.0,1,0,28,1,203.87,203.87,,4,28,,0,0.0
16457.0,1,0,27,1,208.36,208.36,,9,27,,0,0.0
13867.0,0,2,27,1,138.85,138.85,,8,27,,0,0.0
13741.0,0,2,26,1,162.96,162.96,,8,26,,1,1.0
17410.0,0,4,24,1,302.4,302.4,,15,24,,0,0.0
13990.0,1,0,22,1,311.3,311.3,,16,22,,0,0.0
15187.0,0,12,21,1,431.6,431.6,,9,21,,0,0.0
17263.0,1,0,17,1,63.44,63.44,,23,17,,0,0.0
16446.0,1,0,14,1,2.9,2.9,,2,14,,1,1.0
12971.0,0,43,5,69,9421.1,136.54,98.29,74,533,7.764705882352941,3,0.0435
18145.0,0,2,13,9,3780.02,420.0,153.01,158,540,65.875,1,0.1111
13418.0,0,8,13,22,9446.77,429.4,276.1,250,537,24.952380952380953,3,0.1364
18168.0,0,1,13,15,3655.12,243.67,98.68,209,545,38.0,6,0.4
18225.0,0,6,13,19,9213.21,484.91,467.49,217,544,29.5,6,0.3158
16146.0,0,1,12,3,871.38,290.46,87.96,34,257,122.5,0,0.0
15370.0,0,4,12,4,2480.9,620.23,513.26,77,219,69.0,0,0.0
15220.0,0,3,12,3,858.19,286.06,79.73,53,89,38.5,1,0.3333
13856.0,0,2,12,9,847.93,94.21,14.2,30,428,52.0,2,0.2222
16497.0,0,1,12,22,5280.29,240.01,163.33,204,545,25.38095238095238,0,0.0
15290.0,0,7,12,16,4585.63,286.6,91.56,62,462,30.0,3,0.1875
18198.0,0,6,12,10,3175.11,317.51,38.69,48,145,14.777777777777779,1,0.1
17757.0,0,14,12,40,6136.06,153.4,60.97,287,504,12.615384615384615,3,0.075
13527.0,0,5,10,7,2981.87,425.98,184.5,174,496,81.0,1,0.1429
17176.0,1,0,10,3,902.32,300.77,12.64,37,486,238.0,0,0.0
14921.0,0,1,10,1,903.01,903.01,,53,10,,0,0.0
14647.0,1,0,10,2,519.97,259.98,23.71,42,332,322.0,0,0.0
15555.0,0,11,10,25,8966.93,358.68,306.83,501,542,22.166666666666668,8,0.32
15938.0,0,1,10,8,665.53,83.19,20.17,24,365,50.714285714285715,0,0.0
14514.0,0,1,10,8,3946.74,493.34,293.86,197,535,75.0,1,0.125
12877.0,0,4,9,15,2101.44,140.1,73.18,80,499,35.0,0,0.0
14239.0,0,5,9,16,3177.36,198.58,117.02,80,543,35.6,3,0.1875
14049.0,0,2,9,11,10615.77,965.07,652.4,465,426,41.7,4,0.3636
14573.0,0,2,9,11,2346.9,213.35,221.64,177,509,50.0,4,0.3636
13078.0,0,14,9,41,21371.67,521.26,204.7,131,547,13.45,29,0.7073
15311.0,0,44,5,160,85669.95,535.44,533.48,698,547,3.408805031446541,50,0.3125
14817.0,1,0,9,7,3959.86,565.69,71.88,142,436,71.16666666666667,2,0.2857
18160.0,0,1,9,2,684.37,342.18,33.42,41,195,186.0,0,0.0
13590.0,0,2,8,15,5279.7,351.98,225.79,241,547,38.5,2,0.1333
13854.0,0,8,5,30,9303.98,310.13,101.94,53,509,17.379310344827587,4,0.1333
15819.0,0,2,8,8,3206.48,400.81,183.87,162,440,61.714285714285715,1,0.125
17375.0,1,0,8,4,660.55,165.14,70.55,77,240,77.33333333333333,0,0.0
15042.0,1,0,8,2,315.45,157.73,30.82,9,404,396.0,0,0.0
15804.0,0,10,7,1,525.36,525.36,,34,7,,0,0.0
13263.0,0,18,7,18,4541.37,252.3,105.84,373,222,12.647058823529411,0,0.0
17770.0,1,0,7,5,1143.27,228.65,223.22,33,91,21.0,0,0.0
14009.0,1,0,7,3,1099.91,366.64,46.47,71,271,132.0,1,0.3333
14584.0,0,2,6,6,1180.45,196.74,38.24,114,469,92.6,0,0.0
15805.0,0,12,6,18,7164.53,398.03,244.42,245,538,31.294117647058822,8,0.4444
15658.0,0,1,6,7,2415.97,345.14,179.12,79,545,89.83333333333333,5,0.7143
12942.0,0,1,6,2,655.27,327.64,268.51,23,174,168.0,0,0.0
14816.0,1,0,6,1,271.85,271.85,,4,6,,0,0.0
15852.0,0,1,6,2,199.76,99.88,4.71,30,335,329.0,0,0.0
16624.0,0,1,6,1,426.43,426.43,,21,6,,0,0.0
14740.0,1,0,6,11,4161.06,378.28,145.14,173,461,45.5,1,0.0909
17739.0,0,3,5,14,6010.01,429.29,108.3,47,541,41.23076923076923,1,0.0714
15172.0,0,2,5,2,526.2,263.1,117.8,38,45,40.0,0,0.0
14828.0,1,0,5,13,9839.46,756.88,356.27,72,541,44.666666666666664,1,0.0769
13488.0,0,7,5,16,12150.0,759.38,647.55,306,492,32.46666666666667,4,0.25
15939.0,0,6,5,10,7577.73,757.77,869.83,52,183,19.77777777777778,1,0.1
18242.0,0,2,5,6,2066.8,344.47,47.9,68,506,100.2,0,0.0
16323.0,1,0,5,2,353.66,176.83,43.37,4,386,381.0,0,0.0
17412.0,0,2,5,13,3869.28,297.64,145.56,143,546,45.083333333333336,3,0.2308
17051.0,1,0,3,4,714.39,178.6,53.61,107,437,144.66666666666666,0,0.0
16566.0,0,3,1,2,280.12,140.06,63.87,6,101,100.0,0,0.0
16167.0,1,0,223,5,1386.12,277.22,181.5,51,547,81.0,1,0.2
17984.0,0,1,201,4,1038.59,259.65,154.43,165,547,115.33333333333333,0,0.0
14871.0,0,1,64,7,985.19,140.74,20.45,89,547,80.5,0,0.0
15662.0,1,0,470,2,283.73,141.87,50.93,12,547,77.0,0,0.0
13442.0,1,0,476,3,419.87,139.96,50.78,33,547,35.5,0,0.0
13819.0,1,0,110,6,2642.35,440.39,102.86,47,547,87.4,1,0.1667
14831.0,1,0,489,3,1676.57,558.86,432.5,67,546,28.5,4,1.3333
17818.0,1,0,546,1,130.18,130.18,,42,546,,0,0.0
14667.0,0,13,23,40,16639.75,415.99,281.39,473,546,13.41025641025641,7,0.175
14669.0,1,0,50,7,3243.93,463.42,184.19,334,546,82.66666666666667,0,0.0
17909.0,1,0,546,1,132.55,132.55,,8,546,,0,0.0
17606.0,1,0,546,1,87.3,87.3,,6,546,,0,0.0
17716.0,0,9,58,15,11752.6,783.51,666.07,261,546,34.857142857142854,2,0.1333
14838.0,1,0,232,2,773.67,386.84,378.63,69,545,313.0,0,0.0
14483.0,1,0,90,2,257.1,128.55,12.09,13,545,455.0,0,0.0
13753.0,1,0,96,4,2094.57,523.64,198.97,64,545,149.66666666666666,0,0.0
15965.0,0,3,176,10,2323.64,232.36,89.78,144,545,41.0,1,0.1
16159.0,1,0,90,4,1232.79,308.2,55.27,31,545,151.66666666666666,1,0.25
17581.0,0,12,22,28,11132.27,397.58,349.58,291,545,19.37037037037037,7,0.25
15953.0,0,4,20,14,2836.31,202.59,93.97,69,545,40.38461538461539,2,0.1429
12949.0,0,5,15,17,13610.18,800.6,652.94,311,545,33.125,6,0.3529
15884.0,1,0,241,2,249.7,124.85,165.39,14,545,304.0,1,0.5
17884.0,1,0,120,19,2958.28,155.7,112.91,287,544,23.555555555555557,3,0.1579
13679.0,1,0,302,3,281.26,93.75,37.66,44,544,121.0,0,0.0
14238.0,1,0,135,3,434.23,144.74,15.52,13,543,204.0,0,0.0
13958.0,1,0,188,8,4709.23,588.65,641.62,172,543,50.714285714285715,4,0.5
13641.0,1,0,449,5,1016.47,203.29,75.57,41,543,23.5,2,0.4
15420.0,1,0,243,6,743.0,123.83,22.14,52,543,60.0,0,0.0
16158.0,1,0,331,9,628.32,69.81,35.25,29,543,26.5,1,0.1111
14709.0,0,9,24,16,5575.43,348.46,104.65,83,543,34.6,2,0.125
16277.0,1,0,542,1,188.69,188.69,,23,542,,0,0.0
13448.0,0,2,27,11,7124.76,647.71,384.92,271,542,51.5,5,0.4545
16964.0,1,0,542,2,207.85,103.93,116.92,6,542,0.0,0,0.0
17848.0,0,5,58,25,3138.07,125.52,85.81,91,542,20.166666666666668,1,0.04
17561.0,0,1,199,3,554.72,184.91,11.05,129,542,171.5,0,0.0
17557.0,0,3,541,1,34.0,34.0,,1,541,,0,0.0
16124.0,1,0,126,4,1772.49,443.12,142.42,63,541,138.33333333333334,2,0.5
13693.0,1,0,183,9,2011.82,223.54,67.7,78,541,44.75,4,0.4444
14955.0,1,0,541,1,163.77,163.77,,30,541,,0,0.0
13905.0,1,0,541,1,312.65,312.65,,12,541,,2,2.0
14408.0,0,4,47,6,2208.88,368.15,38.63,13,541,98.8,0,0.0
13234.0,1,0,481,2,356.95,178.48,85.38,56,541,60.0,0,0.0
17441.0,1,0,541,1,293.35,293.35,,21,541,,0,0.0
17988.0,0,5,135,8,353.41,44.18,54.99,92,541,58.0,0,0.0
13042.0,1,0,407,3,1556.54,518.85,157.57,164,541,67.0,1,0.3333
17047.0,0,1,14,5,1937.76,387.55,65.63,98,540,131.5,0,0.0
15093.0,0,2,15,21,13125.77,625.04,438.54,104,540,26.25,11,0.5238
13643.0,0,3,191,7,1637.33,233.9,103.04,57,540,58.166666666666664,5,0.7143
15924.0,1,0,540,1,102.82,102.82,,14,540,,0,0.0
18275.0,1,0,387,2,741.85,370.93,2.43,19,540,153.0,0,0.0
15403.0,1,0,300,2,170.88,85.44,14.59,6,539,239.0,0,0.0
14211.0,0,4,16,14,3071.08,219.36,104.76,117,539,40.23076923076923,7,0.5
15911.0,1,0,432,8,1702.34,212.79,103.5,162,539,15.285714285714286,2,0.25
13141.0,0,1,23,16,6680.86,417.55,270.11,259,539,34.4,4,0.25
14107.0,0,3,29,8,3649.15,456.14,228.29,89,539,72.85714285714286,2,0.25
12917.0,0,1,209,5,3765.2,753.04,549.18,44,539,82.5,2,0.4
15441.0,1,0,205,3,1254.21,418.07,151.43,45,539,167.0,0,0.0
15077.0,1,0,303,2,2428.08,1214.04,481.62,28,539,236.0,2,1.0
15209.0,1,0,539,1,178.98,178.98,,13,539,,0,0.0
17388.0,0,2,20,9,2195.21,243.91,130.68,29,538,64.75,0,0.0
13091.0,0,1,538,2,1976.0,988.0,318.23,24,538,0.0,2,1.0
15642.0,1,0,538,1,105.78,105.78,,6,538,,0,0.0
15912.0,0,1,42,8,951.57,118.95,45.57,77,538,70.85714285714286,0,0.0
15623.0,0,1,202,7,2136.02,305.15,98.96,77,538,56.0,0,0.0
14626.0,0,3,42,8,3206.55,400.82,91.96,112,538,70.85714285714286,2,0.25
15916.0,0,4,55,9,2634.26,292.7,134.89,172,538,60.375,3,0.3333
14507.0,0,3,24,8,2516.56,314.57,176.85,169,538,73.42857142857143,3,0.375
16798.0,1,0,363,3,848.71,282.9,84.91,141,538,87.5,1,0.3333
15494.0,0,2,287,3,2480.82,826.94,671.66,219,538,125.5,1,0.3333
18172.0,0,13,20,39,13638.32,349.7,288.45,151,537,13.605263157894736,7,0.1795
16952.0,0,2,250,3,631.17,210.39,80.52,61,537,143.5,0,0.0
17487.0,1,0,537,1,160.55,160.55,,8,537,,0,0.0
17860.0,1,0,177,4,1015.54,253.89,179.28,127,537,120.0,0,0.0
16719.0,0,3,44,11,3161.11,287.37,197.73,180,535,49.1,3,0.2727
15628.0,0,6,64,10,3473.03,347.3,105.02,95,535,52.333333333333336,3,0.3
14525.0,0,5,44,12,5158.31,429.86,248.34,184,535,44.63636363636363,1,0.0833
13462.0,1,0,61,5,1153.85,230.77,138.9,64,534,118.25,0,0.0
16190.0,0,1,203,7,2508.47,358.35,130.01,88,534,55.166666666666664,0,0.0
15329.0,0,3,183,8,1934.63,241.83,158.26,60,534,50.142857142857146,8,1.0
13004.0,0,10,23,25,8442.96,337.72,42.14,312,533,21.25,7,0.28
17572.0,0,2,47,8,648.46,81.06,39.12,14,533,69.42857142857143,0,0.0
17368.0,0,5,68,9,1802.39,200.27,156.26,139,533,58.125,2,0.2222
13047.0,0,4,28,20,7229.3,361.47,249.46,147,532,26.526315789473685,12,0.6
13769.0,0,4,16,15,4451.92,296.79,136.62,105,532,36.857142857142854,6,0.4
16195.0,1,0,532,1,323.25,323.25,,16,532,,0,0.0
15055.0,1,0,283,3,560.07,186.69,61.32,77,532,124.5,0,0.0
12867.0,0,3,23,10,5615.01,561.5,190.53,302,532,56.55555555555556,1,0.1
16109.0,1,0,27,3,939.48,313.16,15.44,30,507,240.0,1,0.3333
14849.0,0,15,22,28,10245.82,365.92,299.68,194,507,17.962962962962962,6,0.2143
14160.0,1,0,419,7,8421.47,1203.07,1199.92,80,507,14.666666666666666,0,0.0
17222.0,0,1,286,5,1250.86,250.17,188.44,71,507,55.25,0,0.0
17740.0,1,0,198,6,426.9,71.15,29.44,5,506,61.6,0,0.0
14984.0,0,2,197,4,1058.14,264.54,207.83,11,506,103.0,0,0.0
17023.0,1,0,226,3,800.18,266.73,171.38,48,506,140.0,0,0.0
14754.0,0,1,104,5,1140.7,228.14,159.15,90,499,98.75,1,0.2
15795.0,0,1,239,7,1369.86,195.69,97.57,74,499,43.333333333333336,0,0.0
15164.0,0,1,17,8,1594.05,199.26,38.08,223,499,68.85714285714286,1,0.125
14343.0,1,0,230,4,1088.91,272.23,142.89,193,499,89.66666666666667,0,0.0
16867.0,1,0,498,1,76.74,76.74,,6,498,,0,0.0
16287.0,0,1,185,4,864.48,216.12,61.3,18,498,104.33333333333333,0,0.0
17706.0,0,12,98,18,11134.34,618.57,806.64,290,498,23.529411764705884,7,0.3889
14472.0,0,4,66,5,1619.56,323.91,48.55,150,498,108.0,0,0.0
17356.0,1,0,120,5,946.47,189.29,67.2,73,497,94.25,0,0.0
17726.0,1,0,204,7,1092.06,156.01,66.09,52,491,47.833333333333336,1,0.1429
12846.0,1,0,491,1,15.58,15.58,,1,491,,0,0.0
15073.0,0,2,209,5,1744.61,348.92,90.19,89,490,70.25,0,0.0
13698.0,1,0,405,2,465.53,232.77,68.54,31,490,85.0,0,0.0
15797.0,0,1,23,5,2453.88,490.78,576.37,11,490,116.75,0,0.0
14820.0,0,4,189,5,767.47,153.49,59.38,31,486,74.25,0,0.0
14637.0,1,0,486,1,106.68,106.68,,7,486,,0,0.0
16415.0,0,1,392,2,509.09,254.55,93.19,78,485,93.0,0,0.0
13628.0,1,0,485,1,310.14,310.14,,16,485,,0,0.0
18064.0,0,1,44,10,4089.03,408.9,162.9,48,485,49.0,4,0.4
17350.0,0,2,203,3,619.97,206.66,119.98,65,485,141.0,0,0.0
18175.0,1,0,484,1,176.1,176.1,,7,484,,0,0.0
15339.0,0,1,127,6,1511.67,251.95,213.63,134,478,70.2,3,0.5
17294.0,1,0,478,2,467.79,233.9,234.33,17,478,0.0,0,0.0
13119.0,1,0,477,1,134.9,134.9,,11,477,,0,0.0
17577.0,1,0,454,2,348.75,174.38,87.65,20,477,23.0,0,0.0
16344.0,0,1,318,3,741.32,247.11,161.83,42,477,79.5,0,0.0
13092.0,0,1,20,11,2102.2,191.11,122.48,48,476,45.6,3,0.2727
15176.0,1,0,476,1,988.04,988.04,,52,476,,1,1.0
17201.0,0,1,332,3,899.41,299.8,159.13,119,476,72.0,1,0.3333
15765.0,1,0,475,1,370.63,370.63,,25,475,,0,0.0
16136.0,0,2,86,2,396.72,198.36,55.24,17,472,386.0,1,0.5
16742.0,0,1,301,13,2387.71,183.67,80.3,50,532,19.25,0,0.0
18186.0,1,0,531,1,329.58,329.58,,11,531,,0,0.0
13427.0,0,2,24,4,638.43,159.61,49.67,23,531,169.0,0,0.0
13327.0,0,4,68,16,7673.66,479.6,329.57,145,530,30.8,1,0.0625
18251.0,0,1,254,8,21964.14,2745.52,1580.16,77,526,38.857142857142854,0,0.0
13965.0,1,0,285,3,996.61,332.2,221.89,23,512,113.5,2,0.6667
17753.0,1,0,273,4,390.56,97.64,99.1,63,511,79.33333333333333,1,0.25
13433.0,1,0,310,4,658.32,164.58,134.91,22,505,65.0,1,0.25
14241.0,0,1,505,1,120.0,120.0,,2,505,,0,0.0
14826.0,1,0,390,2,385.2,192.6,20.79,10,504,114.0,0,0.0
13152.0,1,0,226,7,2146.38,306.63,94.64,114,503,46.166666666666664,2,0.2857
15903.0,0,4,36,7,4454.72,636.39,506.18,39,503,77.83333333333333,3,0.4286
13562.0,0,2,54,6,3642.12,607.02,242.58,72,503,89.8,0,0.0
14324.0,1,0,218,2,701.61,350.81,15.56,41,502,284.0,0,0.0
15489.0,0,2,20,6,1633.59,272.26,85.73,66,502,96.4,3,0.5
16510.0,1,0,181,6,2100.0,350.0,228.54,94,500,63.8,0,0.0
16166.0,1,0,237,2,435.83,217.92,31.01,18,500,263.0,2,1.0
14892.0,1,0,499,1,202.35,202.35,,13,499,,0,0.0
14649.0,0,1,21,7,2942.24,420.32,206.37,301,497,79.33333333333333,2,0.2857
16634.0,1,0,31,6,1814.61,302.44,131.61,72,496,93.0,4,0.6667
14064.0,0,2,20,13,2820.84,216.99,108.5,100,496,39.666666666666664,5,0.3846
17320.0,0,1,45,5,2605.25,521.05,221.95,67,496,112.75,0,0.0
15126.0,1,0,345,2,449.49,224.74,45.67,25,496,151.0,0,0.0
13413.0,1,0,448,6,429.44,71.57,55.05,38,496,9.6,2,0.3333
13889.0,0,1,191,5,1574.33,314.87,128.72,50,495,76.0,2,0.4
14640.0,0,5,36,5,1955.43,391.09,88.12,105,495,114.75,5,1.0
17141.0,1,0,227,4,754.33,188.58,80.38,138,493,88.66666666666667,0,0.0
15696.0,0,2,29,11,2808.01,255.27,145.04,116,493,46.4,7,0.6364
15483.0,0,3,75,7,743.24,106.18,63.34,191,493,69.66666666666667,0,0.0
15303.0,1,0,99,3,1224.18,408.06,145.54,63,492,196.5,1,0.3333
17419.0,0,4,58,13,4319.75,332.29,158.48,140,492,36.166666666666664,1,0.0769
15137.0,1,0,329,2,823.4,411.7,26.7,34,489,160.0,3,1.5
17905.0,0,2,161,11,1977.43,179.77,96.79,123,489,32.8,1,0.0909
15861.0,0,6,76,6,1958.91,326.48,111.64,266,489,82.6,2,0.3333
15487.0,1,0,488,1,231.32,231.32,,14,488,,0,0.0
17311.0,0,1,125,5,2738.17,547.63,159.9,93,483,89.5,1,0.2
16081.0,0,3,68,5,2221.41,444.28,451.38,146,483,103.75,0,0.0
12840.0,0,2,23,5,2893.17,578.63,272.61,102,483,115.0,4,0.8
15732.0,1,0,21,10,1682.07,168.21,102.82,53,482,51.22222222222222,2,0.2
17328.0,1,0,482,1,104.7,104.7,,6,482,,0,0.0
12853.0,0,3,48,8,2835.4,354.42,192.81,81,481,61.857142857142854,4,0.5
15323.0,1,0,371,3,434.6,144.87,44.31,29,470,49.5,1,0.3333
13802.0,0,1,63,18,24790.75,1377.26,748.78,210,470,23.941176470588236,4,0.2222
14944.0,0,8,26,11,5208.75,473.52,303.18,130,469,44.3,4,0.3636
18178.0,0,1,28,10,5612.87,561.29,272.09,190,468,48.888888888888886,3,0.3
16487.0,1,0,386,2,209.4,104.7,3.54,28,468,82.0,0,0.0
13333.0,1,0,220,3,1015.74,338.58,314.51,54,467,123.5,0,0.0
15988.0,0,1,360,2,612.06,306.03,52.65,93,465,105.0,0,0.0
14602.0,1,0,465,1,205.36,205.36,,31,465,,0,0.0
16071.0,0,1,336,3,750.56,250.19,59.99,47,464,64.0,0,0.0
16416.0,0,3,199,6,1921.48,320.25,180.01,92,463,52.8,0,0.0
16406.0,0,1,259,2,389.61,194.8,25.52,85,462,203.0,1,0.5
15659.0,0,1,195,2,226.04,113.02,6.48,8,462,267.0,0,0.0
14535.0,0,2,57,7,4020.51,574.36,233.5,437,462,67.5,1,0.1429
16118.0,1,0,461,1,4376.25,4376.25,,41,461,,4,4.0
17200.0,1,0,196,4,356.71,89.18,94.17,25,461,88.33333333333333,0,0.0
13935.0,1,0,405,3,6116.92,2038.97,1496.28,67,461,28.0,0,0.0
17883.0,0,2,55,4,443.43,110.86,69.62,46,461,135.33333333333334,1,0.25
15366.0,0,1,167,6,1892.11,315.35,153.35,68,460,58.6,0,0.0
15219.0,0,1,457,1,379.7,379.7,,17,457,,0,0.0
13294.0,0,1,58,2,1299.44,649.72,234.86,80,455,397.0,0,0.0
13595.0,1,0,325,3,818.22,272.74,246.07,114,455,65.0,0,0.0
18272.0,0,3,34,5,2287.94,457.59,164.59,94,454,105.0,2,0.4
17159.0,0,3,286,2,560.71,280.35,26.95,27,454,168.0,0,0.0
14957.0,1,0,62,2,333.29,166.65,152.95,27,453,391.0,0,0.0
17006.0,0,3,201,4,854.54,213.64,136.85,77,453,84.0,0,0.0
16534.0,1,0,451,1,635.9,635.9,,36,451,,0,0.0
17857.0,0,12,15,10,10587.04,1058.7,1734.02,12,450,48.333333333333336,1,0.1
16537.0,1,0,450,1,23.35,23.35,,3,450,,0,0.0
17002.0,0,1,24,6,2071.34,345.22,230.38,48,450,85.2,0,0.0
15437.0,1,0,71,2,393.45,196.73,4.86,56,449,378.0,0,0.0
17907.0,1,0,449,1,291.76,291.76,,13,449,,0,0.0
14403.0,0,2,26,4,1380.71,345.18,297.88,20,448,140.66666666666666,3,0.75
16258.0,0,4,28,11,7771.47,706.5,479.56,192,448,42.0,1,0.0909
15558.0,1,0,448,1,214.13,214.13,,23,448,,1,1.0
15008.0,1,0,289,2,360.0,180.0,84.85,6,446,157.0,0,0.0
13795.0,1,0,197,4,836.3,209.08,14.0,23,446,83.0,0,0.0
14824.0,0,3,188,6,2895.2,482.53,161.93,76,446,51.6,2,0.3333
15665.0,0,1,52,4,3249.33,812.33,447.48,156,444,130.66666666666666,0,0.0
16336.0,1,0,229,4,3517.69,879.42,432.14,64,440,70.33333333333333,0,0.0
15461.0,1,0,269,2,429.7,214.85,6.86,1,440,171.0,1,0.5
16385.0,0,2,175,3,622.95,207.65,93.4,64,440,132.5,0,0.0
14851.0,0,1,65,2,524.19,262.1,79.15,24,439,374.0,0,0.0
13482.0,1,0,41,2,336.09,168.05,23.47,20,436,395.0,0,0.0
14464.0,1,0,377,2,111.0,55.5,6.36,4,436,59.0,0,0.0
16578.0,1,0,435,1,156.6,156.6,,9,435,,0,0.0
14344.0,0,2,15,18,3089.65,171.65,163.29,124,435,24.705882352941178,0,0.0
18189.0,0,1,76,2,946.59,473.29,226.0,54,434,358.0,2,1.0
13252.0,1,0,203,2,399.3,199.65,208.24,19,434,231.0,1,0.5
17301.0,0,1,433,1,132.8,132.8,,52,433,,0,0.0
14330.0,1,0,432,1,200.63,200.63,,13,432,,0,0.0
18188.0,0,2,99,4,1706.15,426.54,379.87,65,432,111.0,1,0.25
16601.0,0,1,199,2,439.45,219.72,215.63,38,432,233.0,0,0.0
13117.0,0,2,26,16,2410.27,150.64,107.08,113,432,27.066666666666666,1,0.0625
17518.0,1,0,234,2,329.42,164.71,15.78,71,430,196.0,0,0.0
14583.0,0,3,14,4,902.99,225.75,49.08,177,430,138.66666666666666,0,0.0
14809.0,1,0,430,2,686.76,343.38,102.29,18,430,0.0,0,0.0
16549.0,0,7,143,25,9147.04,365.88,338.63,647,430,11.958333333333334,3,0.12
17464.0,0,1,331,2,710.98,355.49,41.3,28,428,97.0,1,0.5
15742.0,1,0,428,1,156.87,156.87,,41,428,,0,0.0
14706.0,1,0,427,1,390.69,390.69,,25,427,,0,0.0
15741.0,1,0,267,2,208.62,104.31,58.21,11,427,160.0,0,0.0
15454.0,1,0,171,2,307.69,153.85,35.72,35,427,256.0,0,0.0
15800.0,0,1,55,6,788.0,131.33,96.35,110,427,74.4,0,0.0
16130.0,1,0,231,4,987.48,246.87,32.34,53,426,65.0,0,0.0
14692.0,0,1,44,11,1633.84,148.53,58.14,95,426,38.2,1,0.0909
13750.0,0,3,105,8,2643.72,330.47,21.88,39,426,45.857142857142854,2,0.25
14264.0,0,1,54,5,1299.09,259.82,147.67,52,420,91.5,2,0.4
14145.0,0,3,26,4,4986.45,1246.61,112.1,11,419,131.0,0,0.0
16053.0,0,2,222,4,2122.89,530.72,273.47,101,419,65.66666666666667,2,0.5
14813.0,1,0,178,4,1090.87,272.72,168.46,110,419,80.33333333333333,0,0.0
16944.0,1,0,418,1,101.36,101.36,,7,418,,0,0.0
16372.0,0,2,218,3,960.68,320.23,197.45,203,416,99.0,1,0.3333
14430.0,1,0,320,3,1220.9,406.97,325.01,29,416,48.0,2,0.6667
15890.0,1,0,203,5,535.65,107.13,103.16,10,413,52.5,0,0.0
18262.0,0,1,202,2,428.06,214.03,16.93,27,411,209.0,0,0.0
14623.0,0,4,44,6,1363.01,227.17,89.19,134,411,73.4,1,0.1667
16921.0,0,1,251,2,276.88,138.44,35.31,28,409,158.0,0,0.0
13145.0,0,3,181,4,1100.0,275.0,230.97,2,408,75.66666666666667,0,0.0
15273.0,1,0,408,1,228.96,228.96,,1,408,,0,0.0
14611.0,1,0,252,2,604.33,302.16,15.22,37,407,155.0,1,0.5
14917.0,1,0,405,2,1123.75,561.88,20.87,29,405,0.0,0,0.0
17181.0,0,1,182,2,380.97,190.49,170.49,7,404,222.0,0,0.0
15245.0,0,2,70,6,3346.48,557.75,367.56,71,404,66.8,0,0.0
16068.0,1,0,402,1,122.93,122.93,,34,402,,0,0.0
13609.0,1,0,402,1,167.35,167.35,,7,402,,0,0.0
17093.0,1,0,401,1,235.88,235.88,,13,401,,0,0.0
12849.0,0,1,77,5,2744.17,548.83,180.37,110,400,80.75,0,0.0
14389.0,0,2,233,3,854.55,284.85,49.27,29,399,83.0,4,1.3333
13041.0,1,0,259,4,799.13,199.78,38.75,23,398,46.333333333333336,0,0.0
17730.0,0,8,42,11,3920.71,356.43,131.83,108,398,35.6,2,0.1818
14650.0,1,0,398,1,62.5,62.5,,4,398,,0,0.0
15818.0,1,0,397,1,340.5,340.5,,11,397,,0,0.0
16145.0,0,6,35,12,4322.23,360.19,156.5,154,393,32.54545454545455,6,0.5
16844.0,1,0,371,2,614.34,307.17,6.82,26,391,20.0,0,0.0
13425.0,0,2,103,3,2180.99,727.0,286.8,96,388,142.5,3,1.0
13943.0,1,0,386,1,246.54,246.54,,15,386,,0,0.0
17321.0,0,1,203,4,1040.32,260.08,234.41,159,386,61.0,0,0.0
13222.0,1,0,386,1,88.5,88.5,,1,386,,0,0.0
16307.0,1,0,238,3,1194.92,398.31,38.42,69,386,74.0,0,0.0
17016.0,1,0,385,1,552.4,552.4,,41,385,,0,0.0
13892.0,0,3,55,3,689.2,229.73,257.39,11,384,164.5,0,0.0
13888.0,0,1,27,6,1802.94,300.49,224.98,110,384,71.4,0,0.0
14296.0,1,0,230,2,456.4,228.2,84.78,27,383,153.0,1,0.5
17123.0,0,1,248,2,631.87,315.94,139.41,31,381,133.0,0,0.0
18157.0,1,0,380,1,215.35,215.35,,25,380,,0,0.0
13541.0,1,0,236,2,785.25,392.63,116.35,10,379,143.0,1,0.5
12837.0,0,1,378,1,554.31,554.31,,73,378,,0,0.0
14311.0,1,0,51,2,516.45,258.23,73.59,31,376,325.0,1,0.5
13402.0,0,1,181,3,1222.18,407.39,181.55,43,373,96.0,0,0.0
17327.0,1,0,218,2,152.35,76.18,101.72,3,371,153.0,0,0.0
14181.0,1,0,219,2,310.55,155.28,86.02,48,371,152.0,0,0.0
15340.0,1,0,370,1,105.5,105.5,,7,370,,0,0.0
17699.0,1,0,285,2,442.0,221.0,54.16,17,370,85.0,0,0.0
16695.0,1,0,370,2,193.15,96.57,94.5,30,370,0.0,0,0.0
14104.0,0,2,198,3,555.37,185.12,43.8,100,369,85.5,0,0.0
15135.0,1,0,48,2,305.68,152.84,19.5,17,365,317.0,1,0.5
13472.0,1,0,272,2,592.24,296.12,48.0,24,364,92.0,0,0.0
17216.0,1,0,363,1,65.05,65.05,,13,363,,0,0.0
17683.0,1,0,194,3,819.01,273.0,203.0,41,363,84.5,0,0.0
18214.0,1,0,339,4,1780.34,445.09,269.63,38,363,8.0,1,0.25
16382.0,1,0,217,2,353.1,176.55,27.18,42,359,142.0,0,0.0
16232.0,0,2,24,5,2088.56,417.71,269.62,59,359,83.75,2,0.4
17040.0,0,1,359,1,13.52,13.52,,1,359,,0,0.0
13997.0,1,0,328,3,382.31,127.44,107.54,36,359,15.5,0,0.0
16209.0,0,4,55,5,2190.11,438.02,210.32,26,355,75.0,0,0.0
15150.0,0,9,78,4,4187.86,1046.97,833.39,261,352,91.33333333333333,0,0.0
15905.0,1,0,352,1,114.69,114.69,,22,352,,0,0.0
17922.0,1,0,352,1,170.4,170.4,,8,352,,0,0.0
13297.0,0,3,194,3,2278.77,759.59,512.92,58,351,78.5,1,0.3333
17571.0,0,2,86,3,565.19,188.4,105.39,95,351,132.5,0,0.0
15926.0,1,0,351,1,134.44,134.44,,7,351,,0,0.0
14375.0,0,1,259,2,875.31,437.65,131.03,128,350,91.0,0,0.0
14619.0,1,0,54,2,1291.24,645.62,355.22,58,350,296.0,1,0.5
13608.0,1,0,349,1,236.2,236.2,,31,349,,0,0.0
14508.0,0,2,185,3,598.52,199.51,79.61,100,349,82.0,1,0.3333
16925.0,1,0,349,1,125.65,125.65,,18,349,,0,0.0
15718.0,1,0,349,1,293.79,293.79,,18,349,,0,0.0
16815.0,1,0,262,2,410.97,205.49,39.08,66,345,83.0,0,0.0
14509.0,1,0,343,1,110.95,110.95,,25,343,,0,0.0
15779.0,1,0,272,2,124.08,62.04,7.55,8,341,69.0,0,0.0
14058.0,1,0,271,2,469.19,234.59,122.52,23,339,68.0,0,0.0
13861.0,1,0,238,2,273.26,136.63,11.6,21,339,101.0,1,0.5
13123.0,1,0,281,2,506.75,253.37,144.34,36,338,57.0,0,0.0
14208.0,0,1,360,1,415.31,415.31,,25,360,,0,0.0
14128.0,0,1,64,2,592.25,296.13,13.31,34,360,296.0,1,0.5
14247.0,1,0,87,5,772.66,154.53,26.02,82,360,68.25,1,0.2
17009.0,1,0,360,1,242.06,242.06,,10,360,,0,0.0
15532.0,0,3,167,7,2547.32,363.9,102.32,297,358,31.833333333333332,0,0.0
17417.0,1,0,357,1,164.18,164.18,,16,357,,0,0.0
15842.0,1,0,202,2,548.8,274.4,144.04,24,336,134.0,1,0.5
13649.0,1,0,65,6,1678.88,279.81,123.83,97,336,54.2,0,0.0
15851.0,1,0,335,1,109.73,109.73,,8,335,,0,0.0
13125.0,1,0,332,1,158.57,158.57,,20,332,,0,0.0
14900.0,1,0,331,1,13.92,13.92,,1,331,,0,0.0
12749.0,0,3,22,5,3665.58,733.12,348.3,157,330,77.0,5,1.0
16443.0,1,0,329,1,162.24,162.24,,1,329,,0,0.0
17129.0,1,0,329,1,31.85,31.85,,2,329,,0,0.0
16650.0,0,1,229,6,1397.69,232.95,228.31,53,328,19.8,0,0.0
18238.0,1,0,324,1,270.92,270.92,,14,324,,0,0.0
17143.0,1,0,226,2,924.11,462.05,282.07,82,324,98.0,0,0.0
16435.0,1,0,321,3,1011.57,337.19,235.69,119,323,1.0,0,0.0
17408.0,0,1,309,2,283.44,141.72,182.39,6,323,14.0,1,0.5
18096.0,0,2,251,3,894.13,298.04,172.14,154,322,35.5,0,0.0
15530.0,0,3,55,2,864.5,432.25,170.95,71,321,266.0,0,0.0
17541.0,1,0,318,1,124.46,124.46,,31,318,,0,0.0
14553.0,0,3,27,6,1294.59,215.76,90.68,169,318,58.2,1,0.1667
17339.0,0,1,174,2,179.0,89.5,43.13,5,318,144.0,1,0.5
16975.0,1,0,232,3,926.12,308.71,269.14,44,314,41.0,2,0.6667
14312.0,0,3,82,8,2072.72,259.09,219.41,109,313,33.0,0,0.0
13137.0,0,5,61,10,4926.13,492.61,290.45,482,311,27.77777777777778,0,0.0
17494.0,1,0,310,1,54.7,54.7,,3,310,,0,0.0
14833.0,1,0,307,1,94.8,94.8,,7,307,,0,0.0
14901.0,0,5,169,6,1365.41,227.57,112.52,61,307,27.6,1,0.1667
16045.0,0,2,54,6,2955.48,492.58,240.56,103,307,50.6,1,0.1667
14346.0,0,1,106,4,1556.61,389.15,285.71,88,306,66.66666666666667,0,0.0
12907.0,1,0,204,2,508.91,254.45,104.62,23,303,99.0,1,0.5
17665.0,1,0,302,1,563.1,563.1,,19,302,,0,0.0
15363.0,1,0,181,2,1004.11,502.06,212.05,32,301,120.0,1,0.5
13653.0,1,0,296,1,152.2,152.2,,9,296,,0,0.0
14722.0,0,1,286,2,325.45,162.73,60.35,53,295,9.0,0,0.0
14700.0,0,2,47,3,1602.51,534.17,190.15,76,294,123.5,0,0.0
18227.0,1,0,26,2,388.75,194.38,142.31,6,293,267.0,1,0.5
14749.0,1,0,288,1,310.15,310.15,,18,288,,0,0.0
17513.0,0,1,217,2,645.6,322.8,90.79,12,288,71.0,0,0.0
17792.0,1,0,276,2,370.05,185.03,93.36,45,287,11.0,0,0.0
17599.0,1,0,286,1,52.05,52.05,,3,286,,2,2.0
18191.0,1,0,70,2,529.4,264.7,80.47,15,286,216.0,0,0.0
15322.0,0,1,285,1,711.18,711.18,,41,285,,0,0.0
14243.0,0,4,54,12,6355.35,529.61,645.04,214,285,21.0,3,0.25
15683.0,0,1,282,1,330.79,330.79,,16,282,,0,0.0
14187.0,1,0,282,1,123.5,123.5,,8,282,,0,0.0
13452.0,1,0,68,3,729.8,243.27,89.6,2,281,106.5,0,0.0
16375.0,1,0,279,2,104.0,52.0,7.85,11,279,0.0,0,0.0
14499.0,0,2,87,5,1449.67,289.93,115.33,119,278,47.75,3,0.6
16421.0,1,0,185,3,526.27,175.42,117.12,35,278,46.5,0,0.0
15166.0,1,0,276,1,167.16,167.16,,12,276,,0,0.0
14908.0,0,1,272,1,104.1,104.1,,5,272,,0,0.0
16100.0,1,0,271,1,582.64,582.64,,37,271,,0,0.0
12859.0,1,0,267,1,575.1,575.1,,21,267,,0,0.0
12819.0,1,0,267,1,540.52,540.52,,19,267,,0,0.0
16972.0,1,0,191,2,786.25,393.12,141.88,54,265,74.0,0,0.0
14444.0,1,0,265,1,132.04,132.04,,11,265,,0,0.0
15906.0,0,4,28,6,1671.11,278.52,178.74,84,259,46.2,2,0.3333
17392.0,1,0,115,3,626.56,208.85,90.43,66,259,72.0,0,0.0
13424.0,1,0,258,1,572.77,572.77,,40,258,,1,1.0
16646.0,1,0,258,1,678.8,678.8,,29,258,,1,1.0
14126.0,1,0,253,1,466.33,466.33,,28,253,,0,0.0
17161.0,1,0,253,1,856.01,856.01,,52,253,,0,0.0
14570.0,1,0,89,3,613.75,204.58,175.66,64,252,81.5,0,0.0
16856.0,0,1,226,2,323.09,161.55,31.45,15,251,25.0,0,0.0
16261.0,0,3,55,3,567.58,189.19,57.14,83,251,98.0,0,0.0
14094.0,1,0,248,1,335.22,335.22,,41,248,,1,1.0
14806.0,0,1,248,1,110.04,110.04,,9,248,,0,0.0
14328.0,1,0,247,1,445.05,445.05,,1,247,,2,2.0
14802.0,1,0,247,2,1502.98,751.49,837.14,1,247,0.0,4,2.0
17280.0,1,0,247,1,118.86,118.86,,6,247,,0,0.0
13073.0,1,0,220,2,418.08,209.04,132.71,25,246,26.0,0,0.0
13639.0,0,1,245,1,312.93,312.93,,19,245,,0,0.0
14449.0,0,2,55,6,1977.0,329.5,240.78,211,245,38.0,0,0.0
16368.0,0,1,244,1,142.78,142.78,,20,244,,0,0.0
15736.0,1,0,244,2,1815.72,907.86,914.02,95,244,0.0,1,0.5
13108.0,1,0,181,2,1098.52,549.26,213.35,27,244,63.0,0,0.0
15261.0,0,1,190,3,1253.18,417.73,392.53,70,243,26.5,0,0.0
17360.0,0,3,194,3,645.59,215.2,30.95,90,243,24.5,1,0.3333
15190.0,1,0,243,1,834.44,834.44,,40,243,,0,0.0
18266.0,1,0,243,1,251.1,251.1,,14,243,,0,0.0
18270.0,0,1,75,2,273.35,136.68,34.97,11,241,166.0,1,0.5
14254.0,1,0,241,1,601.03,601.03,,23,241,,0,0.0
15143.0,1,0,34,2,563.63,281.81,31.63,27,241,207.0,0,0.0
15579.0,0,1,122,4,1153.5,288.38,254.04,125,241,39.666666666666664,2,0.5
13441.0,0,1,240,1,424.26,424.26,,25,240,,0,0.0
14350.0,1,0,83,3,972.03,324.01,52.86,55,239,78.0,1,0.3333
13033.0,1,0,166,2,220.55,110.28,113.53,12,238,72.0,0,0.0
16437.0,1,0,190,2,301.25,150.63,47.06,17,238,48.0,0,0.0
12903.0,1,0,237,1,833.53,833.53,,41,237,,0,0.0
16980.0,1,0,64,3,1473.33,491.11,210.29,91,237,86.5,0,0.0
15931.0,1,0,237,1,239.9,239.9,,14,237,,0,0.0
14358.0,1,0,198,2,400.06,200.03,69.9,21,237,39.0,1,0.5
15177.0,1,0,234,1,948.93,948.93,,26,234,,0,0.0
14390.0,0,4,20,7,2783.09,397.58,213.56,150,234,35.666666666666664,2,0.2857
17264.0,1,0,233,1,279.59,279.59,,70,233,,0,0.0
14319.0,1,0,233,1,494.85,494.85,,26,233,,1,1.0
15208.0,0,3,162,2,165.8,82.9,24.75,8,232,70.0,0,0.0
16263.0,1,0,232,1,351.01,351.01,,19,232,,0,0.0
17944.0,1,0,232,1,75.41,75.41,,24,232,,0,0.0
13395.0,0,1,209,2,872.51,436.25,108.36,56,230,21.0,0,0.0
14975.0,0,1,230,1,192.45,192.45,,15,230,,0,0.0
17202.0,1,0,229,1,160.65,160.65,,8,229,,0,0.0
13387.0,1,0,226,1,189.44,189.44,,71,226,,0,0.0
13981.0,1,0,224,1,331.14,331.14,,22,224,,1,1.0
15608.0,0,4,224,1,692.3,692.3,,45,224,,0,0.0
15377.0,1,0,191,4,1211.75,302.94,1.47,15,224,11.0,1,0.25
15501.0,1,0,213,2,402.5,201.25,49.71,64,224,11.0,0,0.0
16590.0,1,0,209,2,605.9,302.95,19.52,26,223,14.0,1,0.5
12899.0,1,0,222,1,366.4,366.4,,17,222,,0,0.0
17843.0,1,0,112,2,326.23,163.12,59.91,58,220,108.0,0,0.0
13574.0,1,0,220,1,421.25,421.25,,84,220,,0,0.0
13898.0,1,0,134,2,686.4,343.2,264.84,43,220,86.0,0,0.0
17981.0,1,0,219,1,239.12,239.12,,17,219,,0,0.0
13274.0,1,0,218,1,360.85,360.85,,19,218,,0,0.0
13669.0,0,2,216,1,195.0,195.0,,5,216,,0,0.0
16265.0,0,3,69,8,4363.31,545.41,248.4,147,216,21.0,3,0.375
14834.0,0,5,49,2,729.55,364.78,171.24,28,216,167.0,1,0.5
16635.0,1,0,215,1,473.0,473.0,,25,215,,0,0.0
14213.0,1,0,213,1,1192.2,1192.2,,5,213,,1,1.0
16724.0,1,0,213,1,147.35,147.35,,17,213,,0,0.0
15458.0,0,1,211,1,208.8,208.8,,6,211,,0,0.0
15915.0,1,0,210,1,429.21,429.21,,105,210,,0,0.0
17420.0,0,2,182,4,616.45,154.11,74.77,24,210,9.333333333333334,2,0.5
13034.0,0,1,178,2,445.77,222.89,153.92,16,210,32.0,0,0.0
16050.0,0,1,192,2,162.8,81.4,13.01,9,210,18.0,0,0.0
16876.0,1,0,212,1,136.01,136.01,,32,212,,0,0.0
12914.0,1,0,209,1,223.98,223.98,,9,209,,0,0.0
15560.0,1,0,206,2,153.52,76.76,51.7,10,206,0.0,0,0.0
18083.0,1,0,206,1,470.73,470.73,,36,206,,0,0.0
16420.0,1,0,205,1,75.0,75.0,,2,205,,0,0.0
13738.0,1,0,205,1,440.93,440.93,,88,205,,0,0.0
18098.0,1,0,205,1,550.84,550.84,,85,205,,0,0.0
15635.0,1,0,204,1,100.35,100.35,,2,204,,0,0.0
17983.0,1,0,204,1,171.71,171.71,,23,204,,0,0.0
17878.0,0,1,204,2,1032.88,516.44,687.93,56,204,0.0,0,0.0
14899.0,1,0,204,1,1384.88,1384.88,,126,204,,0,0.0
12927.0,1,0,203,1,197.31,197.31,,11,203,,0,0.0
13915.0,1,0,203,1,70.8,70.8,,2,203,,1,1.0
15368.0,0,1,203,1,275.8,275.8,,4,203,,0,0.0
15468.0,0,2,201,1,962.97,962.97,,56,201,,2,2.0
14559.0,1,0,199,1,75.6,75.6,,2,199,,0,0.0
15726.0,1,0,199,1,321.91,321.91,,23,199,,0,0.0
17992.0,1,0,198,1,254.13,254.13,,49,198,,0,0.0
13862.0,0,5,41,4,1199.04,299.76,109.52,67,198,52.333333333333336,1,0.25
16602.0,0,1,197,1,235.25,235.25,,11,197,,2,2.0
15811.0,0,2,14,5,2966.74,593.35,468.04,161,197,45.75,2,0.4
18195.0,1,0,196,1,101.16,101.16,,5,196,,0,0.0
14446.0,0,2,55,2,504.77,252.39,71.64,113,195,140.0,0,0.0
16973.0,1,0,195,1,127.0,127.0,,6,195,,0,0.0
17089.0,1,0,195,1,128.45,128.45,,4,195,,0,0.0
16367.0,0,1,171,2,728.82,364.41,273.65,119,192,21.0,0,0.0
17275.0,1,0,192,1,114.52,114.52,,23,192,,0,0.0
18210.0,0,3,76,2,289.85,144.92,3.57,14,191,115.0,0,0.0
16765.0,1,0,103,2,454.75,227.37,273.47,52,191,88.0,0,0.0
15986.0,0,1,190,1,186.3,186.3,,11,190,,0,0.0
14252.0,1,0,190,1,350.99,350.99,,10,190,,0,0.0
17766.0,1,0,190,2,299.61,149.81,144.68,21,190,0.0,0,0.0
17744.0,0,1,59,5,1615.7,323.14,36.28,63,189,32.5,1,0.2
15902.0,1,0,189,1,145.01,145.01,,18,189,,0,0.0
14487.0,0,5,177,2,382.38,191.19,83.45,32,188,11.0,1,0.5
15495.0,1,0,188,1,246.5,246.5,,20,188,,0,0.0
13626.0,1,0,61,2,707.04,353.52,136.17,44,188,127.0,1,0.5
14627.0,1,0,188,1,462.75,462.75,,29,188,,2,2.0
17556.0,1,0,14,2,300.67,150.34,10.7,13,188,174.0,0,0.0
18031.0,1,0,187,1,462.1,462.1,,49,187,,0,0.0
17607.0,1,0,185,1,333.81,333.81,,22,185,,0,0.0
16893.0,1,0,175,2,401.77,200.89,128.66,80,185,10.0,0,0.0
15540.0,1,0,184,1,247.38,247.38,,16,184,,0,0.0
15828.0,1,0,184,1,1108.82,1108.82,,74,184,,0,0.0
17223.0,1,0,119,3,873.53,291.18,255.24,62,184,32.5,0,0.0
16244.0,1,0,20,2,2579.38,1289.69,1164.7,88,181,161.0,0,0.0
14775.0,0,2,181,1,813.12,813.12,,20,181,,0,0.0
13011.0,1,0,181,1,101.1,101.1,,3,181,,0,0.0
14576.0,1,0,181,1,70.8,70.8,,1,181,,0,0.0
18156.0,0,1,178,1,412.46,412.46,,50,178,,0,0.0
17674.0,0,1,177,1,601.32,601.32,,11,177,,0,0.0
14448.0,1,0,173,1,102.35,102.35,,18,173,,0,0.0
16927.0,0,1,85,2,341.45,170.73,67.0,5,170,85.0,0,0.0
17551.0,1,0,168,1,306.84,306.84,,39,168,,0,0.0
14373.0,1,0,167,1,76.55,76.55,,4,167,,0,0.0
18176.0,1,0,167,1,476.35,476.35,,30,167,,1,1.0
17128.0,1,0,143,1,157.09,157.09,,14,143,,0,0.0
15213.0,1,0,127,2,328.35,164.17,210.75,22,138,11.0,1,0.5
16882.0,0,1,48,2,215.7,107.85,138.52,15,126,78.0,0,0.0
16897.0,1,0,108,2,289.78,144.89,96.36,37,122,14.0,1,0.5
15940.0,1,0,120,1,35.8,35.8,,1,120,,2,2.0
14188.0,0,4,23,2,760.9,380.45,24.82,17,119,96.0,0,0.0
12834.0,1,0,91,1,312.38,312.38,,18,91,,0,0.0
14473.0,0,1,91,1,85.0,85.0,,1,91,,0,0.0
15643.0,0,2,91,1,337.1,337.1,,23,91,,0,0.0
15019.0,1,0,75,1,266.0,266.0,,64,75,,0,0.0
15703.0,1,0,73,1,211.5,211.5,,5,73,,0,0.0
14232.0,0,4,73,1,693.18,693.18,,47,73,,1,1.0
13731.0,1,0,28,2,610.59,305.29,4.0,36,55,27.0,0,0.0
15460.0,1,0,163,1,216.76,216.76,,53,163,,0,0.0
18233.0,1,0,134,1,440.0,440.0,,1,134,,0,0.0
14428.0,0,2,48,2,330.62,165.31,54.08,25,134,86.0,1,0.5
14090.0,1,0,133,1,76.32,76.32,,1,133,,0,0.0
14779.0,1,0,89,3,386.15,128.72,118.32,40,132,21.5,0,0.0
13932.0,1,0,103,1,307.4,307.4,,16,103,,0,0.0
14520.0,1,0,99,1,165.0,165.0,,1,99,,0,0.0
18114.0,1,0,99,1,220.1,220.1,,28,99,,0,0.0
16394.0,0,3,57,2,619.3,309.65,3.9,47,98,41.0,1,0.5
13149.0,0,3,98,1,376.74,376.74,,18,98,,0,0.0
13636.0,0,2,61,3,541.45,180.48,60.47,32,94,16.5,1,0.3333
15806.0,0,2,85,1,300.36,300.36,,16,85,,0,0.0
15206.0,0,2,84,1,17.7,17.7,,1,84,,0,0.0
17164.0,0,5,21,2,943.22,471.61,219.94,49,82,61.0,0,0.0
13716.0,1,0,78,1,138.28,138.28,,21,78,,0,0.0
16152.0,1,0,77,1,1829.04,1829.04,,29,77,,0,0.0
13358.0,1,0,77,1,439.03,439.03,,29,77,,0,0.0
13185.0,1,0,76,1,71.4,71.4,,1,76,,0,0.0
15433.0,1,0,22,2,533.3,266.65,149.89,40,76,54.0,0,0.0
17102.0,1,0,70,1,25.5,25.5,,1,70,,0,0.0
14536.0,1,0,68,1,171.8,171.8,,18,68,,0,0.0
15083.0,1,0,65,1,88.2,88.2,,5,65,,0,0.0
12888.0,1,0,23,2,354.12,177.06,135.34,4,64,41.0,2,1.0
13720.0,0,2,47,2,432.1,216.05,70.92,26,63,16.0,0,0.0
16657.0,0,2,63,1,242.55,242.55,,65,63,,0,0.0
16162.0,1,0,61,1,37.4,37.4,,2,61,,0,0.0
13525.0,0,1,57,1,282.88,282.88,,2,57,,0,0.0
15230.0,1,0,48,2,429.6,214.8,219.77,23,49,1.0,0,0.0
16617.0,1,0,44,1,151.85,151.85,,5,44,,0,0.0
16587.0,1,0,41,1,225.15,225.15,,13,41,,0,0.0
17893.0,1,0,34,1,112.25,112.25,,15,34,,0,0.0
14393.0,1,0,27,1,67.95,67.95,,5,27,,0,0.0
15063.0,1,0,22,1,370.8,370.8,,5,22,,0,0.0
17489.0,0,1,21,1,208.56,208.56,,16,21,,0,0.0
13235.0,1,0,21,1,1031.07,1031.07,,53,21,,1,1.0
16116.0,1,0,20,1,612.78,612.78,,34,20,,1,1.0
16184.0,0,5,20,1,148.22,148.22,,9,20,,0,0.0
15907.0,0,1,19,1,251.18,251.18,,46,19,,0,0.0
14689.0,1,0,17,1,112.8,112.8,,13,17,,0,0.0
16647.0,0,1,13,3,455.59,151.86,28.77,25,353,170.0,0,0.0
13627.0,0,3,13,4,1213.35,303.34,6.76,76,449,145.33333333333334,1,0.25
13450.0,0,4,13,9,2754.86,306.1,66.26,47,412,49.875,1,0.1111
18075.0,0,4,13,16,4442.26,277.64,162.2,139,307,19.6,10,0.625
16782.0,0,5,13,32,9506.81,297.09,179.28,565,539,16.967741935483872,10,0.3125
16463.0,0,3,13,1,319.37,319.37,,19,13,,1,1.0
15791.0,0,1,13,4,3218.89,804.72,397.14,112,450,145.66666666666666,3,0.75
16966.0,0,3,6,3,1154.4,384.8,58.32,8,49,21.5,0,0.0
14825.0,0,6,13,17,3724.04,219.06,95.14,170,421,25.5,3,0.1765
14292.0,0,5,13,9,5479.53,608.84,414.58,98,439,53.25,8,0.8889
15809.0,0,2,13,5,1141.98,228.4,208.08,45,344,82.75,1,0.2
14551.0,0,1,13,6,819.24,136.54,101.3,68,490,95.4,2,0.3333
15955.0,0,11,12,11,5687.72,517.07,297.15,130,463,45.1,1,0.0909
15856.0,0,13,12,33,24772.24,750.67,539.7,231,545,16.65625,3,0.0909
17644.0,0,7,12,12,4054.73,337.89,158.7,117,470,41.63636363636363,5,0.4167
17591.0,0,2,12,6,2200.27,366.71,248.2,93,500,97.6,1,0.1667
13972.0,0,1,10,1,145.9,145.9,,9,10,,0,0.0
14546.0,0,2,10,8,3494.69,436.84,90.38,314,542,76.0,6,0.75
13668.0,0,8,10,25,10484.42,419.38,267.42,298,537,21.958333333333332,7,0.28
15292.0,1,0,10,1,180.94,180.94,,24,10,,0,0.0
15705.0,1,0,10,1,143.1,143.1,,6,10,,0,0.0
16722.0,0,8,9,14,6221.53,444.4,194.23,120,545,41.23076923076923,3,0.2143
13546.0,0,2,9,3,653.31,217.77,47.65,58,233,112.0,0,0.0
12901.0,0,14,9,11,7785.56,707.78,964.91,21,79,7.0,3,0.2727
15734.0,0,1,9,3,1502.5,500.83,165.61,22,356,173.5,0,0.0
13737.0,1,0,9,1,339.6,339.6,,29,9,,0,0.0
17450.0,0,26,1,19,108182.56,5693.82,7640.59,95,247,13.666666666666666,3,0.1579
13213.0,0,3,8,8,2746.22,343.28,262.45,129,377,52.714285714285715,2,0.25
14163.0,0,2,8,3,898.5,299.5,135.72,26,271,131.5,0,0.0
14083.0,0,2,8,7,878.3,125.47,220.59,96,530,87.0,0,0.0
13317.0,0,1,7,18,5526.39,307.02,190.44,181,535,31.058823529411764,10,0.5556
12924.0,0,1,7,11,2190.97,199.18,199.82,45,539,53.2,2,0.1818
15203.0,0,4,7,11,3265.28,296.84,148.76,126,540,53.3,0,0.0
16448.0,1,0,7,2,367.87,183.94,7.01,45,280,273.0,0,0.0
17550.0,1,0,6,9,2547.64,283.07,191.77,250,479,59.125,1,0.1111
15241.0,0,5,1,6,2259.12,376.52,120.99,95,463,92.4,1,0.1667
13015.0,0,1,6,10,5003.18,500.32,234.09,202,412,45.111111111111114,3,0.3
13135.0,1,0,5,2,3371.45,1685.73,1994.43,18,300,295.0,0,0.0
17345.0,0,2,5,8,1195.27,149.41,121.14,128,547,77.42857142857143,2,0.25
12748.0,0,108,1,213,32430.44,152.26,197.88,1645,544,2.561320754716981,18,0.0845
16726.0,0,1,5,6,1501.58,250.26,143.89,117,220,43.0,0,0.0
13018.0,0,17,5,18,6159.42,342.19,168.79,285,457,26.58823529411765,2,0.1111
13232.0,0,4,5,3,691.9,230.63,101.69,99,52,23.5,0,0.0
15402.0,0,1,5,5,1644.76,328.95,178.17,72,400,98.75,1,0.2
14560.0,0,12,5,31,5108.26,164.78,118.07,51,546,18.033333333333335,1,0.0323
16034.0,1,0,5,6,928.72,154.79,38.0,43,218,42.6,1,0.1667
16444.0,0,2,3,15,3241.99,216.13,168.67,188,434,30.785714285714285,3,0.2
16889.0,1,0,3,6,2530.9,421.82,161.84,163,374,74.2,0,0.0
15547.0,0,6,3,19,7604.08,400.21,214.58,449,542,29.944444444444443,2,0.1053
16558.0,0,9,1,28,8985.6,320.91,218.22,273,545,20.14814814814815,8,0.2857
16470.0,0,2,1,9,2041.87,226.87,138.7,240,537,67.0,1,0.1111
16483.0,1,0,1,1,139.35,139.35,,19,1,,0,0.0
13398.0,1,0,1,2,670.34,335.17,172.77,37,257,256.0,0,0.0
17454.0,1,0,1,10,1547.94,154.79,32.53,98,502,55.666666666666664,1,0.1
13571.0,0,9,1,17,2846.82,167.46,55.5,180,540,33.6875,0,0.0
18204.0,0,2,1,1,549.43,549.43,,84,1,,0,0.0
15998.0,0,3,71,13,7000.59,538.51,253.08,596,547,39.666666666666664,4,0.3077
15061.0,0,17,20,108,114007.3,1055.62,1418.93,116,547,4.925233644859813,9,0.0833
13526.0,1,0,547,2,1182.0,591.0,379.15,29,547,0.0,2,1.0
15051.0,0,3,188,6,2543.55,423.93,166.81,113,547,71.8,1,0.1667
13110.0,0,4,66,8,2201.29,275.16,118.51,128,547,68.71428571428571,2,0.25
15485.0,0,1,145,6,4475.14,745.86,666.73,56,547,80.4,1,0.1667
14135.0,0,5,29,17,7074.87,416.17,289.43,111,546,32.3125,1,0.0588
13777.0,0,11,16,47,40417.91,859.96,1161.19,44,546,11.521739130434783,9,0.1915
17087.0,1,0,546,1,221.53,221.53,,12,546,,0,0.0
16550.0,0,3,44,15,8175.07,545.0,284.24,233,546,35.857142857142854,9,0.6
14425.0,1,0,243,3,661.39,220.46,20.09,35,546,151.5,2,0.6667
15353.0,1,0,63,7,3175.95,453.71,124.06,274,546,80.5,1,0.1429
15542.0,1,0,321,3,918.45,306.15,79.12,212,546,112.5,1,0.3333
17377.0,0,13,64,65,15816.11,243.32,209.62,428,546,7.53125,13,0.2
16797.0,1,0,202,5,1827.77,365.55,124.76,289,546,86.0,4,0.8
14396.0,0,1,180,6,1744.29,290.71,137.45,167,546,73.2,0,0.0
16200.0,0,1,191,10,4562.83,456.28,385.01,241,546,39.44444444444444,1,0.1
14915.0,0,1,86,10,1646.05,164.61,73.32,63,545,51.0,1,0.1
13931.0,0,1,89,10,4398.06,439.81,357.44,177,545,50.666666666666664,0,0.0
14051.0,0,10,22,25,12657.09,506.28,266.84,74,545,21.791666666666668,5,0.2
15179.0,0,2,42,11,6740.09,612.74,426.29,190,545,50.3,3,0.2727
14159.0,0,9,65,11,3897.09,354.28,194.84,428,545,48.0,2,0.1818
17940.0,0,5,27,11,29748.69,2704.43,3159.82,11,545,51.8,6,0.5455
17913.0,0,1,164,13,3286.09,252.78,133.37,213,545,31.75,0,0.0
17764.0,0,1,20,4,1066.79,266.7,59.86,76,545,175.0,0,0.0
15550.0,0,2,110,9,1781.07,197.9,122.34,141,545,54.375,2,0.2222
16612.0,0,3,120,6,2337.82,389.64,137.74,82,545,85.0,1,0.1667
14898.0,0,2,49,12,2815.22,234.6,88.31,135,545,45.09090909090909,4,0.3333
17576.0,0,9,23,31,6874.16,221.75,90.52,305,545,17.4,3,0.0968
17343.0,1,0,164,6,1259.94,209.99,68.79,61,545,76.2,0,0.0
17432.0,0,2,194,7,1385.63,197.95,109.87,174,545,58.5,0,0.0
17160.0,0,4,34,13,7896.2,607.4,274.39,184,544,42.5,1,0.0769
14723.0,0,2,167,8,1405.76,175.72,61.48,180,544,53.857142857142854,0,0.0
15999.0,1,0,544,1,20.4,20.4,,1,544,,0,0.0
13807.0,1,0,176,3,534.8,178.27,62.02,24,544,184.0,1,0.3333
16710.0,0,4,16,18,5503.69,305.76,148.39,496,544,31.058823529411764,1,0.0556
12970.0,1,0,131,8,1096.53,137.07,208.16,181,544,59.0,0,0.0
14087.0,1,0,213,2,651.8,325.9,126.16,126,544,331.0,1,0.5
13733.0,1,0,219,2,487.03,243.52,133.52,28,544,325.0,1,0.5
18181.0,0,1,209,4,823.14,205.79,146.25,119,544,111.66666666666667,2,0.5
16593.0,0,2,136,6,810.71,135.12,64.47,41,543,81.4,1,0.1667
12820.0,0,2,135,8,1917.64,239.71,81.06,91,543,58.285714285714285,2,0.25
14867.0,0,1,27,15,2855.92,190.39,148.95,66,543,36.857142857142854,3,0.2
12975.0,1,0,245,6,2100.09,350.02,223.77,92,542,59.4,2,0.3333
17150.0,1,0,185,6,1375.65,229.28,80.79,64,542,71.4,0,0.0
15571.0,0,3,195,10,3401.2,340.12,275.79,410,542,38.55555555555556,0,0.0
17085.0,0,1,59,27,7543.66,279.39,194.21,395,542,18.576923076923077,4,0.1481
13373.0,0,2,85,4,5262.64,1315.66,601.29,222,542,152.33333333333334,0,0.0
15822.0,1,0,168,5,1394.79,278.96,163.52,34,542,93.5,2,0.4
14003.0,1,0,541,1,209.41,209.41,,16,541,,0,0.0
15115.0,0,1,541,1,191.74,191.74,,14,541,,1,1.0
16768.0,0,2,80,7,1413.28,201.9,92.28,88,541,76.83333333333333,3,0.4286
17044.0,0,1,183,11,11013.82,1001.26,437.94,91,541,35.8,3,0.2727
17990.0,1,0,45,6,1527.61,254.6,92.3,40,541,99.2,1,0.1667
13382.0,1,0,89,5,1387.58,277.52,132.11,74,540,112.75,0,0.0
18002.0,1,0,184,4,249.92,62.48,38.96,52,540,118.66666666666667,0,0.0
15079.0,1,0,21,11,3767.35,342.49,295.25,119,540,51.9,6,0.5455
18271.0,1,0,418,2,680.85,340.42,209.13,19,540,122.0,0,0.0
14290.0,0,3,170,4,2979.47,744.87,158.26,59,540,123.33333333333333,6,1.5
17268.0,0,2,52,9,1246.73,138.53,105.22,24,540,61.0,0,0.0
16805.0,0,1,169,4,851.42,212.86,142.66,181,540,123.66666666666667,0,0.0
13204.0,1,0,540,1,966.66,966.66,,57,540,,0,0.0
13576.0,0,10,28,17,7580.8,445.93,128.27,109,540,32.0,3,0.1765
15674.0,0,1,22,12,5881.29,490.11,194.2,219,540,47.09090909090909,5,0.4167
13114.0,1,0,539,1,234.38,234.38,,16,539,,0,0.0
13768.0,1,0,535,2,875.97,437.99,115.17,30,539,4.0,6,3.0
16912.0,0,6,16,9,3070.59,341.18,225.8,95,539,65.375,2,0.2222
15302.0,1,0,539,1,308.0,308.0,,15,539,,1,1.0
17184.0,1,0,378,2,198.41,99.21,68.81,14,539,161.0,0,0.0
13825.0,1,0,430,2,255.59,127.8,22.01,38,539,109.0,0,0.0
15858.0,0,3,98,10,3337.74,333.77,225.23,231,538,48.888888888888886,2,0.2
15085.0,1,0,538,1,347.54,347.54,,9,538,,0,0.0
15889.0,0,1,178,7,1657.33,236.76,188.65,237,538,60.0,1,0.1429
16901.0,1,0,538,1,204.26,204.26,,23,538,,0,0.0
13542.0,1,0,185,17,4006.17,235.66,87.54,98,538,22.0625,1,0.0588
14702.0,0,9,90,18,4684.23,260.23,157.9,240,538,26.352941176470587,2,0.1111
14519.0,1,0,492,2,206.09,103.05,28.15,38,537,45.0,0,0.0
14643.0,0,1,167,4,1344.02,336.01,22.07,42,537,123.33333333333333,1,0.25
16365.0,0,6,62,9,2256.14,250.68,84.99,65,537,59.375,1,0.1111
12854.0,0,1,50,6,2479.89,413.32,168.95,166,537,97.4,4,0.6667
16442.0,1,0,36,4,719.71,179.93,71.35,165,535,166.33333333333334,0,0.0
16830.0,0,1,251,3,881.59,293.86,110.76,47,535,142.0,1,0.3333
16125.0,1,0,176,14,4587.65,327.69,168.74,168,534,27.53846153846154,0,0.0
12992.0,1,0,534,1,93.35,93.35,,6,534,,0,0.0
13000.0,0,1,68,3,956.18,318.73,157.38,56,534,233.0,1,0.3333
15838.0,0,11,27,21,46622.82,2220.13,3798.31,44,533,25.3,3,0.1429
17251.0,1,0,171,3,812.43,270.81,43.2,65,533,181.0,1,0.3333
17082.0,0,1,127,5,3365.12,673.02,360.68,74,533,101.5,0,0.0
17596.0,0,5,57,8,2839.65,354.96,208.76,186,533,68.0,1,0.125
14966.0,0,1,196,5,924.52,184.9,46.66,93,533,84.25,0,0.0
14897.0,0,2,105,5,1949.66,389.93,179.07,65,533,107.0,1,0.2
12956.0,1,0,115,4,521.89,130.47,71.27,42,533,139.33333333333334,0,0.0
15312.0,0,2,24,10,2613.24,261.32,88.79,111,532,56.44444444444444,2,0.2
18286.0,1,0,285,2,1296.43,648.22,262.0,67,532,247.0,1,0.5
14869.0,0,1,197,4,2078.54,519.64,175.54,136,532,111.66666666666667,2,0.5
16641.0,0,1,510,1,323.4,323.4,,24,510,,0,0.0
14327.0,0,1,191,5,1583.28,316.66,9.01,89,509,79.5,0,0.0
13044.0,1,0,100,11,4853.9,441.26,185.53,356,509,40.9,2,0.1818
12875.0,0,1,171,4,1307.52,326.88,31.94,2,506,111.66666666666667,0,0.0
15375.0,1,0,499,1,60.96,60.96,,6,499,,0,0.0
15198.0,0,2,217,3,377.71,125.9,44.8,20,498,140.5,1,0.3333
14413.0,1,0,171,4,770.37,192.59,103.99,93,498,109.0,0,0.0
14538.0,0,1,65,4,1089.09,272.27,149.31,30,492,142.33333333333334,0,0.0
13459.0,1,0,433,2,1160.41,580.2,71.54,57,491,58.0,0,0.0
12905.0,1,0,385,2,1018.42,509.21,119.43,52,491,106.0,1,0.5
15798.0,1,0,301,3,1535.37,511.79,214.71,73,490,94.5,0,0.0
16430.0,0,1,190,6,817.09,136.18,137.2,17,490,60.0,0,0.0
13048.0,0,2,47,7,3188.22,455.46,254.49,115,490,73.83333333333333,3,0.4286
15013.0,1,0,296,10,1641.3,164.13,45.76,177,486,21.11111111111111,0,0.0
17137.0,1,0,225,6,1133.63,188.94,88.48,125,486,52.2,0,0.0
14306.0,0,2,187,4,1058.08,264.52,75.55,12,486,99.66666666666667,0,0.0
13897.0,0,1,247,2,849.56,424.78,81.87,42,486,239.0,0,0.0
16655.0,0,5,140,8,3566.1,445.76,203.3,270,486,49.42857142857143,1,0.125
13478.0,1,0,278,5,2215.78,443.16,460.78,114,486,52.0,2,0.4
14821.0,1,0,175,7,1286.45,183.78,196.76,65,485,51.666666666666664,0,0.0
17146.0,0,1,72,12,5674.34,472.86,242.29,162,484,37.45454545454545,3,0.25
15279.0,1,0,163,5,1580.54,316.11,22.52,74,484,80.25,2,0.4
17342.0,1,0,188,4,1227.54,306.89,7.16,31,478,96.66666666666667,3,0.75
13497.0,1,0,91,6,1320.33,220.06,57.08,52,478,77.4,1,0.1667
17319.0,1,0,478,1,29.1,29.1,,3,478,,0,0.0
14609.0,0,3,105,7,1028.64,146.95,74.25,6,477,62.0,1,0.1429
17685.0,0,2,75,10,4264.36,426.44,229.88,81,475,44.44444444444444,2,0.2
17226.0,1,0,117,3,900.12,300.04,190.37,51,474,178.5,0,0.0
15278.0,1,0,370,4,496.16,124.04,10.35,29,474,34.666666666666664,0,0.0
12976.0,1,0,20,8,3156.38,394.55,188.42,106,474,64.85714285714286,0,0.0
15561.0,0,2,24,5,1399.55,279.91,129.89,49,472,112.0,0,0.0
13587.0,0,1,258,3,961.1,320.37,279.35,20,472,107.0,0,0.0
14970.0,0,2,61,10,4109.54,410.95,259.65,56,472,45.666666666666664,4,0.4
18201.0,1,0,531,1,447.53,447.53,,27,531,,0,0.0
17612.0,0,4,23,14,4012.16,286.58,82.99,157,531,39.07692307692308,12,0.8571
13203.0,0,2,51,7,1944.5,277.79,183.32,115,531,80.0,1,0.1429
17400.0,0,1,19,7,3859.61,551.37,341.31,278,531,85.33333333333333,0,0.0
13039.0,1,0,393,4,1010.73,252.68,101.65,37,531,46.0,0,0.0
12826.0,0,3,125,8,2178.13,272.27,110.58,82,530,57.857142857142854,2,0.25
17927.0,1,0,530,1,294.0,294.0,,10,530,,0,0.0
13781.0,1,0,59,3,778.83,259.61,114.65,56,530,235.5,1,0.3333
17888.0,0,5,21,20,1273.17,63.66,45.89,107,527,26.63157894736842,4,0.2
16017.0,0,1,226,4,1341.95,335.49,210.96,81,512,95.33333333333333,0,0.0
18094.0,0,4,27,9,5151.42,572.38,329.46,46,510,60.375,2,0.2222
13622.0,1,0,505,1,658.95,658.95,,32,505,,1,1.0
17962.0,0,1,358,3,584.59,194.86,163.24,126,504,73.0,1,0.3333
13929.0,0,1,135,10,3064.3,306.43,187.68,38,503,40.888888888888886,3,0.3
16452.0,1,0,439,2,332.17,166.09,39.03,14,502,63.0,0,0.0
17227.0,0,4,65,8,1448.86,181.11,69.63,47,502,62.42857142857143,0,0.0
16595.0,0,1,185,4,1450.02,362.51,135.94,286,500,105.0,0,0.0
13907.0,1,0,500,1,136.8,136.8,,4,500,,0,0.0
14595.0,0,5,122,3,587.65,195.88,29.39,30,497,187.5,0,0.0
12986.0,1,0,237,10,2729.84,272.98,178.06,61,496,28.77777777777778,2,0.2
15910.0,0,3,16,11,2000.23,181.84,93.99,322,496,48.0,0,0.0
13543.0,1,0,443,2,1439.61,719.81,185.76,37,496,53.0,0,0.0
17460.0,0,1,34,15,2068.42,137.89,53.11,90,495,32.92857142857143,4,0.2667
14070.0,1,0,493,1,326.55,326.55,,40,493,,0,0.0
16390.0,1,0,345,3,467.5,155.83,89.97,16,488,71.5,0,0.0
13553.0,1,0,483,1,517.8,517.8,,85,483,,0,0.0
13107.0,0,3,142,6,4288.29,714.72,336.72,113,482,68.0,6,1.0
16412.0,0,1,202,4,495.4,123.85,42.26,72,482,93.33333333333333,0,0.0
13009.0,1,0,481,1,234.0,234.0,,4,481,,0,0.0
16704.0,1,0,427,2,695.66,347.83,319.58,50,481,54.0,0,0.0
16714.0,1,0,27,4,1529.8,382.45,530.0,95,479,150.66666666666666,3,0.75
17285.0,1,0,437,2,428.34,214.17,1.8,41,472,35.0,0,0.0
15964.0,1,0,472,1,272.96,272.96,,20,472,,0,0.0
16359.0,0,3,23,12,1963.09,163.59,92.32,72,470,40.63636363636363,3,0.25
12960.0,1,0,222,4,1322.07,330.52,111.85,49,470,82.66666666666667,0,0.0
14322.0,1,0,238,4,474.1,118.53,131.81,10,468,76.66666666666667,2,0.5
14495.0,0,2,468,1,51.0,51.0,,1,468,,1,1.0
13020.0,1,0,371,2,618.96,309.48,195.91,38,468,97.0,3,1.5
12993.0,0,2,16,6,1020.17,170.03,97.57,54,468,90.4,2,0.3333
15306.0,0,3,309,6,2310.38,385.06,330.19,80,468,31.8,1,0.1667
15774.0,0,1,227,5,1059.14,211.83,90.36,69,465,59.5,1,0.2
14997.0,0,3,464,1,230.4,230.4,,12,464,,0,0.0
15058.0,0,6,52,10,2025.8,202.58,75.24,157,462,45.55555555555556,1,0.1
13469.0,1,0,462,1,82.4,82.4,,6,462,,0,0.0
16471.0,1,0,83,4,1189.98,297.5,51.32,48,461,126.0,2,0.5
16631.0,1,0,290,7,1892.52,270.36,126.48,46,460,28.333333333333332,1,0.1429
14459.0,0,1,460,1,3537.82,3537.82,,76,460,,1,1.0
15569.0,0,4,141,6,2499.14,416.52,193.67,108,458,63.4,0,0.0
15149.0,0,1,385,4,1033.81,258.45,287.82,44,458,24.333333333333332,0,0.0
17760.0,0,1,182,5,803.88,160.78,130.17,44,458,69.0,1,0.2
15664.0,0,1,258,3,867.6,289.2,153.0,46,458,100.0,3,1.0
16511.0,0,2,75,4,1209.51,302.38,49.77,166,457,127.33333333333333,0,0.0
16521.0,1,0,224,3,1148.01,382.67,250.06,212,457,116.5,0,0.0
15603.0,0,1,457,1,40.0,40.0,,2,457,,1,1.0
13797.0,1,0,245,3,1179.45,393.15,105.55,71,456,105.5,1,0.3333
13126.0,0,2,62,10,2976.03,297.6,113.6,123,456,43.77777777777778,5,0.5
15927.0,1,0,456,1,123.39,123.39,,13,456,,0,0.0
13593.0,0,2,72,12,4509.56,375.8,198.37,190,456,34.90909090909091,2,0.1667
17020.0,1,0,351,2,935.62,467.81,213.48,64,455,104.0,0,0.0
14157.0,0,1,94,4,847.07,211.77,50.96,68,455,120.33333333333333,1,0.25
15875.0,1,0,455,1,111.72,111.72,,18,455,,0,0.0
18151.0,0,1,98,5,1538.64,307.73,196.63,78,454,89.0,1,0.2
16859.0,0,1,70,6,1444.44,240.74,127.21,57,454,76.8,0,0.0
17847.0,1,0,324,2,129.69,64.85,34.22,9,454,130.0,0,0.0
16096.0,1,0,73,4,1584.97,396.24,124.68,58,454,127.0,0,0.0
17718.0,1,0,41,2,439.18,219.59,113.48,22,453,412.0,1,0.5
13280.0,0,1,125,6,2207.13,367.86,127.55,157,453,65.6,1,0.1667
14233.0,0,1,20,6,2400.65,400.11,177.28,30,453,86.6,2,0.3333
13201.0,1,0,311,4,1240.61,310.15,143.03,65,451,46.666666666666664,0,0.0
15847.0,0,1,97,4,613.98,153.5,54.78,28,450,117.66666666666667,0,0.0
17325.0,1,0,89,3,609.57,203.19,179.87,39,450,180.5,0,0.0
17542.0,1,0,78,3,341.7,113.9,88.61,57,450,186.0,0,0.0
14147.0,0,1,94,8,2289.6,286.2,213.22,23,449,50.714285714285715,2,0.25
16756.0,1,0,23,7,1312.37,187.48,97.53,64,449,71.0,2,0.2857
13316.0,0,3,63,7,8836.32,1262.33,548.6,71,448,64.16666666666667,2,0.2857
13484.0,1,0,50,3,790.72,263.57,84.7,38,448,199.0,1,0.3333
16611.0,0,1,212,5,1655.64,331.13,80.49,79,448,59.0,1,0.2
17588.0,0,2,41,5,2096.55,419.31,105.84,30,446,101.25,2,0.4
13573.0,0,1,62,5,653.84,130.77,113.68,54,446,96.0,0,0.0
16586.0,1,0,57,3,1462.78,487.59,172.58,27,444,193.5,0,0.0
15946.0,1,0,311,3,2304.18,768.06,606.06,25,442,65.5,0,0.0
14604.0,1,0,442,1,143.86,143.86,,20,442,,0,0.0
14496.0,1,0,120,7,2668.23,381.18,215.22,64,442,53.666666666666664,3,0.4286
14872.0,1,0,292,3,816.6,272.2,60.19,34,442,75.0,1,0.3333
17568.0,1,0,442,1,382.79,382.79,,61,442,,0,0.0
16917.0,1,0,85,2,1857.83,928.92,759.99,45,441,356.0,1,0.5
18187.0,1,0,440,1,724.89,724.89,,48,440,,2,2.0
16977.0,1,0,204,4,496.0,124.0,64.18,25,440,78.66666666666667,0,0.0
16108.0,0,1,243,3,1393.42,464.47,118.89,79,440,98.5,3,1.0
14316.0,1,0,231,5,1370.34,274.07,152.33,21,439,52.0,1,0.2
13896.0,1,0,434,1,388.55,388.55,,21,434,,0,0.0
15086.0,1,0,373,2,218.53,109.27,1.08,10,434,61.0,0,0.0
14026.0,1,0,279,2,713.11,356.55,42.39,43,434,155.0,0,0.0
16741.0,1,0,434,1,173.06,173.06,,11,434,,0,0.0
14202.0,1,0,190,3,847.76,282.59,214.29,27,433,121.5,0,0.0
13849.0,0,2,206,3,1931.35,643.78,236.76,108,433,113.5,1,0.3333
16090.0,1,0,433,1,205.91,205.91,,18,433,,0,0.0
18215.0,0,1,246,4,1948.15,487.04,247.98,49,432,62.0,1,0.25
14253.0,1,0,302,2,363.4,181.7,33.45,11,432,130.0,0,0.0
17827.0,1,0,51,5,1976.4,395.28,310.5,191,430,94.75,1,0.2
13684.0,1,0,94,4,596.98,149.25,63.16,81,430,112.0,2,0.5
17046.0,0,1,253,4,1264.05,316.01,221.85,57,429,58.666666666666664,0,0.0
15029.0,1,0,428,1,365.1,365.1,,10,428,,1,1.0
13179.0,1,0,427,1,572.31,572.31,,34,427,,0,0.0
15125.0,0,11,16,13,12807.11,985.16,1041.15,127,427,34.25,7,0.5385
16654.0,0,2,44,6,1612.05,268.68,116.89,60,421,75.4,1,0.1667
13071.0,1,0,421,1,129.22,129.22,,12,421,,0,0.0
15252.0,0,2,230,3,1362.63,454.21,125.19,73,420,95.0,2,0.6667
16941.0,1,0,420,1,33.0,33.0,,2,420,,0,0.0
12821.0,1,0,23,2,220.8,110.4,25.0,13,420,397.0,0,0.0
16454.0,0,2,415,2,24.05,12.03,14.81,2,420,5.0,4,2.0
13712.0,1,0,55,2,766.42,383.21,218.31,32,419,364.0,0,0.0
13278.0,0,1,208,3,893.12,297.71,39.21,48,419,105.5,1,0.3333
13197.0,1,0,418,1,373.01,373.01,,19,418,,0,0.0
16040.0,0,2,77,5,1525.78,305.16,99.23,69,418,85.25,1,0.2
13080.0,0,1,210,3,222.65,74.22,14.67,11,418,104.0,1,0.3333
16276.0,0,1,288,2,1818.79,909.4,209.25,16,416,128.0,0,0.0
14275.0,1,0,204,6,1189.38,198.23,172.48,14,416,42.4,0,0.0
14011.0,1,0,289,2,457.82,228.91,89.7,32,416,127.0,1,0.5
15590.0,1,0,191,5,1496.6,299.32,217.84,75,415,56.0,1,0.2
14656.0,0,1,92,4,656.71,164.18,31.25,112,412,106.66666666666667,0,0.0
15354.0,1,0,412,3,284.4,94.8,0.0,1,412,0.0,4,1.3333
12969.0,1,0,411,1,122.45,122.45,,5,411,,0,0.0
17626.0,1,0,411,1,254.0,254.0,,18,411,,0,0.0
13346.0,1,0,271,6,299.4,49.9,5.94,4,405,26.8,0,0.0
14788.0,0,1,405,1,476.88,476.88,,28,405,,0,0.0
14677.0,1,0,401,1,184.91,184.91,,14,401,,0,0.0
14563.0,1,0,318,2,679.44,339.72,268.8,95,401,83.0,0,0.0
16408.0,1,0,400,1,231.93,231.93,,45,400,,0,0.0
15101.0,1,0,168,5,1262.69,252.54,174.6,48,399,57.75,5,1.0
16332.0,0,6,114,5,539.51,107.9,59.36,49,398,71.0,1,0.2
16607.0,0,7,16,18,4076.22,226.46,99.51,148,398,22.470588235294116,3,0.1667
17463.0,0,3,42,4,1605.26,401.31,231.74,169,398,118.66666666666667,1,0.25
16651.0,1,0,395,1,136.2,136.2,,6,395,,0,0.0
17555.0,0,1,143,4,769.93,192.48,25.0,174,395,84.0,0,0.0
18163.0,1,0,393,1,728.84,728.84,,33,393,,1,1.0
13512.0,1,0,69,4,713.39,178.35,55.86,31,392,107.66666666666667,0,0.0
15381.0,1,0,22,5,1890.57,378.11,215.96,20,392,92.5,1,0.2
13024.0,1,0,279,2,555.87,277.94,42.57,26,391,112.0,1,0.5
18254.0,1,0,390,1,267.9,267.9,,16,390,,0,0.0
14941.0,1,0,387,1,182.1,182.1,,7,387,,0,0.0
14014.0,0,1,185,2,1443.03,721.51,629.12,37,385,200.0,0,0.0
17705.0,0,5,24,5,617.68,123.54,31.85,37,385,90.25,0,0.0
15012.0,0,1,182,2,628.64,314.32,95.88,107,385,203.0,0,0.0
13998.0,1,0,255,3,566.7,188.9,151.2,30,385,65.0,0,0.0
13300.0,0,1,197,2,913.62,456.81,200.58,29,383,186.0,1,0.5
16922.0,1,0,381,1,611.08,611.08,,122,381,,0,0.0
17413.0,1,0,213,2,560.14,280.07,85.18,10,378,165.0,0,0.0
15401.0,1,0,261,2,216.95,108.48,39.21,14,377,116.0,0,0.0
14394.0,1,0,373,1,93.8,93.8,,6,373,,0,0.0
17205.0,0,1,225,2,615.27,307.64,46.22,18,373,148.0,0,0.0
17862.0,1,0,132,4,1279.09,319.77,187.08,90,372,80.0,0,0.0
15256.0,0,1,370,1,71.95,71.95,,4,370,,0,0.0
15254.0,0,1,355,2,787.99,394.0,79.68,46,369,14.0,1,0.5
15980.0,0,2,63,5,4955.0,991.0,775.28,83,365,75.5,2,0.4
14033.0,1,0,364,1,109.44,109.44,,1,364,,0,0.0
16896.0,1,0,364,1,103.95,103.95,,18,364,,0,0.0
18234.0,1,0,360,1,179.6,179.6,,30,360,,0,0.0
13337.0,1,0,355,1,1575.26,1575.26,,87,355,,1,1.0
14224.0,0,2,24,7,1343.1,191.87,102.31,167,353,54.833333333333336,0,0.0
16625.0,1,0,83,5,1654.03,330.81,46.58,82,352,67.25,1,0.2
18020.0,1,0,352,1,190.48,190.48,,12,352,,1,1.0
16500.0,0,4,139,4,608.05,152.01,21.54,20,352,71.0,1,0.25
15625.0,0,3,44,6,2397.47,399.58,236.67,101,351,61.4,1,0.1667
15247.0,0,1,286,2,620.06,310.03,2.16,10,346,60.0,1,0.5
13707.0,1,0,76,5,3365.86,673.17,394.86,142,345,67.25,0,0.0
16315.0,1,0,139,2,402.71,201.36,35.38,21,345,206.0,0,0.0
16683.0,1,0,342,1,320.25,320.25,,18,342,,1,1.0
16961.0,0,1,197,2,560.39,280.19,167.08,38,341,144.0,3,1.5
16529.0,0,1,286,3,1556.75,518.92,184.21,72,339,26.5,0,0.0
15264.0,0,1,339,1,454.66,454.66,,32,339,,1,1.0
17812.0,0,3,177,4,651.28,162.82,182.7,79,339,54.0,0,0.0
17915.0,1,0,360,1,242.13,242.13,,27,360,,0,0.0
17987.0,0,1,185,4,805.07,201.27,67.37,132,359,58.0,1,0.25
16048.0,1,0,182,4,1075.23,268.81,212.02,30,358,58.666666666666664,1,0.25
14308.0,1,0,358,2,1147.02,573.51,390.24,1,358,0.0,3,1.5
13023.0,0,2,337,1,759.13,759.13,,36,337,,0,0.0
13620.0,1,0,337,1,112.34,112.34,,5,337,,0,0.0
13739.0,0,1,336,1,75.3,75.3,,3,336,,0,0.0
14693.0,1,0,73,7,1165.36,166.48,45.84,43,334,43.5,1,0.1429
15627.0,1,0,266,2,566.9,283.45,4.65,23,331,65.0,0,0.0
12953.0,1,0,331,1,498.96,498.96,,31,331,,0,0.0
16576.0,1,0,229,2,540.87,270.44,60.86,32,330,101.0,3,1.5
13909.0,1,0,232,2,286.6,143.3,43.61,35,330,98.0,0,0.0
15056.0,1,0,329,1,133.45,133.45,,6,329,,0,0.0
18279.0,1,0,328,1,231.34,231.34,,13,328,,0,0.0
16469.0,0,2,55,3,455.36,151.79,46.84,73,323,134.0,0,0.0
17559.0,1,0,321,1,167.62,167.62,,12,321,,0,0.0
16496.0,1,0,16,5,1916.29,383.26,221.38,101,318,75.5,0,0.0
14797.0,1,0,316,1,300.31,300.31,,16,316,,0,0.0
17643.0,1,0,182,2,541.25,270.63,95.49,30,314,132.0,0,0.0
16165.0,1,0,314,1,79.9,79.9,,1,314,,0,0.0
17177.0,1,0,314,1,119.5,119.5,,29,314,,0,0.0
13788.0,1,0,314,1,3.75,3.75,,1,314,,0,0.0
13665.0,1,0,195,3,1711.66,570.55,97.42,97,313,59.0,0,0.0
18244.0,1,0,239,2,568.64,284.32,26.13,19,311,72.0,0,0.0
15228.0,0,3,103,3,3098.41,1032.8,175.72,119,308,102.5,0,0.0
18207.0,1,0,308,1,544.47,544.47,,31,308,,2,2.0
15021.0,0,5,27,6,1554.1,259.02,85.19,231,307,56.0,4,0.6667
17109.0,0,4,41,4,875.01,218.75,139.35,70,306,88.33333333333333,0,0.0
13617.0,0,3,217,5,734.57,146.91,39.7,31,304,21.75,1,0.2
15200.0,1,0,303,1,549.05,549.05,,30,303,,0,0.0
18277.0,0,1,206,4,1069.67,267.42,126.33,48,303,32.333333333333336,3,0.75
15387.0,1,0,301,1,468.65,468.65,,20,301,,0,0.0
14631.0,0,1,44,5,1648.79,329.76,26.96,55,296,63.0,1,0.2
17212.0,1,0,62,3,794.41,264.8,167.99,29,295,116.5,0,0.0
13045.0,0,1,210,2,503.64,251.82,104.11,25,295,85.0,0,0.0
14913.0,0,2,82,6,3461.53,576.92,337.53,149,294,42.4,0,0.0
13945.0,1,0,203,2,854.15,427.08,125.26,49,288,85.0,0,0.0
15855.0,0,2,15,4,682.99,170.75,114.74,51,285,90.0,0,0.0
17471.0,1,0,283,1,321.65,321.65,,19,283,,0,0.0
14866.0,0,10,175,8,6564.0,820.5,750.5,13,279,14.857142857142858,0,0.0
14433.0,1,0,274,1,289.6,289.6,,72,274,,0,0.0
16819.0,1,0,274,2,182.59,91.3,90.08,17,274,0.0,0,0.0
16872.0,0,3,236,3,533.11,177.7,55.62,9,272,18.0,0,0.0
14968.0,0,1,267,1,357.4,357.4,,47,267,,0,0.0
13076.0,1,0,266,1,135.4,135.4,,9,266,,0,0.0
18255.0,0,1,265,1,199.85,199.85,,13,265,,0,0.0
17149.0,1,0,260,1,143.1,143.1,,6,260,,0,0.0
18136.0,0,1,20,4,1447.88,361.97,223.49,73,260,80.0,4,1.0
14231.0,0,1,41,3,927.86,309.29,0.54,56,259,109.0,1,0.3333
16522.0,1,0,244,2,433.36,216.68,124.28,16,259,15.0,0,0.0
16264.0,1,0,247,2,837.53,418.77,196.17,62,255,8.0,0,0.0
13702.0,1,0,254,1,135.18,135.18,,5,254,,0,0.0
17284.0,0,4,44,4,2069.03,517.26,351.41,225,254,70.0,2,0.5
17567.0,0,3,42,5,2898.52,579.7,261.36,99,250,52.0,1,0.2
12871.0,0,1,16,2,495.38,247.69,163.61,9,248,232.0,0,0.0
13118.0,0,2,17,7,2017.3,288.19,98.35,85,248,38.5,2,0.2857
13970.0,1,0,195,2,846.55,423.28,190.53,10,246,51.0,0,0.0
14891.0,0,2,225,2,552.35,276.18,106.31,29,245,20.0,0,0.0
13556.0,1,0,238,2,200.82,100.41,9.63,8,244,6.0,0,0.0
15276.0,0,1,203,3,514.22,171.41,205.54,115,243,20.0,1,0.3333
13380.0,1,0,241,1,62.4,62.4,,3,241,,0,0.0
15351.0,0,6,178,4,2052.85,513.21,128.62,103,241,21.0,3,0.75
16312.0,1,0,241,1,171.15,171.15,,10,241,,0,0.0
13367.0,1,0,240,1,510.2,510.2,,20,240,,0,0.0
18017.0,0,2,119,2,330.0,165.0,0.0,1,240,121.0,0,0.0
13177.0,0,1,239,1,229.75,229.75,,13,239,,0,0.0
13964.0,1,0,196,2,438.9,219.45,121.91,22,239,43.0,1,0.5
15857.0,0,1,239,1,273.48,273.48,,10,239,,0,0.0
17354.0,0,1,237,3,1750.4,583.47,612.41,73,237,0.0,0,0.0
13776.0,1,0,237,2,623.98,311.99,0.0,1,237,0.0,6,3.0
15708.0,0,2,31,7,3082.78,440.4,179.73,98,234,33.833333333333336,3,0.4286
16122.0,0,2,141,4,566.76,141.69,50.42,20,234,31.0,0,0.0
13362.0,0,1,54,5,3884.86,776.97,32.39,161,234,45.0,2,0.4
16527.0,0,1,233,1,1044.38,1044.38,,58,233,,0,0.0
15834.0,0,2,86,5,2820.61,564.12,489.03,245,233,36.75,1,0.2
17104.0,1,0,232,1,474.03,474.03,,19,232,,0,0.0
17814.0,1,0,184,2,1617.32,808.66,7.83,112,231,47.0,0,0.0
17580.0,1,0,61,5,545.27,109.05,59.37,78,231,42.5,0,0.0
15242.0,1,0,231,1,302.04,302.04,,4,231,,0,0.0
15304.0,0,3,27,6,606.75,101.13,75.67,5,230,40.6,1,0.1667
15735.0,1,0,230,1,327.68,327.68,,19,230,,0,0.0
16991.0,1,0,230,1,1041.21,1041.21,,74,230,,0,0.0
17687.0,1,0,229,1,432.68,432.68,,26,229,,0,0.0
15202.0,1,0,229,3,6001.49,2000.5,803.63,1,229,0.0,5,1.6667
17938.0,1,0,229,1,144.29,144.29,,29,229,,0,0.0
17316.0,1,0,229,1,124.45,124.45,,35,229,,0,0.0
14868.0,0,6,42,5,1669.75,333.95,174.48,80,229,46.75,0,0.0
14712.0,0,3,227,1,411.0,411.0,,7,227,,0,0.0
17967.0,1,0,180,2,357.29,178.65,95.45,59,225,45.0,0,0.0
16201.0,0,3,224,1,248.65,248.65,,13,224,,0,0.0
13703.0,1,0,127,2,425.56,212.78,160.2,36,224,97.0,1,0.5
14612.0,1,0,224,1,877.7,877.7,,14,224,,0,0.0
17924.0,0,3,110,3,1076.4,358.8,176.23,3,223,56.5,3,1.0
13746.0,1,0,222,1,176.69,176.69,,9,222,,0,0.0
13106.0,0,1,222,1,526.96,526.96,,15,222,,0,0.0
14728.0,1,0,222,1,190.58,190.58,,14,222,,0,0.0
13165.0,0,1,160,2,784.32,392.16,53.06,20,222,62.0,0,0.0
17407.0,1,0,220,1,552.9,552.9,,23,220,,0,0.0
16373.0,1,0,191,2,309.49,154.74,56.56,25,220,29.0,0,0.0
13977.0,1,0,220,1,519.81,519.81,,13,220,,0,0.0
18116.0,0,1,43,12,1990.74,165.89,77.56,304,220,16.09090909090909,0,0.0
16904.0,0,9,34,11,2666.27,242.39,187.19,314,220,18.6,0,0.0
14197.0,1,0,219,1,390.05,390.05,,20,219,,0,0.0
16241.0,0,8,21,7,2555.4,365.06,227.32,318,219,33.0,0,0.0
17070.0,0,1,219,1,133.18,133.18,,41,219,,0,0.0
15773.0,1,0,218,1,138.84,138.84,,37,218,,0,0.0
15536.0,1,0,218,1,259.09,259.09,,16,218,,0,0.0
17334.0,1,0,111,3,635.15,211.72,174.97,20,215,52.0,1,0.3333
14848.0,1,0,213,1,310.56,310.56,,11,213,,0,0.0
13215.0,1,0,211,1,81.6,81.6,,1,211,,0,0.0
15336.0,1,0,210,1,240.5,240.5,,15,210,,0,0.0
17254.0,0,1,210,1,198.29,198.29,,36,210,,0,0.0
17702.0,0,3,15,3,1759.47,586.49,211.7,96,209,97.0,2,0.6667
13660.0,1,0,209,1,314.59,314.59,,39,209,,1,1.0
13903.0,1,0,209,1,165.45,165.45,,10,209,,0,0.0
14203.0,1,0,206,1,339.34,339.34,,16,206,,0,0.0
13138.0,0,4,49,3,891.7,297.23,97.22,31,205,78.0,1,0.3333
17084.0,0,2,205,1,2253.22,2253.22,,132,205,,1,1.0
17274.0,0,1,204,1,465.4,465.4,,52,204,,0,0.0
17467.0,1,0,204,1,102.6,102.6,,4,204,,0,0.0
16740.0,1,0,204,1,236.81,236.81,,30,204,,0,0.0
15131.0,1,0,203,1,80.28,80.28,,7,203,,0,0.0
15028.0,0,2,177,3,716.55,238.85,115.79,45,203,13.0,0,0.0
17815.0,1,0,202,1,591.96,591.96,,13,202,,0,0.0
18054.0,1,0,201,1,176.5,176.5,,11,201,,0,0.0
18007.0,1,0,201,1,220.32,220.32,,46,201,,0,0.0
13094.0,0,5,14,8,1446.24,180.78,134.29,5,198,26.285714285714285,2,0.25
13789.0,1,0,197,1,239.46,239.46,,18,197,,0,0.0
13158.0,0,3,127,2,563.53,281.77,35.86,37,197,70.0,0,0.0
16386.0,0,1,62,2,846.49,423.25,512.15,55,196,134.0,0,0.0
12847.0,0,1,196,1,765.36,765.36,,34,196,,0,0.0
13864.0,1,0,195,1,662.4,662.4,,1,195,,0,0.0
16812.0,1,0,169,4,2392.0,598.0,377.49,98,191,7.333333333333333,1,0.25
13651.0,0,2,190,1,132.65,132.65,,8,190,,1,1.0
17237.0,0,1,184,2,687.39,343.69,337.16,58,190,6.0,0,0.0
16357.0,0,2,22,2,347.39,173.7,50.62,20,190,168.0,0,0.0
15509.0,1,0,189,1,166.51,166.51,,26,189,,0,0.0
14443.0,0,2,119,3,1574.67,524.89,192.55,72,188,34.5,3,1.0
13254.0,1,0,185,1,51.41,51.41,,4,185,,0,0.0
16274.0,1,0,182,1,715.9,715.9,,64,182,,0,0.0
14491.0,0,1,181,1,254.4,254.4,,4,181,,0,0.0
13370.0,1,0,180,1,1509.74,1509.74,,39,180,,1,1.0
18113.0,1,0,177,1,152.64,152.64,,1,177,,0,0.0
18269.0,1,0,175,1,337.2,337.2,,7,175,,1,1.0
18032.0,1,0,143,1,73.5,73.5,,5,143,,0,0.0
14587.0,0,2,22,7,1280.33,182.9,25.77,156,140,19.666666666666668,1,0.1429
15687.0,0,4,77,4,1402.45,350.61,35.4,58,139,20.666666666666668,1,0.25
13385.0,1,0,138,1,534.57,534.57,,35,138,,0,0.0
14501.0,0,1,128,1,66.93,66.93,,4,128,,0,0.0
15052.0,1,0,128,1,215.78,215.78,,27,128,,0,0.0
17431.0,1,0,122,1,403.3,403.3,,41,122,,0,0.0
16403.0,1,0,121,1,177.5,177.5,,10,121,,1,1.0
13606.0,0,1,52,2,250.42,125.21,78.05,37,120,68.0,0,0.0
12929.0,1,0,120,1,117.85,117.85,,8,120,,0,0.0
14411.0,1,0,119,1,1063.0,1063.0,,14,119,,0,0.0
13675.0,0,1,93,1,308.44,308.44,,15,93,,0,0.0
16427.0,1,0,72,2,241.06,120.53,15.17,8,93,21.0,0,0.0
15656.0,0,2,29,2,306.86,153.43,126.6,19,93,64.0,0,0.0
15676.0,0,2,92,1,897.8,897.8,,61,92,,1,1.0
15319.0,1,0,92,1,204.5,204.5,,16,92,,0,0.0
15087.0,1,0,90,1,306.94,306.94,,15,90,,0,0.0
17856.0,1,0,42,3,1142.63,380.88,270.05,6,90,24.0,2,0.6667
15053.0,0,1,90,1,222.65,222.65,,19,90,,0,0.0
14995.0,0,1,89,1,119.31,119.31,,37,89,,0,0.0
14633.0,1,0,75,1,344.9,344.9,,20,75,,0,0.0
14246.0,0,2,54,1,449.64,449.64,,24,54,,0,0.0
12944.0,0,1,163,1,286.95,286.95,,14,163,,0,0.0
17634.0,0,4,21,5,1814.67,362.93,263.95,131,146,31.25,0,0.0
16425.0,1,0,111,1,302.7,302.7,,21,111,,0,0.0
13475.0,0,1,26,3,1278.48,426.16,144.0,62,107,40.5,0,0.0
16431.0,1,0,22,3,642.81,214.27,122.06,51,106,42.0,0,0.0
14959.0,0,2,24,2,422.38,211.19,46.0,31,105,81.0,0,0.0
13744.0,0,1,101,1,893.16,893.16,,44,101,,0,0.0
15146.0,0,1,100,1,834.22,834.22,,63,100,,1,1.0
15397.0,1,0,98,1,94.0,94.0,,6,98,,0,0.0
15974.0,0,4,20,3,1573.49,524.5,330.95,69,97,38.5,1,0.3333
17830.0,1,0,70,2,287.65,143.82,63.18,15,97,27.0,0,0.0
15234.0,1,0,85,1,197.0,197.0,,14,85,,0,0.0
13908.0,0,2,23,2,831.11,415.56,113.77,49,85,62.0,1,0.5
16495.0,1,0,85,2,246.51,123.26,162.29,32,85,0.0,0,0.0
16766.0,1,0,82,2,1145.6,572.8,0.0,17,82,0.0,0,0.0
13956.0,0,2,52,2,293.67,146.84,38.35,49,80,28.0,0,0.0
15408.0,1,0,73,1,267.18,267.18,,34,73,,0,0.0
13934.0,1,0,72,1,922.1,922.1,,31,72,,0,0.0
15669.0,0,3,72,1,198.8,198.8,,11,72,,0,0.0
15457.0,1,0,71,1,237.07,237.07,,56,71,,0,0.0
17698.0,1,0,69,1,154.95,154.95,,8,69,,0,0.0
14267.0,0,1,69,2,836.36,418.18,0.0,15,69,0.0,4,2.0
15178.0,1,0,69,1,40.5,40.5,,3,69,,0,0.0
15045.0,0,1,66,1,388.9,388.9,,4,66,,1,1.0
15832.0,1,0,63,1,836.79,836.79,,54,63,,0,0.0
14719.0,0,2,58,1,223.46,223.46,,40,58,,0,0.0
17054.0,0,2,16,3,918.82,306.27,7.89,46,54,19.0,0,0.0
15214.0,0,5,51,1,514.93,514.93,,35,51,,0,0.0
17574.0,1,0,51,1,185.65,185.65,,8,51,,0,0.0
15935.0,1,0,48,2,416.86,208.43,141.97,12,50,2.0,1,0.5
15813.0,1,0,16,2,1303.91,651.96,167.86,40,48,32.0,0,0.0
13120.0,1,0,47,1,30.6,30.6,,1,47,,0,0.0
18213.0,1,0,45,1,232.48,232.48,,15,45,,0,0.0
17697.0,1,0,45,1,338.95,338.95,,19,45,,0,0.0
15508.0,0,3,28,3,629.11,209.7,100.42,47,44,8.0,0,0.0
13389.0,0,1,41,1,257.89,257.89,,18,41,,0,0.0
15952.0,0,3,34,1,232.65,232.65,,14,34,,0,0.0
17527.0,0,3,27,1,292.11,292.11,,7,27,,1,1.0
14697.0,1,0,27,2,188.61,94.31,6.94,22,27,0.0,0,0.0
14288.0,1,0,22,1,426.6,426.6,,16,22,,1,1.0
14731.0,0,1,14,2,251.02,125.51,3.04,23,21,7.0,0,0.0
17658.0,0,1,20,1,317.6,317.6,,9,20,,0,0.0
16076.0,0,8,17,1,305.45,305.45,,16,17,,0,0.0
12957.0,0,4,13,8,5818.2,727.28,511.38,272,537,74.85714285714286,6,0.75
17364.0,0,3,13,22,9691.09,440.5,190.57,387,541,25.142857142857142,3,0.1364
17980.0,0,1,13,3,784.72,261.57,36.98,40,202,94.5,0,0.0
14859.0,0,3,13,2,648.76,324.38,38.92,17,363,350.0,1,0.5
14733.0,0,4,13,11,14506.64,1318.79,1036.08,133,211,19.8,1,0.0909
15201.0,0,3,13,4,1208.68,302.17,8.37,36,420,135.66666666666666,3,0.75
13405.0,0,1,13,5,1198.81,239.76,140.17,32,533,130.0,3,0.6
15271.0,0,9,13,14,2938.08,209.86,128.31,274,300,22.076923076923077,1,0.0714
18177.0,0,2,13,7,1589.1,227.01,114.57,57,533,86.66666666666667,1,0.1429
13178.0,0,6,12,15,11052.92,736.86,262.41,179,532,37.142857142857146,4,0.2667
15601.0,0,4,12,25,12932.15,517.29,304.47,246,547,22.291666666666668,4,0.16
15694.0,0,5,12,17,7008.39,412.26,250.47,46,541,33.0625,5,0.2941
17961.0,0,19,5,81,2573.49,31.77,63.17,431,547,6.775,2,0.0247
17455.0,1,0,12,1,131.7,131.7,,8,12,,0,0.0
13243.0,1,0,12,5,1278.04,255.61,206.35,165,440,107.0,0,0.0
13824.0,0,2,12,10,2848.8,284.88,179.09,47,446,48.22222222222222,2,0.2
16187.0,0,8,12,7,2564.64,366.38,223.14,89,93,13.5,0,0.0
13654.0,0,3,10,8,4773.51,596.69,582.12,192,546,76.57142857142857,0,0.0
15281.0,0,3,6,13,8138.83,626.06,970.56,414,236,19.166666666666668,5,0.3846
13113.0,0,7,1,29,15235.93,525.38,347.88,155,430,15.321428571428571,19,0.6552
13230.0,0,4,10,25,5353.29,214.13,104.67,542,440,17.916666666666668,0,0.0
16556.0,0,3,10,14,6337.61,452.69,171.4,227,541,40.84615384615385,7,0.5
12909.0,0,2,10,6,2452.89,408.82,168.63,98,462,90.4,3,0.5
13657.0,1,0,10,1,152.34,152.34,,9,10,,0,0.0
14837.0,0,3,10,6,2303.08,383.85,84.48,114,493,96.6,2,0.3333
14682.0,0,1,10,5,1483.61,296.72,342.54,79,481,117.75,0,0.0
15563.0,0,2,9,5,2202.18,440.44,102.62,151,489,120.0,1,0.2
13223.0,1,0,9,6,969.12,161.52,63.82,8,474,93.0,0,0.0
16422.0,0,25,9,84,46550.43,554.17,468.2,108,505,5.975903614457831,27,0.3214
13831.0,0,3,9,15,5918.58,394.57,292.34,119,538,37.785714285714285,2,0.1333
17723.0,0,4,9,3,848.8,282.93,162.12,6,184,87.5,0,0.0
16729.0,0,12,9,9,2834.13,314.9,211.57,114,50,5.125,0,0.0
13523.0,0,2,8,4,3505.88,876.47,688.89,117,211,67.66666666666667,0,0.0
18018.0,0,1,8,3,213.3,71.1,60.81,16,229,110.5,1,0.3333
17058.0,0,1,8,2,819.66,409.83,244.5,42,48,40.0,0,0.0
17719.0,0,11,8,4,1665.61,416.4,132.79,64,64,18.666666666666668,0,0.0
13268.0,0,6,7,5,1837.78,367.56,189.59,199,76,17.25,3,0.6
14287.0,1,0,7,2,83.28,41.64,34.45,4,7,0.0,0,0.0
14810.0,0,3,7,10,1727.84,172.78,70.06,100,238,25.666666666666668,0,0.0
17790.0,0,5,7,15,1715.07,114.34,48.14,120,353,24.714285714285715,0,0.0
16837.0,0,3,6,8,1814.74,226.84,154.24,76,54,6.857142857142857,1,0.125
14210.0,0,1,6,15,5555.33,370.36,139.94,141,511,36.07142857142857,4,0.2667
15005.0,0,16,6,40,10444.43,261.11,68.99,488,547,13.871794871794872,17,0.425
16609.0,0,4,6,3,1987.62,662.54,202.02,87,61,27.5,0,0.0
16525.0,0,11,5,36,18643.48,517.87,277.82,105,546,15.457142857142857,4,0.1111
14735.0,0,13,5,41,8729.88,212.92,154.93,158,544,13.475,3,0.0732
14338.0,0,1,5,2,919.85,459.92,169.77,43,345,340.0,0,0.0
14227.0,0,3,5,12,5417.27,451.44,360.18,237,478,43.0,5,0.4167
15867.0,0,5,5,25,7006.36,280.25,139.71,452,534,22.041666666666668,3,0.12
14031.0,0,7,5,36,31616.87,878.25,679.58,244,545,15.428571428571429,10,0.2778
17682.0,0,2,1,8,3089.86,386.23,186.86,73,450,64.14285714285714,0,0.0
16656.0,0,9,1,21,11764.85,560.23,467.85,21,544,27.15,10,0.4762
16814.0,0,9,1,27,10163.47,376.42,166.75,224,416,15.961538461538462,0,0.0
17975.0,0,6,1,18,5321.14,295.62,180.67,154,299,17.529411764705884,2,0.1111
14819.0,0,1,1,3,282.81,94.27,68.9,43,527,263.0,0,0.0
17725.0,0,7,1,4,1269.63,317.41,14.3,53,76,25.0,2,0.5
18102.0,0,41,15,100,413806.46,4138.06,5792.12,310,547,5.373737373737374,7,0.07
18087.0,0,1,99,16,13908.72,869.3,1506.55,43,547,29.866666666666667,3,0.1875
17700.0,0,2,22,12,5270.9,439.24,181.21,211,547,47.72727272727273,3,0.25
16393.0,0,6,24,15,3354.67,223.64,101.19,271,547,37.357142857142854,1,0.0667
12913.0,0,1,91,11,5083.62,462.15,292.1,31,547,45.6,0,0.0
17056.0,1,0,547,1,128.6,128.6,,8,547,,0,0.0
15984.0,0,3,42,25,6703.73,268.15,169.32,318,547,21.041666666666668,1,0.04
18037.0,0,1,34,14,158.22,11.3,8.48,30,547,39.46153846153846,0,0.0
16163.0,1,0,41,6,2849.58,474.93,313.34,59,546,101.0,8,1.3333
14799.0,0,1,546,1,180.45,180.45,,10,546,,0,0.0
16467.0,1,0,317,7,2869.16,409.88,576.56,14,546,38.166666666666664,1,0.1429
14106.0,1,0,546,1,214.8,214.8,,1,546,,0,0.0
14987.0,0,1,174,7,1550.65,221.52,157.21,4,546,62.0,1,0.1429
15615.0,0,12,21,34,15713.29,462.16,322.25,236,546,15.909090909090908,6,0.1765
14841.0,0,3,83,11,5649.09,513.55,200.64,166,546,46.3,0,0.0
16156.0,0,5,15,14,4156.71,296.91,91.91,138,546,40.84615384615385,3,0.2143
15255.0,0,1,205,8,2838.57,354.82,183.21,101,545,48.57142857142857,2,0.25
13800.0,1,0,118,3,1679.56,559.85,81.93,73,545,213.5,0,0.0
17035.0,1,0,54,4,613.59,153.4,86.07,29,545,163.66666666666666,1,0.25
17155.0,0,2,336,5,640.76,128.15,26.03,31,545,52.25,0,0.0
12835.0,1,0,236,41,6043.31,147.4,113.05,138,545,7.725,8,0.1951
17069.0,0,5,35,9,4157.65,461.96,274.25,146,545,63.75,5,0.5556
16779.0,0,10,28,41,26419.28,644.37,436.66,267,545,12.925,5,0.122
17465.0,1,0,234,7,2542.79,363.26,192.7,103,545,51.833333333333336,2,0.2857
13485.0,1,0,42,11,3019.22,274.47,197.71,131,545,50.3,4,0.3636
17271.0,1,0,545,1,210.39,210.39,,46,545,,0,0.0
13531.0,1,0,14,6,1738.52,289.75,196.44,44,545,106.2,0,0.0
15755.0,0,3,44,13,4249.6,326.89,27.13,208,544,41.666666666666664,1,0.0769
13408.0,0,32,16,69,34723.53,503.24,360.89,232,544,7.764705882352941,15,0.2174
18061.0,0,5,15,23,5560.18,241.75,159.46,26,544,24.045454545454547,1,0.0435
17157.0,0,1,289,17,4832.9,284.29,61.45,69,544,15.9375,0,0.0
16723.0,0,2,252,2,712.48,356.24,147.52,72,544,292.0,0,0.0
17935.0,0,2,209,5,540.35,108.07,27.72,33,544,83.75,1,0.2
17151.0,1,0,544,1,231.9,231.9,,4,544,,0,0.0
17421.0,1,0,195,3,1059.41,353.14,192.55,46,544,174.5,0,0.0
17850.0,1,0,181,155,56600.08,365.16,222.0,100,543,2.3506493506493507,4,0.0258
17244.0,0,1,192,4,871.14,217.78,106.7,85,542,116.66666666666667,0,0.0
17916.0,1,0,437,2,43.87,21.94,4.99,15,542,105.0,0,0.0
14940.0,1,0,226,2,531.49,265.75,118.42,32,542,316.0,0,0.0
15691.0,1,0,61,4,571.3,142.82,51.67,12,542,160.33333333333334,1,0.25
18219.0,0,4,23,12,2405.43,200.45,107.87,71,541,47.09090909090909,1,0.0833
17270.0,1,0,278,2,604.4,302.2,123.63,45,541,263.0,0,0.0
16732.0,0,1,212,3,3783.89,1261.3,910.83,177,540,164.0,5,1.6667
14494.0,0,1,210,2,261.9,130.95,23.55,10,540,330.0,0,0.0
13410.0,0,3,72,6,1603.54,267.26,180.72,21,540,93.6,2,0.3333
15298.0,0,6,71,15,5897.91,393.19,152.65,152,540,33.5,4,0.2667
13557.0,0,1,89,12,2688.88,224.07,110.32,116,540,41.0,3,0.25
13136.0,0,4,21,9,4241.41,471.27,433.92,160,540,64.875,7,0.7778
13727.0,0,2,420,6,746.57,124.43,73.31,55,539,23.8,1,0.1667
16755.0,0,1,35,6,2312.22,385.37,176.66,175,539,100.8,1,0.1667
13770.0,1,0,231,4,785.37,196.34,106.12,48,539,102.66666666666667,0,0.0
13426.0,0,4,47,16,5811.08,363.19,120.7,124,539,32.8,0,0.0
13498.0,1,0,539,1,327.38,327.38,,17,539,,0,0.0
16663.0,1,0,538,1,165.0,165.0,,1,538,,0,0.0
16985.0,0,4,20,19,8374.4,440.76,262.95,116,538,28.77777777777778,3,0.1579
15157.0,0,1,167,3,1803.5,601.17,428.79,81,538,185.5,1,0.3333
16670.0,0,6,56,14,5882.47,420.18,311.95,201,538,37.07692307692308,9,0.6429
17032.0,1,0,356,8,3004.6,375.57,388.19,183,538,26.0,5,0.625
17696.0,0,5,86,22,5887.72,267.62,182.95,160,538,21.523809523809526,16,0.7273
14030.0,0,3,52,17,7337.22,431.6,346.32,522,538,30.375,2,0.1176
17165.0,1,0,93,6,1794.32,299.05,97.01,77,537,88.8,2,0.3333
18268.0,0,1,400,5,1464.73,292.95,134.71,36,537,34.25,1,0.2
13953.0,0,3,19,8,4875.0,609.38,182.22,1,537,74.0,0,0.0
14298.0,0,17,28,64,66475.82,1038.68,1133.76,1022,537,8.079365079365079,1,0.0156
15503.0,1,0,171,2,267.15,133.58,19.11,112,535,364.0,0,0.0
17172.0,0,1,239,2,638.81,319.41,24.63,24,535,296.0,2,1.0
17539.0,1,0,426,4,1226.57,306.64,336.08,132,535,36.333333333333336,3,0.75
17802.0,0,2,181,8,3868.28,483.54,304.56,246,535,50.57142857142857,5,0.625
14751.0,1,0,493,2,126.45,63.23,2.65,7,535,42.0,0,0.0
16409.0,0,3,51,9,4483.72,498.19,247.04,312,535,60.5,0,0.0
15534.0,1,0,534,1,162.25,162.25,,8,534,,0,0.0
15920.0,0,4,233,5,404.14,80.83,53.05,42,534,75.25,0,0.0
17623.0,0,1,218,6,1856.62,309.44,85.42,108,534,63.2,0,0.0
14042.0,1,0,534,1,431.98,431.98,,21,534,,0,0.0
16280.0,1,0,534,1,238.05,238.05,,16,534,,0,0.0
13577.0,0,3,50,8,2158.43,269.8,194.91,66,534,69.14285714285714,2,0.25
17213.0,0,4,125,9,3338.02,370.89,115.68,91,533,51.0,7,0.7778
17233.0,0,1,257,2,369.98,184.99,7.96,32,533,276.0,0,0.0
17797.0,0,3,204,5,1205.44,241.09,86.75,131,533,82.25,0,0.0
17816.0,0,2,78,4,97.07,24.27,13.51,36,533,151.66666666666666,0,0.0
13711.0,1,0,27,9,1792.26,199.14,149.66,80,533,63.25,6,0.6667
17646.0,1,0,28,12,4149.79,345.82,83.97,124,532,45.81818181818182,4,0.3333
13952.0,1,0,26,14,12823.52,915.97,622.09,238,532,38.92307692307692,3,0.2143
17873.0,0,2,49,16,5847.7,365.48,157.77,62,532,32.2,2,0.125
16694.0,1,0,532,1,98.3,98.3,,3,532,,0,0.0
15586.0,1,0,401,3,1139.1,379.7,264.22,30,509,54.0,1,0.3333
17323.0,0,5,24,7,941.89,134.56,20.93,121,507,80.5,1,0.1429
13762.0,1,0,27,5,2472.48,494.5,162.5,23,507,120.0,1,0.2
13709.0,0,10,124,6,1738.4,289.73,160.72,90,506,76.4,0,0.0
17963.0,1,0,280,4,651.51,162.88,24.53,98,498,72.66666666666667,0,0.0
12857.0,1,0,19,6,3688.0,614.67,351.76,71,492,94.6,1,0.1667
17218.0,0,3,23,13,3180.54,244.66,134.99,193,492,39.083333333333336,0,0.0
15259.0,1,0,321,4,1182.38,295.6,179.58,50,491,56.666666666666664,0,0.0
15218.0,0,7,26,14,7516.94,536.92,81.64,113,491,35.76923076923077,3,0.2143
17536.0,0,1,229,2,288.33,144.16,154.69,13,491,262.0,0,0.0
17050.0,0,2,59,9,3663.79,407.09,233.78,170,491,54.0,1,0.1111
15959.0,1,0,491,3,579.49,193.16,141.52,58,491,0.0,0,0.0
14380.0,1,0,491,1,48.96,48.96,,1,491,,1,1.0
15695.0,1,0,75,4,1131.04,282.76,155.31,55,490,138.33333333333334,0,0.0
13101.0,1,0,43,4,695.4,173.85,76.54,48,490,149.0,0,0.0
15564.0,1,0,272,2,70.74,35.37,0.47,4,485,213.0,0,0.0
13870.0,0,6,96,8,3485.17,435.65,211.95,113,478,54.57142857142857,1,0.125
13417.0,1,0,14,5,1264.66,252.93,223.44,42,478,116.0,1,0.2
14884.0,1,0,478,1,120.6,120.6,,8,478,,0,0.0
18070.0,1,0,478,1,314.1,314.1,,9,478,,1,1.0
15892.0,1,0,478,1,128.2,128.2,,38,478,,0,0.0
13131.0,0,3,227,4,2240.47,560.12,326.63,94,477,83.33333333333333,0,0.0
16530.0,1,0,477,1,48.35,48.35,,3,477,,0,0.0
14301.0,0,1,225,3,1352.04,450.68,158.82,29,475,125.0,2,0.6667
13288.0,1,0,252,5,927.61,185.52,135.25,7,475,55.75,1,0.2
15807.0,0,3,217,2,913.62,456.81,77.6,40,475,258.0,1,0.5
13291.0,0,1,223,10,2959.73,295.97,172.57,134,475,28.0,0,0.0
16895.0,0,1,247,4,902.28,225.57,82.21,82,474,75.66666666666667,0,0.0
17547.0,1,0,184,2,727.85,363.92,57.45,22,474,290.0,2,1.0
17258.0,1,0,205,2,417.3,208.65,106.35,46,474,269.0,0,0.0
17029.0,0,1,45,6,1779.3,296.55,74.71,19,472,85.4,0,0.0
17108.0,1,0,472,1,174.95,174.95,,9,472,,0,0.0
15272.0,0,2,259,4,1363.54,340.89,171.58,209,472,71.0,0,0.0
15498.0,0,15,19,28,18549.99,662.5,659.4,484,532,19.0,4,0.1429
17662.0,1,0,470,2,412.92,206.46,207.24,14,531,61.0,0,0.0
18097.0,0,2,14,8,3422.08,427.76,197.85,77,531,73.85714285714286,2,0.25
14422.0,0,4,76,14,6409.19,457.8,216.26,206,531,35.0,2,0.1429
14095.0,1,0,531,1,2.95,2.95,,1,531,,0,0.0
16908.0,1,0,531,1,252.59,252.59,,20,531,,1,1.0
16150.0,0,3,79,7,3307.05,472.44,171.94,109,531,75.33333333333333,7,1.0
15497.0,0,1,128,8,8365.79,1045.72,774.0,65,530,57.42857142857143,2,0.25
15409.0,1,0,530,1,131.25,131.25,,9,530,,1,1.0
13111.0,1,0,527,1,321.88,321.88,,12,527,,0,0.0
15064.0,1,0,219,4,1254.41,313.6,72.55,75,526,102.33333333333333,0,0.0
14146.0,0,2,63,9,7163.03,795.89,714.62,248,504,55.125,1,0.1111
16414.0,0,1,89,4,484.26,121.06,62.4,56,503,138.0,0,0.0
15224.0,1,0,167,5,871.36,174.27,133.02,24,502,83.75,3,0.6
17801.0,1,0,260,3,798.33,266.11,142.47,66,500,120.0,1,0.3333
17875.0,1,0,497,1,167.1,167.1,,25,497,,0,0.0
14320.0,1,0,15,5,1346.75,269.35,97.17,68,496,120.25,2,0.4
14209.0,0,2,22,12,4002.99,333.58,89.74,125,495,43.0,4,0.3333
17071.0,0,6,48,7,2164.0,309.14,131.76,87,493,74.16666666666667,4,0.5714
17142.0,1,0,48,4,1283.75,320.94,172.84,78,493,148.33333333333334,0,0.0
16206.0,0,2,17,11,2354.01,214.0,106.37,174,493,47.6,1,0.0909
17810.0,1,0,477,2,374.81,187.4,174.32,51,492,15.0,1,0.5
14613.0,1,0,489,1,76.32,76.32,,1,489,,0,0.0
16137.0,1,0,489,1,422.7,422.7,,28,489,,0,0.0
16067.0,1,0,371,3,3395.29,1131.76,855.02,60,484,56.5,3,1.0
15448.0,1,0,121,2,788.81,394.41,141.75,49,483,362.0,0,0.0
16583.0,1,0,182,2,531.4,265.7,284.54,18,482,300.0,0,0.0
16986.0,0,2,254,9,3015.55,335.06,151.07,64,482,28.5,0,0.0
15584.0,0,4,208,2,552.39,276.19,114.33,93,479,271.0,0,0.0
14943.0,1,0,472,1,107.62,107.62,,5,472,,0,0.0
13613.0,1,0,261,5,1039.85,207.97,193.63,50,469,52.0,0,0.0
13431.0,0,2,215,6,2047.14,341.19,175.83,74,468,50.6,1,0.1667
16170.0,0,4,43,16,5609.53,350.6,58.9,203,468,28.333333333333332,4,0.25
13579.0,0,1,178,4,1236.7,309.18,78.12,62,468,96.66666666666667,1,0.25
15693.0,1,0,468,1,37.5,37.5,,1,468,,0,0.0
17721.0,1,0,468,1,307.21,307.21,,11,468,,0,0.0
13540.0,1,0,276,3,632.39,210.8,109.91,26,464,94.0,0,0.0
16619.0,1,0,72,4,1938.33,484.58,346.2,103,464,130.66666666666666,1,0.25
17439.0,1,0,464,1,325.74,325.74,,8,464,,0,0.0
13217.0,0,3,464,1,132.5,132.5,,1,464,,0,0.0
17195.0,1,0,464,1,562.98,562.98,,31,464,,0,0.0
17081.0,0,2,204,4,674.23,168.56,45.56,121,464,86.66666666666667,0,0.0
15754.0,0,2,55,7,2670.84,381.55,482.57,96,464,68.16666666666667,2,0.2857
17259.0,0,1,177,5,1667.61,333.52,255.96,159,464,71.75,0,0.0
13330.0,0,2,124,4,2001.07,500.27,139.58,58,463,113.0,0,0.0
13104.0,0,3,76,5,824.34,164.87,99.72,5,462,96.5,0,0.0
13334.0,0,2,114,3,4387.37,1462.46,242.75,241,461,173.5,1,0.3333
14402.0,1,0,461,1,285.6,285.6,,8,461,,0,0.0
17207.0,1,0,461,1,303.22,303.22,,55,461,,0,0.0
15606.0,0,3,31,14,4137.18,295.51,28.42,73,456,32.69230769230769,0,0.0
16099.0,0,2,34,5,1159.6,231.92,81.83,36,455,105.25,1,0.2
14142.0,1,0,182,2,983.15,491.58,186.74,42,455,273.0,2,1.0
17930.0,0,4,48,9,2925.34,325.04,43.62,25,454,50.75,2,0.2222
15084.0,1,0,188,2,965.2,482.6,188.37,31,454,266.0,0,0.0
15030.0,0,1,77,7,1614.39,230.63,140.75,21,454,62.833333333333336,1,0.1429
15978.0,0,1,241,2,2180.64,1090.32,694.66,72,453,212.0,2,1.0
16271.0,0,3,167,6,2167.0,361.17,265.65,122,451,56.8,0,0.0
15443.0,0,5,129,8,2376.73,297.09,158.95,249,451,46.0,1,0.125
16466.0,0,5,17,10,2559.2,255.92,113.79,149,451,48.22222222222222,1,0.1
18029.0,1,0,451,1,433.77,433.77,,18,451,,0,0.0
16984.0,0,2,213,7,6273.45,896.21,501.45,476,451,39.666666666666664,7,1.0
16754.0,1,0,181,29,67502.47,2327.67,2369.03,38,450,9.607142857142858,6,0.2069
16628.0,0,3,27,4,842.96,210.74,168.63,43,450,141.0,0,0.0
17488.0,1,0,450,1,336.5,336.5,,18,450,,0,0.0
16681.0,0,3,14,4,1027.34,256.84,74.12,17,450,145.33333333333334,0,0.0
15921.0,0,1,205,3,466.08,155.36,48.1,52,449,122.0,0,0.0
17338.0,0,3,14,14,9141.89,652.99,261.21,478,448,33.38461538461539,1,0.0714
16387.0,1,0,131,5,918.55,183.71,113.87,68,447,79.0,0,0.0
14645.0,0,1,84,2,519.9,259.95,28.07,26,443,359.0,1,0.5
18135.0,0,5,201,5,567.71,113.54,47.53,16,443,60.5,3,0.6
17478.0,1,0,217,2,1272.8,636.4,98.71,40,442,225.0,0,0.0
16777.0,0,1,66,4,1258.66,314.67,336.15,118,441,125.0,1,0.25
16254.0,1,0,187,3,985.14,328.38,240.94,65,441,127.0,0,0.0
13406.0,1,0,236,2,568.92,284.46,204.07,7,440,204.0,1,0.5
14400.0,0,1,217,2,1157.77,578.89,109.41,47,440,223.0,1,0.5
13057.0,1,0,339,3,722.09,240.7,200.55,34,440,50.5,1,0.3333
15496.0,1,0,440,1,146.14,146.14,,22,440,,0,0.0
16668.0,0,4,23,9,678.28,75.36,37.29,27,440,52.125,0,0.0
13150.0,1,0,293,3,449.97,149.99,102.43,7,439,73.0,1,0.3333
16508.0,1,0,439,1,248.8,248.8,,42,439,,0,0.0
17587.0,1,0,437,1,181.66,181.66,,42,437,,0,0.0
16397.0,1,0,437,1,127.88,127.88,,9,437,,0,0.0
14175.0,0,2,138,6,4779.16,796.53,435.34,136,436,59.6,7,1.1667
16077.0,1,0,434,1,2300.4,2300.4,,8,434,,1,1.0
16002.0,1,0,434,1,169.21,169.21,,42,434,,0,0.0
16943.0,1,0,20,5,1299.49,259.9,111.04,24,433,103.25,2,0.4
17484.0,1,0,385,2,209.57,104.79,41.1,14,433,48.0,0,0.0
13187.0,1,0,146,4,367.01,91.75,107.94,51,433,95.66666666666667,1,0.25
17582.0,1,0,45,5,1450.7,290.14,143.59,92,432,96.75,1,0.2
13053.0,1,0,430,1,127.65,127.65,,17,430,,0,0.0
15141.0,1,0,266,7,1388.47,198.35,64.27,44,430,27.333333333333332,2,0.2857
16502.0,1,0,429,2,266.5,133.25,146.09,41,429,0.0,0,0.0
12861.0,1,0,428,1,68.25,68.25,,4,428,,0,0.0
15715.0,1,0,364,5,658.02,131.6,140.39,33,428,16.0,0,0.0
18025.0,1,0,188,6,1177.72,196.29,107.11,83,428,48.0,0,0.0
18093.0,0,2,106,6,3463.71,577.29,321.32,36,427,64.2,1,0.1667
17889.0,1,0,21,7,774.87,110.7,119.67,97,427,67.66666666666667,0,0.0
17531.0,0,1,336,2,970.12,485.06,106.18,43,427,91.0,5,2.5
13464.0,0,1,203,5,2422.96,484.59,388.61,95,427,56.0,1,0.2
13361.0,1,0,281,2,1450.5,725.25,130.11,29,426,145.0,0,0.0
15689.0,0,1,170,2,370.43,185.22,115.56,19,426,256.0,0,0.0
18241.0,0,15,26,5,1279.73,255.95,63.0,66,426,100.0,1,0.2
13196.0,0,1,71,4,1783.19,445.8,187.85,89,426,118.33333333333333,1,0.25
14200.0,1,0,426,1,379.2,379.2,,21,426,,0,0.0
17993.0,1,0,426,1,235.19,235.19,,60,426,,0,0.0
15770.0,1,0,421,1,321.45,321.45,,18,421,,0,0.0
14035.0,0,3,76,6,2129.28,354.88,171.13,47,421,69.0,2,0.3333
13640.0,1,0,420,1,405.0,405.0,,4,420,,0,0.0
17553.0,0,1,281,3,2270.0,756.67,56.3,2,419,69.0,0,0.0
14450.0,0,1,52,6,914.64,152.44,31.58,37,419,73.4,0,0.0
17805.0,0,1,419,1,414.72,414.72,,1,419,,0,0.0
13163.0,1,0,419,1,17.65,17.65,,2,419,,1,1.0
13180.0,1,0,416,1,86.1,86.1,,4,416,,0,0.0
15268.0,1,0,287,3,961.9,320.63,205.29,21,414,63.5,1,0.3333
15639.0,0,1,260,2,639.76,319.88,105.16,40,414,154.0,2,1.0
16809.0,0,3,17,6,1155.82,192.64,62.89,94,414,79.4,1,0.1667
16259.0,1,0,219,3,361.94,120.65,89.38,75,414,97.5,0,0.0
15572.0,0,3,57,6,2391.85,398.64,162.2,174,413,71.2,0,0.0
14569.0,1,0,261,3,371.59,123.86,64.97,21,412,75.5,0,0.0
18174.0,1,0,412,1,58.5,58.5,,1,412,,0,0.0
18236.0,0,5,49,7,1036.31,148.04,89.31,50,412,60.5,0,0.0
17709.0,0,1,279,4,533.56,133.39,86.18,31,412,44.333333333333336,0,0.0
13661.0,1,0,412,1,325.24,325.24,,17,412,,0,0.0
15979.0,1,0,411,1,329.22,329.22,,22,411,,0,0.0
14395.0,0,3,31,16,6326.24,395.39,199.73,254,409,25.2,2,0.125
17256.0,0,1,121,4,386.83,96.71,63.72,18,409,96.0,0,0.0
13115.0,0,3,188,6,3199.92,533.32,336.25,136,408,44.0,6,1.0
16231.0,1,0,188,4,1078.22,269.56,67.42,69,406,72.66666666666667,0,0.0
16743.0,0,4,20,10,3076.92,307.69,95.06,85,405,42.77777777777778,0,0.0
14665.0,0,2,105,5,1645.61,329.12,204.05,78,401,74.0,1,0.2
13307.0,0,1,296,2,258.34,129.17,139.4,14,401,105.0,0,0.0
17991.0,1,0,34,3,320.55,106.85,111.92,37,400,183.0,0,0.0
18273.0,0,1,66,2,204.0,102.0,72.12,1,399,333.0,0,0.0
14724.0,1,0,399,1,345.25,345.25,,40,399,,0,0.0
17605.0,1,0,399,1,160.75,160.75,,13,399,,0,0.0
17886.0,0,1,19,5,1105.03,221.01,104.08,91,398,94.75,1,0.2
17021.0,1,0,251,6,1182.22,197.04,73.48,35,398,29.4,0,0.0
16374.0,0,1,71,4,1454.72,363.68,143.62,227,397,108.66666666666667,0,0.0
15418.0,1,0,234,2,452.32,226.16,27.82,64,395,161.0,0,0.0
17565.0,1,0,395,1,131.83,131.83,,30,395,,0,0.0
15868.0,1,0,392,1,94.53,94.53,,4,392,,0,0.0
17225.0,1,0,390,1,131.15,131.15,,5,390,,0,0.0
17798.0,1,0,390,1,183.09,183.09,,43,390,,0,0.0
14361.0,1,0,387,1,214.71,214.71,,14,387,,0,0.0
17169.0,0,2,387,1,320.95,320.95,,21,387,,1,1.0
18281.0,0,1,386,1,120.32,120.32,,10,386,,0,0.0
15034.0,0,3,41,11,6669.62,606.33,221.75,308,386,34.5,1,0.0909
16898.0,0,2,177,3,623.64,207.88,21.25,110,385,104.0,1,0.3333
16588.0,1,0,195,4,1361.28,340.32,196.7,64,383,62.666666666666664,0,0.0
16932.0,0,1,232,2,278.77,139.39,25.32,77,380,148.0,0,0.0
17928.0,0,1,55,2,206.96,103.48,35.67,21,380,325.0,0,0.0
14304.0,1,0,31,3,1725.01,575.0,165.89,69,379,174.0,2,0.6667
16884.0,0,2,365,2,644.08,322.04,139.74,39,379,14.0,0,0.0
14744.0,0,2,106,12,3713.13,309.43,302.67,53,379,24.818181818181817,3,0.25
16835.0,0,1,182,5,1439.31,287.86,124.38,54,378,49.0,4,0.8
17490.0,0,4,197,2,658.18,329.09,34.01,37,378,181.0,0,0.0
14220.0,1,0,56,4,1515.0,378.75,130.72,26,378,107.33333333333333,0,0.0
15025.0,0,1,377,1,636.08,636.08,,72,377,,0,0.0
14850.0,1,0,120,7,1794.01,256.29,238.1,129,377,42.833333333333336,2,0.2857
14409.0,0,3,127,6,2362.74,393.79,162.85,52,376,49.8,1,0.1667
17074.0,1,0,371,1,203.05,203.05,,4,371,,0,0.0
16458.0,0,11,26,18,3372.0,187.33,36.87,74,371,20.294117647058822,0,0.0
14069.0,1,0,323,2,230.06,115.03,6.49,37,370,47.0,0,0.0
16691.0,1,0,227,2,178.83,89.42,75.71,11,370,143.0,0,0.0
17583.0,1,0,369,1,135.95,135.95,,7,369,,0,0.0
17617.0,1,0,367,1,395.33,395.33,,18,367,,1,1.0
15246.0,1,0,47,3,780.4,260.13,71.27,45,364,158.5,0,0.0
15305.0,1,0,364,1,93.6,93.6,,5,364,,0,0.0
17235.0,0,1,181,7,1696.72,242.39,206.43,41,362,30.166666666666668,0,0.0
14766.0,0,2,22,8,5248.97,656.12,332.75,203,360,48.285714285714285,3,0.375
14515.0,0,5,27,7,2072.57,296.08,245.8,67,359,55.333333333333336,3,0.4286
17204.0,0,2,50,7,5190.29,741.47,699.05,107,356,51.0,5,0.7143
17996.0,1,0,188,3,482.33,160.78,59.04,63,355,83.5,0,0.0
16021.0,1,0,204,2,532.25,266.12,162.26,117,353,149.0,0,0.0
17923.0,1,0,91,3,497.0,165.67,56.04,2,353,131.0,0,0.0
14581.0,0,1,353,1,295.2,295.2,,43,353,,0,0.0
15901.0,0,3,260,4,339.34,84.84,86.17,49,352,30.666666666666668,2,0.5
17952.0,1,0,187,4,819.61,204.9,111.2,85,350,54.333333333333336,0,0.0
13567.0,1,0,237,4,1083.69,270.92,160.26,180,350,37.666666666666664,1,0.25
13586.0,1,0,350,1,131.53,131.53,,20,350,,0,0.0
14075.0,0,1,70,4,1100.53,275.13,182.94,48,350,93.33333333333333,0,0.0
17953.0,1,0,349,1,160.82,160.82,,20,349,,0,0.0
16739.0,0,1,345,1,463.43,463.43,,25,345,,1,1.0
17192.0,1,0,345,1,77.83,77.83,,20,345,,0,0.0
14793.0,0,1,344,1,396.91,396.91,,25,344,,0,0.0
17422.0,0,4,29,7,2243.46,320.49,37.22,95,343,52.333333333333336,7,1.0
14199.0,1,0,27,4,1091.7,272.92,213.04,15,339,104.0,2,0.5
17326.0,1,0,217,2,321.95,160.97,16.44,82,338,121.0,0,0.0
18112.0,0,2,227,2,423.27,211.64,84.34,34,360,133.0,0,0.0
15976.0,0,1,29,5,1525.69,305.14,92.62,240,360,82.75,0,0.0
14616.0,1,0,51,5,527.78,105.56,92.22,3,357,76.5,0,0.0
14260.0,1,0,280,3,824.28,274.76,261.93,50,357,38.5,0,0.0
17282.0,0,2,108,3,1378.1,459.37,247.61,167,357,124.5,0,0.0
14230.0,1,0,244,3,979.8,326.6,243.88,27,357,56.5,0,0.0
17971.0,1,0,357,1,161.94,161.94,,21,357,,0,0.0
13299.0,1,0,77,3,1218.7,406.23,295.14,56,337,130.0,2,0.6667
17666.0,0,1,286,3,1319.64,439.88,222.85,17,336,25.0,0,0.0
15486.0,1,0,336,1,102.0,102.0,,1,336,,0,0.0
17748.0,1,0,336,1,358.15,358.15,,17,336,,0,0.0
17187.0,1,0,35,2,467.71,233.86,42.29,21,335,300.0,0,0.0
13677.0,1,0,213,2,556.19,278.09,5.85,98,329,116.0,0,0.0
12841.0,0,11,31,27,5479.59,202.95,113.86,221,328,11.423076923076923,1,0.037
14007.0,1,0,321,1,79.48,79.48,,5,321,,0,0.0
18021.0,1,0,318,2,227.06,113.53,4.07,32,321,3.0,0,0.0
15452.0,0,2,73,4,1507.63,376.91,333.5,148,320,82.33333333333333,0,0.0
16861.0,0,2,199,3,772.83,257.61,127.45,38,317,59.0,1,0.3333
15788.0,1,0,317,1,221.83,221.83,,14,317,,1,1.0
16129.0,1,0,216,3,1396.05,465.35,30.38,91,316,50.0,0,0.0
18074.0,1,0,182,2,1509.04,754.52,317.75,37,314,132.0,0,0.0
17918.0,1,0,309,3,396.39,132.13,39.65,34,314,2.5,0,0.0
17112.0,1,0,311,1,205.17,205.17,,44,311,,0,0.0
16219.0,1,0,309,1,40.8,40.8,,1,309,,0,0.0
15873.0,1,0,308,4,313.92,78.48,52.67,3,309,0.3333333333333333,1,0.25
13384.0,0,7,199,4,2528.9,632.23,446.3,81,309,36.666666666666664,2,0.5
14463.0,0,2,14,2,372.87,186.44,99.72,4,308,294.0,0,0.0
16278.0,0,1,289,2,551.46,275.73,21.82,30,308,19.0,2,1.0
17168.0,1,0,307,1,400.2,400.2,,21,307,,0,0.0
17735.0,0,10,27,15,9153.92,610.26,244.88,285,306,19.928571428571427,3,0.2
14219.0,1,0,218,2,543.89,271.95,174.93,32,302,84.0,0,0.0
16334.0,1,0,301,1,277.48,277.48,,54,301,,0,0.0
16196.0,1,0,297,1,93.3,93.3,,4,297,,0,0.0
14996.0,1,0,290,2,442.29,221.15,287.5,37,290,0.0,0,0.0
13063.0,1,0,289,1,188.4,188.4,,12,289,,0,0.0
14379.0,0,1,104,3,1031.79,343.93,245.36,75,289,92.5,0,0.0
17627.0,1,0,287,1,296.36,296.36,,10,287,,1,1.0
16675.0,1,0,250,2,608.86,304.43,3.72,21,287,37.0,0,0.0
16562.0,1,0,285,1,223.86,223.86,,34,285,,0,0.0
16235.0,0,3,104,6,1530.86,255.14,225.61,62,279,35.0,2,0.3333
14482.0,0,5,48,7,2527.86,361.12,267.59,99,279,38.5,2,0.2857
15936.0,1,0,188,2,282.79,141.4,42.74,16,276,88.0,0,0.0
13714.0,1,0,274,1,161.35,161.35,,30,274,,0,0.0
13785.0,1,0,237,4,542.49,135.62,102.25,26,269,10.666666666666666,0,0.0
13683.0,1,0,266,1,258.6,258.6,,10,266,,0,0.0
15752.0,0,4,58,5,2615.34,523.07,134.28,266,266,52.0,0,0.0
14445.0,1,0,264,1,221.65,221.65,,32,264,,0,0.0
14635.0,1,0,262,1,215.22,215.22,,15,262,,0,0.0
15006.0,0,1,262,1,323.05,323.05,,47,262,,0,0.0
13784.0,0,5,27,8,1219.91,152.49,140.28,10,259,33.142857142857146,1,0.125
16005.0,0,3,79,7,1998.42,285.49,67.34,212,259,30.0,1,0.1429
15685.0,1,0,259,1,55.98,55.98,,17,259,,0,0.0
16589.0,0,3,259,1,153.12,153.12,,11,259,,0,0.0
17743.0,1,0,257,1,229.2,229.2,,3,257,,1,1.0
18089.0,1,0,255,1,428.45,428.45,,9,255,,0,0.0
15870.0,0,1,205,3,508.52,169.51,35.91,61,255,25.0,0,0.0
17055.0,1,0,254,1,239.55,239.55,,24,254,,0,0.0
15041.0,0,1,253,1,113.67,113.67,,35,253,,0,0.0
16546.0,1,0,99,5,5606.47,1121.29,1015.01,75,251,38.0,2,0.4
16692.0,1,0,65,4,1914.7,478.67,583.36,3,250,61.666666666666664,0,0.0
16140.0,0,1,180,2,956.56,478.28,325.27,33,250,70.0,0,0.0
17062.0,1,0,122,6,1208.22,201.37,88.98,82,248,25.2,1,0.1667
16211.0,0,1,230,2,543.57,271.78,39.9,12,247,17.0,0,0.0
16362.0,0,5,246,1,212.17,212.17,,13,246,,1,1.0
16269.0,1,0,246,1,717.57,717.57,,53,246,,1,1.0
14410.0,0,3,15,8,2324.87,290.61,343.97,251,246,33.0,2,0.25
13927.0,0,1,246,1,359.27,359.27,,20,246,,1,1.0
12946.0,1,0,245,1,324.45,324.45,,20,245,,0,0.0
13804.0,0,6,98,3,1296.36,432.12,359.8,69,245,73.5,0,0.0
17257.0,1,0,245,2,192.73,96.37,116.93,14,245,0.0,0,0.0
14829.0,0,2,169,5,1380.62,276.12,134.27,66,245,19.0,2,0.4
16489.0,1,0,189,2,303.7,151.85,58.27,4,245,56.0,0,0.0
14004.0,0,6,97,5,2575.83,515.17,364.28,69,244,36.75,0,0.0
13962.0,0,1,54,2,310.85,155.43,53.49,19,244,190.0,0,0.0
14800.0,0,6,29,11,6630.18,602.74,362.89,276,244,21.5,5,0.4545
16606.0,1,0,213,2,357.66,178.83,83.62,16,243,30.0,0,0.0
13198.0,0,2,58,5,3660.74,732.15,201.9,207,243,46.25,3,0.6
16476.0,1,0,240,1,350.35,350.35,,24,240,,2,2.0
16061.0,1,0,240,1,89.65,89.65,,3,240,,2,2.0
16348.0,0,5,49,3,784.47,261.49,91.51,100,239,95.0,0,0.0
17196.0,1,0,236,1,352.9,352.9,,84,236,,0,0.0
16579.0,1,0,234,1,295.05,295.05,,14,234,,1,1.0
14412.0,0,2,233,1,656.16,656.16,,41,233,,0,0.0
14981.0,1,0,55,2,372.92,186.46,119.27,20,232,177.0,1,0.5
17708.0,0,1,133,3,731.45,243.82,115.43,55,232,49.5,0,0.0
16643.0,1,0,54,2,923.11,461.55,36.71,48,231,177.0,1,0.5
13832.0,0,1,231,1,561.49,561.49,,51,231,,0,0.0
14696.0,0,3,51,4,1561.55,390.39,141.61,73,230,59.666666666666664,1,0.25
13194.0,0,1,230,1,412.08,412.08,,7,230,,0,0.0
14929.0,0,1,230,1,612.81,612.81,,23,230,,0,0.0
16935.0,1,0,190,3,535.1,178.37,84.4,55,230,20.0,0,0.0
17629.0,0,4,23,5,1247.59,249.52,91.22,78,230,51.75,1,0.2
17796.0,0,1,122,6,1286.09,214.35,48.43,147,230,21.6,0,0.0
15772.0,1,0,227,1,280.88,280.88,,16,227,,0,0.0
13516.0,0,2,47,2,441.85,220.93,105.96,22,226,179.0,0,0.0
16069.0,1,0,226,1,457.7,457.7,,25,226,,0,0.0
16141.0,0,1,226,1,335.54,335.54,,20,226,,0,0.0
13134.0,0,2,43,4,1207.35,301.84,206.33,43,225,60.666666666666664,2,0.5
16776.0,0,1,224,1,231.57,231.57,,48,224,,0,0.0
16903.0,0,1,189,2,689.04,344.52,137.93,107,224,35.0,1,0.5
13195.0,1,0,223,1,172.38,172.38,,43,223,,0,0.0
13565.0,0,1,143,2,284.76,142.38,45.54,28,220,77.0,0,0.0
15174.0,1,0,131,2,481.46,240.73,148.46,34,219,88.0,0,0.0
14718.0,1,0,219,1,226.42,226.42,,11,219,,0,0.0
16785.0,1,0,218,1,533.78,533.78,,35,218,,0,0.0
13363.0,0,2,218,1,731.36,731.36,,42,218,,0,0.0
15328.0,1,0,216,1,107.24,107.24,,8,216,,0,0.0
16343.0,0,2,216,1,316.59,316.59,,28,216,,0,0.0
16183.0,0,1,203,3,739.1,246.37,187.41,17,216,6.5,0,0.0
13780.0,0,1,216,1,375.81,375.81,,35,216,,0,0.0
17934.0,0,2,215,1,344.9,344.9,,20,215,,0,0.0
16058.0,1,0,215,1,62.7,62.7,,2,215,,0,0.0
17363.0,1,0,204,3,940.86,313.62,376.75,34,211,3.5,0,0.0
15233.0,1,0,210,1,59.4,59.4,,1,210,,0,0.0
15675.0,0,2,89,2,263.35,131.68,122.58,16,213,124.0,0,0.0
15729.0,1,0,21,3,192.55,64.18,27.73,10,212,95.5,2,0.6667
13607.0,0,1,211,1,400.3,400.3,,24,211,,1,1.0
15379.0,0,2,17,6,4437.66,739.61,494.19,169,209,38.4,1,0.1667
13996.0,1,0,195,2,895.76,447.88,62.93,29,208,13.0,0,0.0
16640.0,1,0,206,1,179.4,179.4,,13,206,,0,0.0
17033.0,0,1,23,3,910.75,303.58,3.84,22,206,91.5,0,0.0
14927.0,1,0,205,1,308.2,308.2,,20,205,,0,0.0
14193.0,0,1,78,2,779.34,389.67,46.49,39,205,127.0,0,0.0
13671.0,1,0,203,1,194.95,194.95,,61,203,,0,0.0
16358.0,0,3,203,1,892.15,892.15,,45,203,,0,0.0
16662.0,1,0,203,1,163.8,163.8,,28,203,,0,0.0
16786.0,1,0,202,1,51.84,51.84,,1,202,,0,0.0
18050.0,1,0,168,2,412.06,206.03,186.15,22,202,34.0,0,0.0
15269.0,0,1,189,2,816.56,408.28,103.27,32,199,10.0,0,0.0
17544.0,1,0,199,3,960.69,320.23,350.67,80,199,0.0,0,0.0
17170.0,1,0,183,2,178.68,89.34,23.84,8,198,15.0,1,0.5
14675.0,0,1,197,1,462.15,462.15,,114,197,,0,0.0
15235.0,1,0,26,16,2937.81,183.61,118.47,161,197,11.4,0,0.0
17203.0,0,6,197,4,2012.03,503.01,862.72,84,197,0.0,0,0.0
16006.0,1,0,20,2,347.17,173.58,102.09,75,196,176.0,0,0.0
14811.0,1,0,196,1,170.5,170.5,,28,196,,0,0.0
15649.0,1,0,145,4,2170.35,542.59,336.59,8,196,17.0,0,0.0
17995.0,1,0,90,3,495.48,165.16,145.55,28,196,53.0,0,0.0
17433.0,0,1,194,1,266.8,266.8,,39,194,,0,0.0
18035.0,0,3,194,2,546.34,273.17,377.41,8,194,0.0,0,0.0
16346.0,1,0,194,1,224.51,224.51,,15,194,,0,0.0
15350.0,1,0,182,2,663.25,331.63,141.88,26,192,10.0,0,0.0
17782.0,1,0,191,2,679.02,339.51,427.11,29,191,0.0,0,0.0
13086.0,1,0,191,1,439.33,439.33,,47,191,,0,0.0
14419.0,0,3,61,3,510.41,170.14,41.03,53,191,65.0,0,0.0
16424.0,0,1,191,1,309.5,309.5,,8,191,,1,1.0
14176.0,1,0,106,5,916.01,183.2,97.81,33,190,21.0,1,0.2
13843.0,1,0,190,1,319.75,319.75,,18,190,,0,0.0
17601.0,1,0,48,2,421.48,210.74,133.97,69,189,141.0,0,0.0
16988.0,1,0,188,1,256.55,256.55,,13,188,,0,0.0
14721.0,1,0,188,1,115.77,115.77,,24,188,,0,0.0
18161.0,0,3,61,3,730.73,243.58,58.57,31,188,63.5,0,0.0
16545.0,0,1,184,1,350.52,350.52,,5,184,,0,0.0
18034.0,0,2,184,1,370.82,370.82,,97,184,,0,0.0
16194.0,1,0,184,1,308.6,308.6,,8,184,,0,0.0
17912.0,1,0,119,6,375.5,62.58,43.61,48,184,13.0,1,0.1667
15880.0,1,0,178,1,686.56,686.56,,95,178,,1,1.0
15881.0,1,0,121,5,501.39,100.28,141.09,26,173,13.0,3,0.6
17303.0,1,0,170,1,250.04,250.04,,53,170,,0,0.0
17214.0,0,2,58,4,613.67,153.42,16.48,56,168,36.666666666666664,0,0.0
15780.0,0,1,51,2,402.76,201.38,34.27,24,166,115.0,0,0.0
17114.0,0,3,17,4,446.09,111.52,44.33,59,143,42.0,1,0.25
15171.0,1,0,140,1,1289.5,1289.5,,5,140,,1,1.0
15835.0,0,2,69,2,488.31,244.15,80.55,25,139,70.0,0,0.0
14659.0,0,4,26,4,1165.13,291.28,203.13,78,124,32.666666666666664,1,0.25
16745.0,0,8,20,9,3588.03,398.67,142.59,117,120,12.5,0,0.0
13494.0,1,0,120,1,316.26,316.26,,18,120,,0,0.0
15589.0,1,0,64,3,478.53,159.51,118.85,28,119,27.5,1,0.3333
17337.0,0,1,20,3,1994.92,664.97,313.73,421,119,49.5,2,0.6667
16030.0,1,0,118,1,331.24,331.24,,28,118,,0,0.0
16339.0,1,0,93,1,109.95,109.95,,17,93,,0,0.0
14620.0,1,0,14,2,412.78,206.39,40.96,26,92,78.0,1,0.5
16462.0,0,2,92,1,34.0,34.0,,1,92,,0,0.0
16957.0,1,0,48,2,416.64,208.32,132.2,15,90,42.0,0,0.0
17652.0,0,10,42,2,632.24,316.12,132.68,29,90,48.0,0,0.0
17060.0,1,0,75,1,234.24,234.24,,5,75,,0,0.0
12878.0,1,0,45,2,854.99,427.5,158.84,38,75,30.0,0,0.0
14964.0,1,0,56,1,206.21,206.21,,13,56,,0,0.0
16144.0,1,0,55,1,175.2,175.2,,1,55,,0,0.0
17277.0,1,0,36,2,1065.35,532.68,260.7,67,131,95.0,0,0.0
14778.0,0,1,117,1,334.05,334.05,,18,117,,0,0.0
17517.0,1,0,117,1,153.94,153.94,,11,117,,0,0.0
15407.0,0,2,31,2,329.86,164.93,0.1,49,114,83.0,0,0.0
16842.0,0,2,111,1,520.57,520.57,,30,111,,0,0.0
13171.0,0,2,108,1,140.35,140.35,,23,108,,0,0.0
16084.0,1,0,108,1,436.18,436.18,,38,108,,0,0.0
15236.0,1,0,107,1,321.05,321.05,,15,107,,0,0.0
16738.0,1,0,106,1,3.75,3.75,,1,106,,0,0.0
13893.0,1,0,106,1,821.1,821.1,,21,106,,0,0.0
13865.0,0,3,98,1,123.3,123.3,,7,98,,0,0.0
13973.0,1,0,96,1,264.7,264.7,,11,96,,0,0.0
14012.0,1,0,86,1,328.8,328.8,,11,86,,0,0.0
14586.0,1,0,85,1,237.36,237.36,,19,85,,2,2.0
18086.0,1,0,83,1,101.34,101.34,,7,83,,0,0.0
13216.0,1,0,76,1,333.74,333.74,,5,76,,0,0.0
13341.0,1,0,69,1,775.85,775.85,,42,69,,0,0.0
16245.0,0,2,65,1,453.98,453.98,,30,65,,1,1.0
18010.0,1,0,65,1,174.8,174.8,,14,65,,0,0.0
15624.0,0,2,15,2,311.4,155.7,39.88,18,65,50.0,0,0.0
17775.0,1,0,63,1,56.4,56.4,,3,63,,0,0.0
16698.0,1,0,35,2,1998.0,999.0,258.8,4,62,27.0,0,0.0
14886.0,1,0,61,1,364.8,364.8,,18,61,,0,0.0
14023.0,1,0,59,1,273.14,273.14,,16,59,,0,0.0
15655.0,1,0,52,1,560.67,560.67,,34,52,,1,1.0
16697.0,1,0,50,1,112.75,112.75,,20,50,,0,0.0
14262.0,0,6,49,1,240.0,240.0,,16,49,,0,0.0
15491.0,0,3,27,3,1644.92,548.31,333.0,80,44,8.5,0,0.0
15517.0,1,0,42,1,267.03,267.03,,27,42,,0,0.0
17670.0,1,0,36,1,205.7,205.7,,11,36,,0,0.0
13637.0,0,2,35,1,422.6,422.6,,60,35,,0,0.0
15376.0,0,2,31,1,654.17,654.17,,57,31,,0,0.0
18146.0,0,1,29,1,76.65,76.65,,4,29,,0,0.0
15258.0,0,1,26,1,315.66,315.66,,16,26,,0,0.0
14005.0,0,3,24,1,187.16,187.16,,14,24,,0,0.0
13404.0,1,0,21,1,217.81,217.81,,9,21,,0,0.0
15116.0,0,3,13,1,479.65,479.65,,15,13,,0,0.0
16133.0,0,19,5,34,14889.87,437.94,353.27,187,427,12.787878787878787,12,0.3529
14896.0,1,0,13,8,2092.42,261.55,129.61,150,542,75.57142857142857,2,0.25
12897.0,1,0,13,4,514.25,128.56,46.53,10,352,113.0,0,0.0
15599.0,0,1,13,2,937.15,468.57,27.92,58,254,241.0,0,0.0
13050.0,0,8,13,27,9381.63,347.47,133.34,439,533,20.0,17,0.6296
15648.0,1,0,13,2,657.35,328.67,16.72,23,76,63.0,2,1.0
16839.0,0,19,5,23,12357.33,537.28,224.02,93,475,21.363636363636363,5,0.2174
17560.0,0,2,13,6,1526.9,254.48,136.05,33,469,91.2,0,0.0
14056.0,0,12,6,10,3301.98,330.2,136.33,221,93,9.666666666666666,1,0.1
18055.0,0,3,12,10,7773.91,777.39,564.59,227,222,23.333333333333332,1,0.1
16182.0,0,2,12,7,5871.0,838.71,392.86,12,449,72.83333333333333,0,0.0
13324.0,0,3,12,15,7190.51,479.37,220.19,30,372,25.714285714285715,4,0.2667
15410.0,0,4,12,6,3035.77,505.96,282.68,71,408,79.2,0,0.0
15095.0,0,3,12,7,2541.54,363.08,233.73,89,496,80.66666666666667,0,0.0
13631.0,0,7,10,4,1330.0,332.5,359.01,3,76,22.0,0,0.0
16690.0,0,1,10,3,213.95,71.32,22.23,7,260,125.0,0,0.0
17007.0,0,2,10,5,692.9,138.58,57.6,40,246,59.0,1,0.2
16038.0,0,1,10,1,316.95,316.95,,19,10,,0,0.0
13885.0,0,1,9,1,399.15,399.15,,23,9,,0,0.0
15046.0,0,6,3,18,4916.08,273.12,124.33,198,503,29.41176470588235,2,0.1111
16266.0,0,4,9,10,1267.9,126.79,38.12,58,482,52.55555555555556,0,0.0
16086.0,0,2,9,8,2330.66,291.33,81.02,63,546,76.71428571428571,1,0.125
17920.0,0,9,9,42,21885.95,521.09,362.78,478,542,13.0,2,0.0476
14047.0,0,1,8,12,3582.34,298.53,220.47,88,485,43.36363636363637,5,0.4167
16919.0,0,2,1,22,4584.81,208.4,102.68,215,286,13.571428571428571,4,0.1818
14606.0,0,41,3,147,25486.17,173.38,97.48,1176,545,3.712328767123288,51,0.3469
13168.0,0,1,8,4,1528.78,382.2,248.73,119,351,114.33333333333333,1,0.25
15314.0,1,0,8,3,820.45,273.48,231.3,49,237,114.5,1,0.3333
14593.0,0,1,7,11,3433.61,312.15,193.72,369,539,53.2,6,0.5455
16763.0,1,0,7,2,964.7,482.35,183.14,44,547,540.0,0,0.0
14680.0,0,7,7,51,43192.54,846.91,711.17,215,544,10.74,26,0.5098
14985.0,1,0,7,2,296.75,148.37,33.75,78,167,160.0,0,0.0
14336.0,0,1,7,3,1114.39,371.46,153.33,53,85,39.0,0,0.0
12910.0,0,5,6,8,3863.98,483.0,336.07,53,430,60.57142857142857,1,0.125
18232.0,0,2,1,2,370.98,185.49,109.8,24,6,5.0,0,0.0
18073.0,0,10,5,2,241.08,120.54,81.37,4,6,1.0,0,0.0
14280.0,1,0,5,1,134.04,134.04,,8,5,,0,0.0
17819.0,0,2,3,10,5776.67,577.67,344.78,65,535,59.111111111111114,1,0.1
16567.0,1,0,3,2,865.6,432.8,176.44,34,145,142.0,0,0.0
16686.0,0,3,3,13,3237.66,249.05,126.35,355,542,44.916666666666664,2,0.1538
17340.0,0,7,1,11,15854.34,1441.3,1339.14,244,472,47.1,8,0.7273
17648.0,0,1,1,4,1526.26,381.57,231.76,96,194,64.33333333333333,0,0.0
18190.0,1,0,1,5,745.62,149.12,52.32,34,526,131.25,1,0.2
16810.0,1,0,1,2,842.04,421.02,157.66,34,229,228.0,2,1.0
13085.0,0,1,104,7,2295.3,327.9,149.19,46,547,73.83333333333333,2,0.2857
15362.0,1,0,257,2,613.08,306.54,5.95,38,547,290.0,0,0.0
14110.0,0,9,29,23,9006.32,391.58,199.42,148,547,23.545454545454547,2,0.087
17519.0,0,3,15,12,4221.05,351.75,104.87,124,547,48.36363636363637,2,0.1667
16011.0,0,9,42,19,3508.59,184.66,84.45,148,547,28.055555555555557,1,0.0526
14543.0,0,8,23,31,13498.24,435.43,375.93,94,547,17.466666666666665,8,0.2581
15380.0,0,3,174,7,2018.9,288.41,94.21,6,547,62.166666666666664,1,0.1429
13585.0,1,0,339,3,684.54,228.18,187.39,29,547,104.0,1,0.3333
17243.0,0,13,45,54,15077.11,279.21,159.29,298,547,9.471698113207546,9,0.1667
15265.0,0,1,44,3,2551.76,850.59,636.99,146,547,251.5,0,0.0
15750.0,0,4,92,13,4944.28,380.33,196.21,280,547,37.916666666666664,6,0.4615
16563.0,0,1,209,5,3345.02,669.0,392.61,46,547,84.5,1,0.2
16701.0,0,7,14,18,6413.6,356.31,52.35,110,547,31.352941176470587,5,0.2778
16823.0,1,0,36,7,2260.09,322.87,134.86,149,546,85.0,1,0.1429
15680.0,0,1,175,8,3652.79,456.6,237.32,128,546,53.0,2,0.25
13740.0,1,0,49,5,1597.77,319.55,17.58,83,546,124.25,0,0.0
14467.0,0,3,121,9,1753.93,194.88,93.44,120,546,53.125,0,0.0
18108.0,1,0,63,3,848.81,282.94,204.61,43,546,241.5,1,0.3333
16210.0,0,7,22,26,27996.42,1076.79,1240.5,117,546,20.96,2,0.0769
16233.0,0,1,138,8,1755.53,219.44,70.09,37,546,58.285714285714285,3,0.375
14549.0,1,0,120,4,916.55,229.14,91.28,117,546,142.0,0,0.0
14122.0,1,0,215,3,362.42,120.81,98.24,12,546,165.5,2,0.6667
16987.0,0,5,14,5,1123.9,224.78,88.93,120,546,133.0,1,0.2
18001.0,0,2,258,4,536.61,134.15,72.11,69,546,96.0,0,0.0
14347.0,1,0,545,1,82.6,82.6,,6,545,,0,0.0
17314.0,0,5,65,12,3163.51,263.63,128.61,117,545,43.63636363636363,4,0.3333
14952.0,0,4,15,28,13064.47,466.59,375.57,209,545,19.62962962962963,9,0.3214
14662.0,0,1,43,6,1170.02,195.0,128.21,139,545,100.4,0,0.0
17679.0,0,2,330,5,1585.5,317.1,118.1,41,545,53.75,4,0.8
17851.0,1,0,231,6,1563.34,260.56,140.54,185,545,62.8,0,0.0
17076.0,0,1,82,5,735.87,147.17,54.93,27,544,115.5,0,0.0
16192.0,1,0,544,1,351.3,351.3,,11,544,,0,0.0
13162.0,0,2,42,14,8888.89,634.92,248.43,171,544,38.61538461538461,3,0.2143
17593.0,0,3,161,7,4831.36,690.19,157.79,163,544,63.833333333333336,3,0.4286
13174.0,0,1,125,11,8786.08,798.73,734.68,564,544,41.9,0,0.0
16351.0,1,0,141,13,3330.03,256.16,131.31,124,544,33.583333333333336,5,0.3846
13487.0,0,1,22,4,680.27,170.07,48.27,26,543,173.66666666666666,0,0.0
17018.0,0,1,134,5,1772.6,354.52,61.68,18,543,102.25,0,0.0
13589.0,0,2,258,4,741.09,185.27,78.68,29,542,94.66666666666667,0,0.0
15751.0,1,0,269,11,1380.44,125.49,103.16,90,542,27.3,3,0.2727
13319.0,0,14,16,43,15764.79,366.62,290.26,256,542,12.523809523809524,15,0.3488
13890.0,0,6,167,5,1233.92,246.78,58.35,50,542,93.75,5,1.0
15641.0,0,1,69,11,4763.73,433.07,240.09,228,542,47.3,0,0.0
17610.0,1,0,349,5,1529.49,305.9,158.72,114,542,48.25,3,0.6
14037.0,0,1,173,5,801.55,160.31,69.67,95,541,92.0,1,0.2
14471.0,1,0,400,2,400.95,200.48,11.82,38,541,141.0,0,0.0
18162.0,1,0,541,1,379.16,379.16,,45,541,,0,0.0
16018.0,0,2,205,2,289.23,144.62,72.36,26,541,336.0,0,0.0
15421.0,0,1,24,9,3594.34,399.37,233.13,170,541,64.625,0,0.0
15971.0,0,8,51,10,2789.13,278.91,227.09,9,540,54.333333333333336,2,0.2
18203.0,0,1,190,3,344.0,114.67,6.88,30,540,175.0,0,0.0
14063.0,1,0,247,9,22710.2,2523.36,3069.38,30,540,36.625,4,0.4444
14605.0,1,0,183,4,937.16,234.29,170.29,88,540,119.0,0,0.0
14285.0,0,4,322,4,1374.41,343.6,271.1,33,540,72.66666666666667,1,0.25
15823.0,1,0,181,3,3897.17,1299.06,2162.83,155,540,179.5,3,1.0
13855.0,1,0,309,4,1310.34,327.59,164.73,64,540,77.0,1,0.25
13883.0,1,0,27,14,5628.32,402.02,304.11,190,540,39.46153846153846,10,0.7143
16204.0,0,1,189,2,538.53,269.27,79.19,47,540,351.0,1,0.5
15181.0,0,2,78,3,810.72,270.24,96.16,6,540,231.0,3,1.0
17188.0,0,3,124,9,3543.14,393.68,82.31,106,540,52.0,4,0.4444
14291.0,0,6,19,15,5634.31,375.62,317.34,195,539,37.142857142857146,1,0.0667
14173.0,0,1,28,3,249.2,83.07,51.51,13,539,255.5,1,0.3333
17954.0,0,4,35,14,2814.63,201.04,111.17,363,539,38.76923076923077,7,0.5
14990.0,1,0,421,2,305.42,152.71,67.22,41,539,118.0,0,0.0
17296.0,1,0,539,1,338.13,338.13,,32,539,,0,0.0
14293.0,0,1,114,7,2729.39,389.91,262.02,63,538,70.66666666666667,1,0.1429
14099.0,0,6,27,14,3983.0,284.5,82.82,224,538,39.30769230769231,1,0.0714
17027.0,0,3,92,6,880.7,146.78,80.4,86,538,89.2,1,0.1667
13173.0,1,0,176,10,2451.64,245.16,130.53,147,538,40.22222222222222,2,0.2
14648.0,1,0,225,15,4546.86,303.12,216.42,286,538,22.357142857142858,4,0.2667
15573.0,0,2,427,3,599.73,199.91,86.89,104,538,55.5,0,0.0
14062.0,0,5,48,18,19973.98,1109.67,918.96,136,538,28.823529411764707,3,0.1667
15032.0,1,0,65,8,13780.65,1722.58,1685.79,39,538,67.57142857142857,2,0.25
17351.0,0,2,82,10,1599.68,159.97,92.87,30,538,50.666666666666664,0,0.0
15169.0,1,0,191,2,569.22,284.61,101.2,58,535,344.0,0,0.0
13026.0,0,2,29,6,1001.44,166.91,106.54,25,535,101.2,1,0.1667
15944.0,1,0,85,4,2164.24,541.06,145.23,25,535,150.0,0,0.0
13735.0,0,3,43,10,7863.13,786.31,330.91,292,535,54.666666666666664,6,0.6
17799.0,0,4,51,16,4674.29,292.14,202.11,398,535,32.266666666666666,3,0.1875
12346.0,1,0,134,12,77556.46,6463.04,22271.23,27,534,36.36363636363637,5,0.4167
15188.0,1,0,534,1,310.43,310.43,,23,534,,0,0.0
16098.0,0,4,43,10,3452.77,345.28,249.16,72,533,54.44444444444444,0,0.0
16554.0,0,1,31,7,2318.73,331.25,167.78,90,533,83.66666666666667,9,1.2857
13823.0,0,2,189,5,2445.79,489.16,149.76,91,533,86.0,1,0.2
15637.0,0,1,222,4,574.23,143.56,101.98,23,533,103.66666666666667,0,0.0
13473.0,0,1,141,7,2476.38,353.77,169.65,56,533,65.33333333333333,2,0.2857
13074.0,1,0,320,4,1378.74,344.69,55.79,26,532,70.66666666666667,1,0.25
16119.0,0,1,203,6,1297.45,216.24,97.38,31,532,65.8,0,0.0
17776.0,1,0,195,2,338.56,169.28,65.72,74,532,337.0,1,0.5
16569.0,1,0,440,4,1331.03,332.76,105.93,23,532,30.666666666666668,0,0.0
17469.0,0,4,13,13,3485.64,268.13,152.39,137,532,43.25,4,0.3077
14055.0,0,1,386,2,795.32,397.66,174.43,23,532,146.0,0,0.0
15044.0,0,6,16,29,13009.43,448.6,313.27,256,532,18.428571428571427,11,0.3793
15266.0,1,0,147,5,852.21,170.44,68.89,38,510,90.75,1,0.2
15152.0,0,11,510,1,518.14,518.14,,29,510,,1,1.0
18170.0,0,2,26,7,2201.9,314.56,82.13,50,509,80.5,0,0.0
16787.0,1,0,206,4,1035.43,258.86,142.93,102,507,100.33333333333333,0,0.0
18057.0,1,0,202,3,1203.56,401.19,267.92,121,499,148.5,0,0.0
13397.0,0,3,103,7,2249.51,321.36,32.78,58,497,65.66666666666667,2,0.2857
17794.0,1,0,495,2,147.3,73.65,85.06,7,497,2.0,0,0.0
14079.0,0,1,491,1,243.63,243.63,,1,491,,0,0.0
17672.0,0,1,118,6,3778.3,629.72,520.94,128,491,74.6,1,0.1667
16014.0,0,2,100,3,730.82,243.61,29.07,168,486,193.0,0,0.0
13156.0,1,0,194,3,1586.54,528.85,234.81,94,485,145.5,0,0.0
16246.0,1,0,268,2,827.25,413.63,348.92,79,478,210.0,0,0.0
13834.0,1,0,385,2,324.19,162.1,57.07,15,478,93.0,1,0.5
15082.0,1,0,477,1,93.35,93.35,,6,477,,0,0.0
17083.0,0,1,104,8,3640.03,455.0,137.18,29,477,53.285714285714285,2,0.25
12932.0,1,0,348,8,1698.56,212.32,152.66,69,476,18.285714285714285,0,0.0
13164.0,1,0,378,2,372.2,186.1,126.85,7,476,98.0,1,0.5
14115.0,1,0,310,2,622.67,311.34,273.7,22,475,165.0,0,0.0
16978.0,0,1,475,2,424.55,212.27,269.37,28,475,0.0,0,0.0
16608.0,1,0,262,2,1288.72,644.36,60.87,94,472,210.0,0,0.0
14484.0,0,1,210,3,749.06,249.69,172.98,37,531,160.5,0,0.0
16439.0,1,0,531,1,310.7,310.7,,9,531,,0,0.0
15428.0,0,1,196,3,668.97,222.99,56.02,35,531,167.5,0,0.0
15879.0,1,0,213,4,1157.3,289.32,197.08,171,531,106.0,0,0.0
14555.0,0,1,111,5,2189.43,437.89,202.43,93,530,104.75,1,0.2
13995.0,0,4,54,10,2818.77,281.88,118.1,117,530,52.888888888888886,4,0.4
16600.0,0,3,62,9,1577.35,175.26,76.93,77,530,58.5,3,0.3333
13847.0,1,0,528,1,310.72,310.72,,19,528,,0,0.0
15518.0,0,4,24,11,3264.06,296.73,110.16,213,528,50.4,5,0.4545
15865.0,0,2,22,3,1667.72,555.91,212.83,99,512,245.0,0,0.0
16841.0,0,4,22,8,2772.74,346.59,67.63,128,505,69.0,1,0.125
15002.0,0,1,105,8,4323.11,540.39,324.48,194,505,57.142857142857146,0,0.0
18134.0,1,0,407,2,445.0,222.5,112.64,27,503,96.0,0,0.0
17681.0,1,0,406,5,731.2,146.24,123.67,12,502,24.0,1,0.2
14421.0,0,1,20,5,2111.44,422.29,342.73,67,500,120.0,1,0.2
13982.0,0,2,135,7,3477.58,496.8,251.91,96,497,60.333333333333336,3,0.4286
14530.0,0,4,71,12,4418.4,368.2,240.79,204,496,38.63636363636363,3,0.25
15885.0,0,2,118,13,1587.47,122.11,77.82,69,496,31.5,5,0.3846
15682.0,1,0,408,2,318.24,159.12,44.75,25,496,88.0,1,0.5
17242.0,0,2,265,3,1754.24,584.75,148.23,27,493,114.0,0,0.0
14701.0,0,2,56,11,3763.47,342.13,207.66,363,493,43.7,2,0.1818
16255.0,0,4,55,11,3348.56,304.41,165.12,163,493,43.8,2,0.1818
14628.0,0,1,51,4,1657.62,414.4,147.82,60,492,147.0,0,0.0
14672.0,1,0,43,4,1113.14,278.29,145.29,93,489,148.66666666666666,0,0.0
18194.0,0,1,247,5,3188.2,637.64,389.92,16,489,60.5,0,0.0
14469.0,1,0,225,4,2112.21,528.05,200.08,120,488,87.66666666666667,0,0.0
14068.0,1,0,129,4,1528.37,382.09,145.2,93,486,119.0,1,0.25
16840.0,1,0,412,2,139.85,69.93,53.49,9,483,71.0,1,0.5
16834.0,1,0,36,2,898.96,449.48,50.94,43,483,447.0,0,0.0
15023.0,0,6,27,13,8225.65,632.74,276.8,386,483,38.0,2,0.1538
14497.0,1,0,118,2,697.06,348.53,179.38,40,482,364.0,1,0.5
17309.0,0,1,190,2,247.84,123.92,136.0,22,482,292.0,0,0.0
13874.0,1,0,167,7,2049.15,292.74,140.15,46,482,52.5,3,0.4286
18267.0,1,0,481,1,269.37,269.37,,17,481,,1,1.0
17241.0,1,0,194,12,2744.14,228.68,121.06,116,471,25.181818181818183,0,0.0
16584.0,0,1,63,4,2839.53,709.88,188.33,52,470,135.66666666666666,2,0.5
17778.0,1,0,470,1,197.7,197.7,,10,470,,0,0.0
17931.0,0,1,64,13,3326.13,255.86,209.79,265,470,33.833333333333336,4,0.3077
16911.0,1,0,444,2,255.25,127.63,16.58,30,470,26.0,1,0.5
14244.0,1,0,469,1,366.42,366.42,,16,469,,1,1.0
16447.0,0,1,399,2,516.13,258.06,72.46,27,469,70.0,0,0.0
13773.0,1,0,205,2,301.54,150.77,83.96,19,468,263.0,0,0.0
14152.0,0,1,43,6,1690.56,281.76,132.33,90,468,85.0,2,0.3333
12891.0,0,1,29,10,755.5,75.55,70.59,2,468,48.77777777777778,1,0.1
18257.0,0,5,15,7,2983.72,426.25,293.7,162,468,75.5,5,0.7143
17145.0,1,0,321,4,3120.91,780.23,402.65,168,467,48.666666666666664,3,0.75
13552.0,0,7,14,15,5100.14,340.01,184.05,125,467,32.357142857142854,7,0.4667
13761.0,0,2,311,4,881.52,220.38,89.47,50,465,51.333333333333336,0,0.0
16693.0,0,1,80,4,875.01,218.75,44.73,117,465,128.33333333333334,0,0.0
16948.0,0,1,70,6,674.29,112.38,51.84,17,465,79.0,0,0.0
17332.0,1,0,337,5,838.27,167.65,63.85,82,465,32.0,0,0.0
15928.0,1,0,465,1,293.53,293.53,,11,465,,0,0.0
16450.0,0,1,393,2,1193.81,596.91,266.74,27,465,72.0,1,0.5
13434.0,0,2,194,3,1132.62,377.54,38.67,14,464,135.0,0,0.0
13513.0,0,1,250,2,619.49,309.75,14.29,24,464,214.0,1,0.5
15493.0,0,3,58,6,3264.43,544.07,279.03,234,463,81.0,1,0.1667
13052.0,1,0,21,7,3168.53,452.65,270.76,161,463,73.66666666666667,0,0.0
13772.0,0,2,48,6,2210.51,368.42,147.72,313,463,83.0,1,0.1667
13490.0,1,0,463,1,154.25,154.25,,8,463,,0,0.0
14681.0,0,2,20,4,770.15,192.54,146.55,18,462,147.33333333333334,0,0.0
18009.0,1,0,44,8,2155.83,269.48,130.38,145,461,59.57142857142857,6,0.75
17863.0,0,3,63,9,3957.1,439.68,143.57,100,461,49.75,0,0.0
13561.0,1,0,24,11,1820.72,165.52,65.27,131,458,43.4,0,0.0
17373.0,0,3,121,4,665.83,166.46,40.25,44,458,112.33333333333333,0,0.0
17477.0,1,0,421,2,1144.3,572.15,225.67,44,456,35.0,3,1.5
16960.0,0,2,61,6,1737.91,289.65,94.58,301,456,79.0,1,0.1667
13663.0,0,1,189,4,1858.04,464.51,346.43,75,455,88.66666666666667,1,0.25
16285.0,1,0,455,1,176.9,176.9,,31,455,,0,0.0
13835.0,0,3,24,4,589.15,147.29,123.86,34,454,143.33333333333334,1,0.25
13881.0,0,13,22,27,31589.04,1169.96,1178.51,161,454,16.615384615384617,6,0.2222
13515.0,0,3,56,3,578.1,192.7,9.3,28,453,198.5,0,0.0
15929.0,1,0,453,1,594.0,594.0,,1,453,,0,0.0
14172.0,1,0,414,3,402.72,134.24,124.36,38,451,18.5,1,0.3333
18253.0,1,0,451,1,317.88,317.88,,7,451,,0,0.0
17734.0,0,2,42,4,854.67,213.67,117.02,49,451,136.33333333333334,0,0.0
14493.0,0,4,199,5,2746.91,549.38,268.27,204,450,62.75,2,0.4
13157.0,0,2,50,7,4444.08,634.87,603.07,128,450,66.66666666666667,1,0.1429
17960.0,0,1,331,2,61.3,30.65,27.93,11,450,119.0,0,0.0
16568.0,1,0,236,2,1020.9,510.45,46.88,5,450,214.0,0,0.0
16854.0,1,0,226,2,1408.96,704.48,829.2,72,449,223.0,0,0.0
17348.0,0,4,106,5,1477.04,295.41,127.11,206,448,85.5,0,0.0
13566.0,0,2,243,3,833.41,277.8,14.31,159,448,102.5,0,0.0
13715.0,1,0,90,17,8483.29,499.02,268.55,277,447,22.3125,4,0.2353
15941.0,1,0,446,1,405.0,405.0,,6,446,,1,1.0
13688.0,1,0,444,1,375.5,375.5,,5,444,,0,0.0
15117.0,0,4,24,4,1246.59,311.65,201.33,51,443,139.66666666666666,0,0.0
16242.0,0,4,23,9,4264.09,473.79,332.27,263,443,52.5,4,0.4444
13600.0,1,0,121,2,518.42,259.21,56.13,35,443,322.0,0,0.0
18196.0,0,1,99,3,1225.96,408.65,101.45,160,441,171.0,0,0.0
13128.0,1,0,440,1,263.5,263.5,,1,440,,0,0.0
18247.0,1,0,223,3,839.73,279.91,109.18,28,440,108.5,3,1.0
12908.0,0,1,121,4,1344.0,336.0,36.0,1,439,106.0,1,0.25
17133.0,0,5,55,7,10771.76,1538.82,884.95,19,437,63.666666666666664,1,0.1429
17472.0,0,1,97,3,675.83,225.28,27.0,137,437,170.0,0,0.0
15869.0,1,0,86,3,323.66,107.89,58.78,29,435,174.5,0,0.0
17072.0,1,0,434,1,282.05,282.05,,20,434,,0,0.0
15374.0,0,1,433,1,139.32,139.32,,6,433,,0,0.0
17353.0,0,2,300,2,1502.0,751.0,578.41,6,433,133.0,3,1.5
15698.0,1,0,433,1,46.2,46.2,,2,433,,0,0.0
16286.0,1,0,286,2,328.95,164.48,153.41,17,432,146.0,2,1.0
14994.0,1,0,191,5,960.63,192.13,27.99,233,432,60.25,3,0.6
16833.0,1,0,68,5,1973.8,394.76,358.04,74,432,91.0,0,0.0
14572.0,0,3,63,7,3860.27,551.47,341.32,251,430,61.166666666666664,2,0.2857
15231.0,1,0,430,1,250.26,250.26,,14,430,,1,1.0
13051.0,1,0,387,2,155.8,77.9,4.1,4,428,41.0,0,0.0
12990.0,0,2,119,5,643.5,128.7,59.47,6,428,77.25,0,0.0
13676.0,1,0,348,2,243.9,121.95,8.98,13,428,80.0,1,0.5
17669.0,0,4,19,6,4346.63,724.44,387.78,70,426,81.4,0,0.0
15112.0,1,0,420,1,209.4,209.4,,7,420,,0,0.0
18246.0,0,1,42,2,395.62,197.81,49.62,2,418,376.0,0,0.0
17609.0,0,3,111,8,1319.81,164.98,167.25,231,418,43.857142857142854,3,0.375
17608.0,0,2,258,2,305.11,152.56,17.49,90,416,158.0,0,0.0
15524.0,0,1,415,1,151.4,151.4,,8,415,,0,0.0
16292.0,0,1,189,4,951.51,237.88,88.48,38,413,74.66666666666667,3,0.75
16174.0,0,3,300,4,1237.2,309.3,75.03,15,412,37.333333333333336,0,0.0
13262.0,1,0,72,3,573.45,191.15,46.51,48,409,168.5,0,0.0
14506.0,0,3,92,4,1845.36,461.34,144.05,133,408,105.33333333333333,0,0.0
16548.0,1,0,408,1,30.15,30.15,,6,408,,0,0.0
14926.0,1,0,190,2,359.4,179.7,57.28,2,407,217.0,1,0.5
15970.0,1,0,112,2,1017.32,508.66,275.15,19,407,295.0,0,0.0
17185.0,1,0,400,3,229.46,76.49,26.1,38,407,3.5,0,0.0
15886.0,0,1,225,3,871.78,290.59,139.24,47,407,91.0,0,0.0
13625.0,1,0,405,1,301.26,301.26,,21,405,,0,0.0
14182.0,1,0,252,4,678.77,169.69,59.42,42,405,51.0,1,0.25
17057.0,1,0,405,1,294.74,294.74,,48,405,,0,0.0
15548.0,1,0,404,1,158.09,158.09,,23,404,,0,0.0
16538.0,1,0,350,3,399.62,133.21,105.12,35,404,27.0,0,0.0
16868.0,1,0,203,3,393.39,131.13,50.53,47,402,99.5,0,0.0
13760.0,0,1,65,4,1211.94,302.98,120.37,80,402,112.33333333333333,1,0.25
12838.0,0,1,182,9,3106.14,345.13,223.94,177,401,27.375,2,0.2222
14743.0,1,0,401,1,50.48,50.48,,3,401,,0,0.0
15384.0,0,1,168,3,1688.95,562.98,472.95,77,401,116.5,1,0.3333
16354.0,0,2,188,3,733.71,244.57,58.59,87,400,106.0,0,0.0
16138.0,1,0,187,3,910.35,303.45,222.53,35,399,106.0,1,0.3333
14978.0,0,1,44,9,2748.0,305.33,137.41,159,399,44.375,2,0.2222
18049.0,1,0,246,2,556.52,278.26,8.08,82,399,153.0,0,0.0
12863.0,0,1,188,5,2271.35,454.27,148.07,23,398,52.5,1,0.2
16827.0,1,0,202,5,392.13,78.43,53.86,10,398,49.0,0,0.0
17005.0,1,0,279,2,742.36,371.18,116.77,14,397,118.0,1,0.5
14201.0,0,4,24,6,810.36,135.06,49.2,30,397,74.6,2,0.3333
13143.0,1,0,393,1,405.1,405.1,,23,393,,1,1.0
17597.0,1,0,22,5,3484.09,696.82,766.35,109,392,92.5,2,0.4
13891.0,1,0,187,3,863.56,287.85,164.14,97,391,102.0,0,0.0
17808.0,1,0,357,4,262.64,65.66,62.21,29,390,11.0,0,0.0
13838.0,0,2,178,7,1512.47,216.07,154.95,242,388,35.0,0,0.0
14129.0,0,3,69,5,1826.38,365.28,76.49,37,388,79.75,0,0.0
17003.0,1,0,211,4,830.16,207.54,67.85,90,387,58.666666666666664,0,0.0
16737.0,0,1,386,1,417.6,417.6,,1,386,,0,0.0
17545.0,0,3,199,3,802.58,267.53,215.27,112,386,93.5,0,0.0
13295.0,1,0,168,4,1101.97,275.49,51.8,56,385,72.33333333333333,5,1.25
14707.0,1,0,244,2,139.2,69.6,0.0,1,385,141.0,0,0.0
16906.0,0,2,14,5,1082.67,216.53,184.15,138,384,92.5,0,0.0
14982.0,1,0,381,1,237.78,237.78,,39,381,,0,0.0
13857.0,1,0,202,6,1001.01,166.84,91.35,99,380,35.6,1,0.1667
13605.0,1,0,196,2,522.67,261.33,129.32,50,380,184.0,0,0.0
16915.0,0,3,57,7,1088.29,155.47,95.66,35,378,53.5,0,0.0
15777.0,1,0,50,7,1762.61,251.8,148.98,29,377,54.5,2,0.2857
15559.0,1,0,377,1,1109.4,1109.4,,62,377,,0,0.0
15826.0,0,2,19,2,1663.97,831.99,158.37,66,377,358.0,1,0.5
17898.0,0,1,16,3,246.96,82.32,44.02,41,376,180.0,0,0.0
18208.0,1,0,374,1,360.08,360.08,,17,374,,0,0.0
16831.0,1,0,373,1,91.8,91.8,,6,373,,0,0.0
15681.0,0,4,89,10,1909.22,190.92,139.64,36,373,31.555555555555557,1,0.1
13989.0,0,1,48,4,1656.65,414.16,351.25,53,372,108.0,0,0.0
16328.0,1,0,372,1,310.83,310.83,,16,372,,0,0.0
16153.0,0,3,26,8,3711.17,463.9,425.66,117,371,49.285714285714285,2,0.25
16392.0,1,0,78,3,763.05,254.35,83.72,125,370,146.0,0,0.0
17741.0,1,0,215,2,101.1,50.55,12.94,6,369,154.0,0,0.0
15670.0,1,0,105,2,325.2,162.6,14.78,19,365,260.0,1,0.5
16401.0,0,6,19,16,4412.72,275.8,192.48,87,364,23.0,10,0.625
15502.0,0,8,84,6,6249.0,1041.5,601.09,154,363,55.8,7,1.1667
15731.0,1,0,362,1,125.3,125.3,,8,362,,0,0.0
14028.0,1,0,359,3,10396.5,3465.5,251.15,3,359,0.0,2,0.6667
15872.0,0,2,187,2,434.75,217.37,135.53,70,359,172.0,0,0.0
14498.0,0,4,170,6,2120.17,353.36,173.02,154,359,37.8,0,0.0
17784.0,1,0,359,1,112.86,112.86,,19,359,,0,0.0
12928.0,0,3,50,9,3022.23,335.8,219.67,76,358,38.5,0,0.0
16679.0,1,0,175,3,793.06,264.35,79.74,15,356,90.5,0,0.0
16499.0,1,0,169,8,2578.34,322.29,273.64,104,355,26.571428571428573,5,0.625
14228.0,1,0,246,3,745.5,248.5,145.38,38,355,54.5,0,0.0
13794.0,1,0,355,1,126.03,126.03,,9,355,,0,0.0
14727.0,1,0,83,3,467.93,155.98,124.33,43,355,136.0,1,0.3333
18022.0,0,1,194,4,983.68,245.92,69.93,203,355,53.666666666666664,0,0.0
13601.0,0,1,20,3,865.02,288.34,82.89,114,355,167.5,0,0.0
14139.0,0,1,299,3,670.98,223.66,105.83,29,351,26.0,0,0.0
15040.0,1,0,350,1,7.49,7.49,,1,350,,0,0.0
16492.0,1,0,349,1,385.56,385.56,,23,349,,0,0.0
16134.0,0,1,168,4,1810.78,452.7,304.87,71,349,60.333333333333336,2,0.5
17341.0,0,2,175,3,1622.07,540.69,478.15,180,349,87.0,0,0.0
14840.0,1,0,76,2,362.71,181.36,167.59,20,348,272.0,1,0.5
15248.0,1,0,220,3,1893.93,631.31,529.06,103,343,61.5,1,0.3333
16539.0,1,0,28,9,3396.81,377.42,200.71,81,341,39.125,0,0.0
16012.0,0,3,210,2,1574.5,787.25,265.99,138,338,128.0,0,0.0
13614.0,0,3,139,3,954.48,318.16,119.62,73,360,110.5,0,0.0
13056.0,1,0,360,1,209.48,209.48,,18,360,,0,0.0
15958.0,0,1,212,3,388.64,129.55,47.34,45,359,73.5,0,0.0
18103.0,1,0,358,1,105.8,105.8,,10,358,,0,0.0
15352.0,1,0,357,1,114.95,114.95,,34,357,,0,0.0
14774.0,1,0,337,1,241.45,241.45,,13,337,,0,0.0
14217.0,0,8,16,13,2235.8,171.98,100.34,89,336,26.666666666666668,5,0.3846
16926.0,1,0,180,5,1421.35,284.27,147.62,63,335,38.75,1,0.2
17080.0,0,1,78,6,746.23,124.37,93.7,19,335,51.4,1,0.1667
14452.0,0,1,204,2,401.15,200.58,103.63,62,330,126.0,0,0.0
15133.0,0,1,66,4,1482.38,370.6,99.46,34,329,87.66666666666667,0,0.0
14516.0,1,0,325,1,163.92,163.92,,35,325,,0,0.0
13428.0,1,0,323,2,281.51,140.76,177.84,66,323,0.0,0,0.0
17034.0,0,2,96,3,680.2,226.73,102.41,31,322,113.0,1,0.3333
16251.0,1,0,321,1,128.31,128.31,,20,321,,0,0.0
12977.0,0,1,310,3,478.39,159.46,82.06,45,320,5.0,0,0.0
16128.0,0,4,91,7,2309.13,329.88,127.04,102,320,38.166666666666664,3,0.4286
15151.0,1,0,232,2,2085.61,1042.81,103.88,56,318,86.0,0,0.0
16089.0,1,0,195,2,271.44,135.72,26.77,42,318,123.0,0,0.0
14858.0,1,0,314,1,180.75,180.75,,11,314,,0,0.0
13796.0,1,0,308,1,289.7,289.7,,22,308,,0,0.0
16428.0,1,0,222,3,660.28,220.09,75.25,121,306,42.0,0,0.0
15666.0,1,0,281,2,632.94,316.47,126.98,62,304,23.0,0,0.0
16060.0,1,0,209,3,541.95,180.65,144.49,22,303,47.0,0,0.0
16880.0,0,7,302,1,321.78,321.78,,9,302,,0,0.0
16417.0,1,0,301,1,35.7,35.7,,1,301,,0,0.0
13155.0,0,2,135,4,1347.62,336.91,283.26,68,300,55.0,0,0.0
17156.0,1,0,300,1,591.87,591.87,,39,300,,1,1.0
15262.0,1,0,132,3,418.82,139.61,34.81,22,297,82.5,0,0.0
17732.0,1,0,181,8,2470.39,308.8,184.35,90,296,16.428571428571427,2,0.25
13594.0,0,1,294,1,136.35,136.35,,7,294,,1,1.0
15652.0,0,1,196,4,1082.6,270.65,110.91,76,294,32.666666666666664,1,0.25
14153.0,1,0,292,1,233.4,233.4,,17,292,,0,0.0
15893.0,1,0,290,1,305.28,305.28,,1,290,,0,0.0
14531.0,1,0,288,1,376.34,376.34,,29,288,,0,0.0
15506.0,0,3,190,3,1060.77,353.59,140.76,82,286,48.0,0,0.0
16396.0,1,0,285,1,137.8,137.8,,8,285,,2,2.0
13884.0,0,1,86,8,1297.13,162.14,139.68,87,279,27.571428571428573,4,0.5
16870.0,1,0,278,1,450.16,450.16,,28,278,,0,0.0
15574.0,0,1,167,5,1406.6,281.32,282.59,186,273,26.5,1,0.2
15092.0,1,0,24,3,776.46,258.82,107.56,39,271,123.5,1,0.3333
13046.0,0,1,75,2,517.66,258.83,86.42,31,265,190.0,0,0.0
17473.0,1,0,217,2,607.0,303.5,7.64,33,265,48.0,1,0.5
16042.0,0,4,141,4,1092.8,273.2,285.7,50,262,40.333333333333336,3,0.75
15406.0,0,1,110,3,717.45,239.15,231.91,101,262,76.0,0,0.0
17308.0,1,0,202,2,4511.76,2255.88,2247.41,5,261,59.0,0,0.0
13440.0,1,0,232,7,1295.25,185.04,467.33,49,260,4.666666666666667,3,0.4286
15748.0,0,1,258,2,465.45,232.73,282.74,16,258,0.0,0,0.0
16983.0,0,4,80,7,2401.31,343.04,181.24,92,255,29.166666666666668,1,0.1429
13701.0,1,0,255,1,161.0,161.0,,9,255,,1,1.0
13554.0,1,0,189,7,1638.28,234.04,133.26,156,255,11.0,3,0.4286
17255.0,0,1,108,3,613.18,204.39,153.12,131,255,73.5,0,0.0
15462.0,0,3,254,1,502.45,502.45,,30,254,,0,0.0
15728.0,1,0,188,2,544.6,272.3,34.93,10,253,65.0,0,0.0
16857.0,1,0,251,1,352.8,352.8,,11,251,,0,0.0
16775.0,0,6,14,9,2053.03,228.11,110.88,92,251,29.625,1,0.1111
13281.0,1,0,248,1,350.85,350.85,,22,248,,2,2.0
17524.0,1,0,170,3,539.14,179.71,75.29,37,247,38.5,1,0.3333
16198.0,0,1,246,1,629.36,629.36,,18,246,,0,0.0
12964.0,1,0,246,1,132.24,132.24,,26,246,,0,0.0
14843.0,1,0,245,1,211.8,211.8,,9,245,,0,0.0
14510.0,1,0,184,3,1007.28,335.76,277.7,67,245,30.5,1,0.3333
14742.0,1,0,244,1,579.85,579.85,,34,244,,0,0.0
16958.0,1,0,244,1,809.44,809.44,,69,244,,0,0.0
15960.0,1,0,183,4,410.95,102.74,51.27,24,244,20.333333333333332,1,0.25
15243.0,0,1,244,1,610.6,610.6,,39,244,,0,0.0
16044.0,1,0,244,1,340.84,340.84,,19,244,,0,0.0
13035.0,0,1,69,2,775.32,387.66,77.3,22,240,171.0,0,0.0
14991.0,1,0,239,1,314.67,314.67,,21,239,,0,0.0
15490.0,1,0,239,1,217.6,217.6,,22,239,,1,1.0
16760.0,1,0,239,1,228.0,228.0,,17,239,,0,0.0
14266.0,1,0,237,1,40.56,40.56,,1,237,,0,0.0
14904.0,0,1,217,2,615.2,307.6,98.36,62,236,19.0,0,0.0
14846.0,1,0,236,1,437.4,437.4,,12,236,,1,1.0
13083.0,0,1,234,1,91.68,91.68,,4,234,,0,0.0
17004.0,0,2,201,2,1012.22,506.11,89.83,21,233,32.0,0,0.0
15024.0,0,5,105,9,3102.27,344.7,293.33,124,233,16.0,0,0.0
13368.0,1,0,65,4,1121.5,280.38,287.46,45,232,55.666666666666664,1,0.25
14240.0,0,1,34,2,584.0,292.0,92.14,26,232,198.0,0,0.0
18239.0,1,0,27,6,2150.36,358.39,300.62,85,231,40.8,0,0.0
15134.0,0,6,22,4,447.75,111.94,20.53,20,231,69.66666666666667,0,0.0
16120.0,0,4,231,2,1747.77,873.89,1147.39,60,231,0.0,0,0.0
15160.0,1,0,166,4,589.27,147.32,59.65,17,230,21.333333333333332,0,0.0
15114.0,0,7,26,5,1357.47,271.49,82.97,67,230,51.0,0,0.0
13829.0,1,0,230,1,102.0,102.0,,1,230,,1,1.0
14088.0,0,11,131,4,21089.9,5272.48,5981.48,170,230,33.0,3,0.75
13692.0,0,1,22,4,2497.66,624.42,480.02,69,229,69.0,3,0.75
16676.0,0,1,22,5,1868.28,373.66,66.03,90,227,51.25,1,0.2
17703.0,0,3,227,1,296.1,296.1,,23,227,,0,0.0
13088.0,1,0,226,1,236.11,236.11,,19,226,,0,0.0
17655.0,0,2,19,6,2616.24,436.04,463.21,57,225,41.2,1,0.1667
14332.0,0,3,190,2,1077.2,538.6,32.39,31,225,35.0,0,0.0
15995.0,1,0,223,1,696.19,696.19,,108,223,,0,0.0
14216.0,0,2,223,1,310.74,310.74,,18,223,,1,1.0
13581.0,1,0,118,2,280.53,140.26,31.49,32,223,105.0,0,0.0
16540.0,1,0,223,1,226.7,226.7,,25,223,,0,0.0
16010.0,1,0,54,11,1724.06,156.73,99.74,122,220,16.6,1,0.0909
16920.0,1,0,220,1,355.45,355.45,,23,220,,0,0.0
15294.0,1,0,219,1,233.35,233.35,,15,219,,1,1.0
14690.0,0,2,201,2,422.63,211.32,43.56,43,219,18.0,0,0.0
17767.0,0,1,219,1,141.85,141.85,,18,219,,0,0.0
16757.0,1,0,127,2,270.48,135.24,40.18,13,218,91.0,0,0.0
14475.0,0,2,113,2,531.85,265.93,57.45,21,217,104.0,1,0.5
14294.0,1,0,216,1,375.34,375.34,,23,216,,0,0.0
12855.0,1,0,181,4,650.94,162.74,163.84,65,211,10.0,0,0.0
15158.0,0,1,210,1,204.62,204.62,,4,210,,1,1.0
13172.0,1,0,209,1,69.6,69.6,,1,209,,0,0.0
16228.0,1,0,194,3,890.81,296.94,124.82,45,209,7.5,1,0.3333
17756.0,1,0,184,3,733.7,244.57,66.51,54,203,9.5,0,0.0
13096.0,1,0,203,1,419.7,419.7,,1,203,,0,0.0
14024.0,0,2,199,1,318.04,318.04,,18,199,,0,0.0
14052.0,0,1,199,1,255.45,255.45,,65,199,,0,0.0
14526.0,1,0,198,1,262.4,262.4,,41,198,,0,0.0
17106.0,1,0,198,1,491.23,491.23,,51,198,,0,0.0
15968.0,1,0,197,1,418.05,418.05,,70,197,,0,0.0
13237.0,1,0,196,1,643.0,643.0,,24,196,,0,0.0
16250.0,1,0,70,3,791.38,263.79,163.35,29,195,62.5,0,0.0
14614.0,1,0,195,1,295.13,295.13,,19,195,,0,0.0
13124.0,0,1,61,3,3490.24,1163.41,216.36,163,194,66.5,0,0.0
17036.0,1,0,192,1,176.9,176.9,,12,192,,0,0.0
16252.0,1,0,191,1,295.09,295.09,,21,191,,1,1.0
17458.0,0,1,190,1,213.08,213.08,,32,190,,0,0.0
18118.0,0,11,16,17,4407.33,259.25,198.58,343,190,10.875,5,0.2941
15020.0,1,0,188,1,203.42,203.42,,27,188,,0,0.0
17882.0,1,0,188,2,313.46,156.73,22.58,47,188,0.0,0,0.0
17516.0,0,2,26,4,644.68,161.17,130.96,115,187,53.666666666666664,0,0.0
17999.0,0,1,175,2,539.18,269.59,157.1,77,187,12.0,0,0.0
18003.0,1,0,185,1,358.61,358.61,,23,185,,0,0.0
17722.0,0,2,133,3,3749.9,1249.97,511.08,126,184,25.5,2,0.6667
13955.0,0,1,114,2,427.31,213.66,12.1,63,184,70.0,0,0.0
12947.0,0,3,43,3,1339.31,446.44,153.9,62,182,69.5,3,1.0
17925.0,1,0,181,1,488.16,488.16,,1,181,,0,0.0
16752.0,1,0,181,1,415.0,415.0,,9,181,,0,0.0
17787.0,0,1,113,3,2452.45,817.48,568.72,87,180,33.5,0,0.0
15545.0,0,1,180,1,270.66,270.66,,31,180,,0,0.0
15018.0,0,1,61,2,402.59,201.3,29.99,17,176,115.0,1,0.5
16850.0,1,0,142,1,332.41,332.41,,19,142,,0,0.0
15749.0,1,0,44,3,44534.3,14844.77,6854.67,5,141,48.5,1,0.3333
15510.0,1,0,139,1,250.0,250.0,,1,139,,0,0.0
15820.0,1,0,128,1,206.98,206.98,,17,128,,0,0.0
13396.0,0,1,128,1,387.27,387.27,,15,128,,1,1.0
16730.0,0,1,43,2,480.94,240.47,75.59,35,128,85.0,1,0.5
13328.0,1,0,125,1,1308.48,1308.48,,17,125,,0,0.0
13894.0,0,2,119,1,160.85,160.85,,10,119,,1,1.0
16667.0,0,1,93,1,203.35,203.35,,20,93,,0,0.0
16976.0,1,0,76,1,251.52,251.52,,2,76,,0,0.0
13072.0,1,0,75,1,177.15,177.15,,7,75,,0,0.0
14059.0,1,0,75,1,183.6,183.6,,8,75,,0,0.0
16626.0,0,14,75,1,795.75,795.75,,47,75,,1,1.0
16031.0,0,1,56,1,305.63,305.63,,39,56,,0,0.0
17906.0,1,0,56,1,72.9,72.9,,12,56,,0,0.0
15090.0,1,0,117,1,381.32,381.32,,23,117,,0,0.0
15781.0,0,2,114,1,83.35,83.35,,5,114,,0,0.0
17162.0,0,5,54,5,819.31,163.86,169.42,53,114,15.0,0,0.0
17859.0,1,0,113,1,148.21,148.21,,23,113,,0,0.0
16951.0,0,2,113,1,1053.79,1053.79,,70,113,,0,0.0
14386.0,1,0,105,1,142.4,142.4,,7,105,,0,0.0
17175.0,0,3,105,1,519.08,519.08,,27,105,,0,0.0
13718.0,1,0,55,2,306.55,153.28,55.47,9,104,49.0,0,0.0
14162.0,0,1,101,1,177.68,177.68,,13,101,,0,0.0
13301.0,0,2,31,2,327.77,163.89,14.18,40,101,70.0,0,0.0
13184.0,0,6,36,4,746.31,186.58,49.87,60,99,21.0,1,0.25
17711.0,1,0,98,1,220.53,220.53,,13,98,,0,0.0
13751.0,1,0,97,1,296.25,296.25,,9,97,,0,0.0
14504.0,0,1,52,3,542.71,180.9,69.59,81,87,17.5,0,0.0
16621.0,0,2,24,2,490.7,245.35,116.67,14,86,62.0,0,0.0
14214.0,0,4,86,1,638.65,638.65,,37,86,,2,2.0
16426.0,0,6,85,1,328.37,328.37,,11,85,,0,0.0
12881.0,1,0,84,1,298.0,298.0,,7,84,,0,0.0
15671.0,0,4,51,3,1033.13,344.38,38.86,41,79,14.0,2,0.6667
14636.0,0,1,77,1,300.19,300.19,,16,77,,0,0.0
18224.0,1,0,72,1,158.95,158.95,,10,72,,0,0.0
14245.0,1,0,28,2,1693.45,846.72,223.98,107,72,44.0,2,1.0
17979.0,0,2,68,2,241.67,120.84,156.89,53,68,0.0,1,0.5
17874.0,0,1,34,5,560.7,112.14,148.95,34,64,7.5,1,0.2
13588.0,0,8,64,1,113.3,113.3,,8,64,,0,0.0
16398.0,0,1,62,1,1169.95,1169.95,,63,62,,1,1.0
15756.0,0,2,22,2,249.12,124.56,1.37,83,58,36.0,0,0.0
14747.0,1,0,58,1,328.2,328.2,,18,58,,1,1.0
15442.0,1,0,57,1,594.0,594.0,,2,57,,0,0.0
13570.0,1,0,52,1,239.49,239.49,,27,52,,0,0.0
18129.0,1,0,52,1,112.55,112.55,,13,52,,0,0.0
15737.0,0,7,51,1,475.88,475.88,,29,51,,1,1.0
16309.0,0,1,49,1,334.2,334.2,,21,49,,0,0.0
13122.0,0,1,49,1,903.67,903.67,,54,49,,0,0.0
14323.0,0,1,47,1,299.82,299.82,,19,47,,1,1.0
15891.0,1,0,35,1,524.52,524.52,,60,35,,0,0.0
14973.0,0,2,34,1,654.6,654.6,,5,34,,0,0.0
17501.0,1,0,29,2,288.6,144.3,147.01,18,29,0.0,0,0.0
16230.0,0,1,29,1,275.93,275.93,,19,29,,0,0.0
12886.0,0,1,28,1,775.0,775.0,,47,28,,1,1.0
16319.0,1,0,26,1,404.4,404.4,,3,26,,0,0.0
13365.0,0,1,26,1,700.6,700.6,,39,26,,1,1.0
13003.0,0,2,23,1,59.05,59.05,,4,23,,0,0.0
14591.0,0,3,22,1,250.22,250.22,,33,22,,0,0.0
14883.0,0,5,20,1,310.56,310.56,,19,20,,0,0.0
17932.0,0,2,20,1,589.01,589.01,,42,20,,0,0.0
17970.0,1,0,20,1,582.59,582.59,,27,20,,0,0.0
14888.0,1,0,16,1,369.2,369.2,,20,16,,0,0.0
15660.0,0,5,13,10,1951.15,195.11,119.01,53,481,52.0,2,0.2
15630.0,0,1,13,2,691.91,345.96,71.99,41,453,440.0,1,0.5
17245.0,1,0,13,2,371.63,185.82,20.32,24,498,485.0,0,0.0
13529.0,0,1,13,1,181.1,181.1,,7,13,,0,0.0
17675.0,0,17,13,51,25391.47,497.87,365.22,215,538,10.5,15,0.2941
15854.0,0,4,13,15,4193.55,279.57,119.29,134,538,37.5,0,0.0
17841.0,0,72,1,134,41422.12,309.12,190.28,1764,546,4.097744360902255,51,0.3806
15122.0,0,1,13,10,3794.3,379.43,200.75,139,428,46.111111111111114,4,0.4
17166.0,0,1,12,1,127.59,127.59,,10,12,,1,1.0
17615.0,0,1,12,5,675.9,135.18,48.07,44,294,70.5,1,0.2
17416.0,0,4,6,18,13853.04,769.61,777.48,279,534,31.058823529411764,2,0.1111
13391.0,1,0,12,1,59.8,59.8,,1,12,,0,0.0
14794.0,0,1,12,7,1313.53,187.65,113.72,57,296,47.333333333333336,2,0.2857
12935.0,0,3,12,10,2949.39,294.94,148.25,78,416,44.888888888888886,4,0.4
12916.0,0,1,10,6,3960.65,660.11,189.69,75,493,96.6,1,0.1667
18150.0,0,2,10,1,227.58,227.58,,14,10,,0,0.0
17315.0,0,18,10,24,5998.13,249.92,278.26,314,247,10.304347826086957,4,0.1667
16700.0,0,5,10,19,7039.39,370.49,174.28,229,546,29.77777777777778,4,0.2105
17690.0,0,7,10,13,4822.45,370.96,257.78,168,483,39.416666666666664,0,0.0
13339.0,1,0,9,1,860.12,860.12,,54,9,,0,0.0
14189.0,0,6,9,9,3316.38,368.49,233.93,118,197,23.5,4,0.4444
13798.0,0,21,5,85,60975.54,717.36,698.92,154,540,6.369047619047619,14,0.1647
14364.0,0,6,9,2,1117.2,558.6,227.05,11,20,11.0,0,0.0
16033.0,0,8,9,18,5297.4,294.3,177.11,328,294,16.764705882352942,7,0.3889
14191.0,0,9,8,4,562.0,140.5,108.47,29,537,176.33333333333334,2,0.5
13267.0,0,7,8,28,7446.91,265.96,157.87,126,541,19.74074074074074,10,0.3571
15719.0,0,6,8,25,7608.42,304.34,102.18,366,547,22.458333333333332,7,0.28
16709.0,0,1,8,13,8042.18,618.63,397.71,199,539,44.25,0,0.0
15513.0,0,7,8,28,19061.79,680.78,661.0,219,504,18.37037037037037,4,0.1429
14057.0,0,9,8,13,4867.41,374.42,222.01,194,545,44.75,1,0.0769
14738.0,0,3,8,6,1033.14,172.19,95.91,41,541,106.6,1,0.1667
16923.0,0,10,8,22,9291.27,422.33,243.07,298,486,22.761904761904763,8,0.3636
15194.0,0,5,7,22,8472.34,385.11,172.0,203,545,25.61904761904762,8,0.3636
13069.0,0,10,7,27,7778.55,288.09,204.26,519,352,13.26923076923077,2,0.0741
13599.0,0,8,7,19,7019.62,369.45,243.19,139,547,30.0,13,0.6842
14415.0,0,7,7,15,8590.57,572.7,194.21,345,532,37.5,6,0.4
14101.0,0,2,6,11,8144.53,740.41,288.86,19,430,42.4,1,0.0909
12987.0,0,1,6,4,1057.81,264.45,58.1,48,497,163.66666666666666,0,0.0
17059.0,0,2,6,7,4018.16,574.02,387.61,250,491,80.83333333333333,1,0.1429
15622.0,0,4,6,13,6745.05,518.85,514.98,296,454,37.333333333333336,10,0.7692
13911.0,0,3,6,17,3357.99,197.53,88.72,152,457,28.1875,2,0.1176
16275.0,1,0,5,3,2151.11,717.04,168.77,105,450,222.5,0,0.0
14092.0,0,6,5,16,4950.01,309.38,72.24,134,532,35.13333333333333,2,0.125
14625.0,1,0,5,11,4497.88,408.9,168.0,167,532,52.7,5,0.4545
14976.0,0,4,5,3,450.26,150.09,31.99,35,135,65.0,1,0.3333
14451.0,0,1,3,11,3006.18,273.29,91.2,218,500,49.7,6,0.5455
15897.0,1,0,3,2,222.05,111.03,12.28,17,3,0.0,0,0.0
16333.0,0,4,1,16,13087.2,817.95,481.08,8,118,7.8,0,0.0
16434.0,0,4,1,8,1943.71,242.96,154.45,79,500,71.28571428571429,1,0.125
13481.0,0,3,1,8,3005.27,375.66,170.03,128,544,77.57142857142857,2,0.25
13635.0,0,1,251,3,1928.13,642.71,423.16,89,547,148.0,2,0.6667
15413.0,1,0,500,5,6798.72,1359.74,753.91,20,547,11.75,2,0.4
16329.0,1,0,236,4,1703.07,425.77,114.12,83,547,103.66666666666667,0,0.0
17804.0,1,0,185,3,385.23,128.41,11.54,82,547,181.0,1,0.3333
17063.0,0,5,98,8,2496.76,312.09,123.15,111,547,64.14285714285714,7,0.875
15793.0,0,2,77,6,1740.6,290.1,51.46,9,547,94.0,0,0.0
14478.0,1,0,191,4,1276.66,319.17,35.15,59,547,118.66666666666667,0,0.0
15967.0,0,1,127,11,2796.57,254.23,165.2,290,547,42.0,1,0.0909
12921.0,0,22,21,50,24848.39,496.97,236.91,231,547,10.73469387755102,25,0.5
15945.0,1,0,174,4,827.27,206.82,115.2,24,547,124.33333333333333,0,0.0
14061.0,1,0,316,3,917.43,305.81,109.94,17,547,115.5,0,0.0
15759.0,1,0,27,7,830.93,118.7,38.37,10,546,86.5,3,0.4286
17511.0,0,14,15,44,120291.57,2733.9,1706.92,502,546,12.348837209302326,17,0.3864
13564.0,0,1,163,36,16698.91,463.86,365.89,484,546,10.942857142857143,15,0.4167
15287.0,0,2,188,3,369.34,123.11,63.97,13,546,179.0,0,0.0
15794.0,1,0,545,2,777.0,388.5,405.17,15,546,1.0,0,0.0
14771.0,1,0,430,2,594.62,297.31,14.06,46,545,115.0,1,0.5
17209.0,1,0,458,3,611.6,203.87,137.1,36,545,43.5,0,0.0
17411.0,0,2,70,3,932.02,310.67,30.35,46,545,237.5,4,1.3333
16918.0,0,5,126,11,2420.25,220.02,130.28,235,545,41.9,2,0.1818
17287.0,0,3,14,18,3548.19,197.12,124.48,243,545,31.235294117647058,2,0.1111
13786.0,1,0,176,6,3358.94,559.82,149.5,80,545,73.8,2,0.3333
13037.0,0,1,28,11,3611.2,328.29,174.89,174,545,51.7,4,0.3636
14961.0,0,3,41,18,12545.13,696.95,365.37,266,544,29.58823529411765,6,0.3333
16883.0,0,1,180,18,2247.89,124.88,57.35,144,544,21.41176470588235,1,0.0556
13175.0,1,0,391,2,831.45,415.73,136.58,40,544,153.0,2,1.0
18223.0,0,6,14,19,10273.79,540.73,309.62,159,544,29.444444444444443,19,1.0
14979.0,1,0,544,1,439.46,439.46,,42,544,,0,0.0
15382.0,0,4,19,8,9365.86,1170.73,639.71,241,544,75.0,7,0.875
13329.0,0,1,175,7,4628.17,661.17,758.98,60,544,61.5,6,0.8571
18071.0,1,0,66,6,1428.63,238.11,159.59,52,543,95.4,0,0.0
15223.0,1,0,34,5,1417.95,283.59,102.25,26,543,127.25,1,0.2
13021.0,0,5,24,11,3035.86,275.99,112.58,106,543,51.9,6,0.5455
17115.0,0,1,42,5,2234.01,446.8,234.23,88,543,125.25,5,1.0
15860.0,0,5,41,12,1948.26,162.36,74.35,192,542,45.54545454545455,0,0.0
14454.0,1,0,185,5,977.3,195.46,49.68,93,542,89.25,1,0.2
16773.0,0,1,245,2,249.65,124.83,18.28,34,542,297.0,0,0.0
17858.0,0,5,70,24,10261.79,427.57,329.87,106,542,20.52173913043478,2,0.0833
17530.0,0,3,15,8,2124.37,265.55,196.51,271,542,75.28571428571429,1,0.125
17707.0,0,1,145,7,540.6,77.23,26.51,9,541,66.0,1,0.1429
17436.0,1,0,35,4,440.16,110.04,27.17,5,541,168.66666666666666,2,0.5
14670.0,1,0,89,3,602.0,200.67,106.54,159,541,226.0,0,0.0
16702.0,1,0,224,4,1110.83,277.71,51.65,84,541,105.66666666666667,1,0.25
18259.0,0,2,175,5,2355.9,471.18,173.26,36,540,91.25,0,0.0
14215.0,0,2,124,6,2548.72,424.79,254.93,123,540,83.2,1,0.1667
13025.0,1,0,540,1,323.39,323.39,,13,540,,0,0.0
17067.0,1,0,533,3,454.54,151.51,114.78,8,540,3.5,0,0.0
14861.0,0,1,189,9,1254.94,139.44,117.02,58,540,43.875,4,0.4444
17852.0,1,0,197,3,548.87,182.96,102.89,62,540,171.5,0,0.0
13081.0,0,3,26,24,45331.28,1888.8,1399.4,628,540,22.347826086956523,10,0.4167
16892.0,0,3,363,2,236.56,118.28,29.32,38,540,177.0,1,0.5
17178.0,1,0,540,1,436.71,436.71,,31,540,,0,0.0
13202.0,1,0,203,7,1580.3,225.76,64.49,55,539,56.0,1,0.1429
13672.0,1,0,110,3,419.92,139.97,86.77,13,539,214.5,4,1.3333
17929.0,0,1,63,10,2674.1,267.41,138.43,5,539,52.888888888888886,0,0.0
13983.0,0,6,41,15,6050.39,403.36,256.74,212,539,35.57142857142857,8,0.5333
18065.0,0,5,28,21,4621.53,220.07,141.7,155,539,25.55,3,0.1429
17880.0,1,0,173,3,824.92,274.97,159.71,43,539,183.0,0,0.0
13848.0,0,1,106,7,3015.0,430.71,146.75,3,539,72.16666666666667,0,0.0
15465.0,0,6,42,26,10464.49,402.48,225.67,89,538,19.84,6,0.2308
16596.0,0,1,175,3,450.13,150.04,79.53,17,538,181.5,0,0.0
12933.0,0,2,92,6,1190.25,198.37,156.53,159,538,89.2,3,0.5
18276.0,0,1,201,5,1320.66,264.13,69.96,69,538,84.25,2,0.4
14081.0,1,0,111,10,5370.1,537.01,284.33,465,538,47.44444444444444,6,0.6
16905.0,0,3,45,13,2785.65,214.28,123.11,106,538,41.083333333333336,3,0.2308
13077.0,1,0,99,10,2912.84,291.28,170.08,176,537,48.666666666666664,3,0.3
16191.0,0,3,71,19,13123.18,690.69,596.81,76,537,25.88888888888889,11,0.5789
17344.0,0,1,537,1,307.54,307.54,,36,537,,1,1.0
15898.0,1,0,35,24,5210.42,217.1,164.67,280,537,21.82608695652174,4,0.1667
14130.0,1,0,128,4,1882.67,470.67,168.46,189,537,136.33333333333334,0,0.0
15196.0,1,0,241,2,316.25,158.13,8.31,34,535,294.0,0,0.0
15956.0,1,0,360,2,617.6,308.8,24.89,18,535,175.0,0,0.0
14685.0,1,0,385,8,4619.79,577.47,460.98,109,535,21.428571428571427,5,0.625
17211.0,0,3,42,10,2983.37,298.34,122.29,166,535,54.77777777777778,2,0.2
13087.0,1,0,535,1,313.64,313.64,,15,535,,0,0.0
16725.0,1,0,111,14,1882.11,134.44,75.34,242,535,32.61538461538461,2,0.1429
13872.0,1,0,336,3,919.57,306.52,56.17,51,534,99.0,3,1.0
17075.0,0,1,62,9,2103.68,233.74,94.0,140,534,59.0,1,0.1111
12926.0,1,0,220,4,1548.46,387.11,141.92,202,534,104.66666666666667,0,0.0
17866.0,0,1,293,2,805.3,402.65,358.01,15,534,241.0,0,0.0
16858.0,1,0,177,10,4668.28,466.83,262.12,75,533,39.55555555555556,6,0.6
14607.0,0,13,70,9,8063.13,895.9,665.59,76,533,57.875,2,0.2222
18220.0,1,0,35,6,1921.76,320.29,45.42,17,533,99.6,5,0.8333
17625.0,0,3,66,5,4570.48,914.1,450.61,343,533,116.75,0,0.0
15812.0,0,3,63,9,4165.09,462.79,354.77,57,533,58.75,1,0.1111
18260.0,0,1,14,22,9534.98,433.41,220.97,205,533,24.714285714285715,9,0.4091
15393.0,0,1,90,4,783.58,195.9,72.38,35,533,147.66666666666666,0,0.0
14460.0,0,2,119,7,689.16,98.45,59.4,23,533,69.0,3,0.4286
17677.0,0,17,21,35,26592.61,759.79,679.1,279,532,15.029411764705882,30,0.8571
16197.0,1,0,278,9,2016.71,224.08,170.18,52,532,31.75,0,0.0
13289.0,1,0,532,1,307.95,307.95,,16,532,,0,0.0
17091.0,0,5,49,13,5377.06,413.62,135.24,210,532,40.25,4,0.3077
13008.0,1,0,132,3,612.13,204.04,22.11,31,532,200.0,4,1.3333
16862.0,1,0,356,4,662.33,165.58,95.15,34,510,51.333333333333336,0,0.0
14045.0,0,1,146,15,10905.03,727.0,607.04,16,509,25.928571428571427,3,0.2
13360.0,1,0,240,4,1553.65,388.41,287.08,58,509,89.66666666666667,3,0.75
16103.0,0,3,35,18,5296.53,294.25,62.01,101,509,27.88235294117647,5,0.2778
15607.0,1,0,145,9,1708.97,189.89,123.18,95,509,45.5,4,0.4444
14091.0,1,0,463,2,9530.08,4765.04,1067.67,13,507,44.0,0,0.0
17147.0,0,2,15,7,2458.47,351.21,148.99,74,506,81.83333333333333,7,1.0
17529.0,1,0,419,2,1240.25,620.13,336.79,78,506,87.0,0,0.0
14441.0,0,2,64,8,3255.64,406.96,163.16,76,499,62.142857142857146,5,0.625
15697.0,1,0,498,1,246.75,246.75,,14,498,,0,0.0
17769.0,0,8,87,9,3989.86,443.32,215.05,242,498,51.375,2,0.2222
16087.0,1,0,198,5,1739.92,347.98,39.76,6,498,75.0,0,0.0
13315.0,1,0,498,1,310.26,310.26,,22,498,,0,0.0
17307.0,1,0,204,11,3999.89,363.63,332.8,22,498,29.4,4,0.3636
13027.0,0,3,42,16,14263.2,891.45,563.43,7,497,30.333333333333332,4,0.25
16727.0,1,0,173,4,1437.42,359.35,131.59,158,497,108.0,0,0.0
14376.0,1,0,492,1,215.46,215.46,,17,492,,0,0.0
16481.0,1,0,491,1,453.38,453.38,,16,491,,2,2.0
15943.0,1,0,458,2,271.29,135.65,14.06,12,486,28.0,0,0.0
16955.0,0,1,145,5,1145.72,229.14,109.52,29,486,85.25,3,0.6
14481.0,0,1,96,4,1977.84,494.46,204.58,106,486,130.0,1,0.25
15416.0,0,2,48,5,2862.93,572.59,556.19,123,485,109.25,1,0.2
15803.0,0,1,254,3,1513.84,504.61,101.41,42,485,115.5,0,0.0
14562.0,0,12,41,11,2570.73,233.7,136.2,157,479,43.8,0,0.0
16212.0,0,1,92,3,1101.52,367.17,120.5,61,479,193.5,1,0.3333
13304.0,1,0,160,4,1217.99,304.5,4.16,59,478,106.0,3,0.75
13976.0,1,0,15,4,1192.36,298.09,43.85,49,477,154.0,0,0.0
18058.0,1,0,350,2,603.9,301.95,1.06,11,476,126.0,0,0.0
17575.0,1,0,476,1,171.7,171.7,,5,476,,0,0.0
14190.0,1,0,475,1,79.9,79.9,,1,475,,0,0.0
15244.0,0,1,57,2,578.45,289.23,12.32,28,475,418.0,1,0.5
16553.0,0,3,14,30,15655.37,521.85,224.08,191,475,15.89655172413793,3,0.1
15372.0,0,1,259,7,4009.66,572.81,487.87,19,472,35.5,2,0.2857
18006.0,0,1,190,3,553.18,184.39,107.37,36,531,170.5,0,0.0
16296.0,1,0,435,4,1313.67,328.42,31.78,56,530,31.666666666666668,2,0.5
17028.0,1,0,390,3,1593.83,531.28,427.1,85,530,70.0,0,0.0
18252.0,0,2,357,5,1015.42,203.08,116.76,35,530,43.25,1,0.2
13871.0,0,8,15,9,3878.33,430.93,116.48,106,528,64.125,3,0.3333
17182.0,1,0,231,2,321.3,160.65,25.24,4,527,296.0,0,0.0
13287.0,1,0,412,3,781.59,260.53,36.23,46,513,50.5,4,1.3333
16792.0,1,0,91,5,623.46,124.69,75.29,90,513,105.5,0,0.0
17807.0,1,0,204,3,437.87,145.96,39.77,88,513,154.5,0,0.0
14839.0,1,0,227,3,915.28,305.09,120.52,61,513,143.0,0,0.0
15521.0,0,4,21,12,5774.27,481.19,129.52,177,512,44.63636363636363,4,0.3333
14969.0,1,0,512,1,906.23,906.23,,13,512,,0,0.0
13610.0,0,5,52,9,1393.72,154.86,84.01,204,512,57.5,2,0.2222
14954.0,0,1,512,1,167.27,167.27,,41,512,,0,0.0
17362.0,1,0,48,7,1024.04,146.29,25.51,99,511,77.16666666666667,1,0.1429
17941.0,0,1,399,3,1128.72,376.24,60.92,3,511,56.0,0,0.0
15299.0,0,3,72,7,5919.54,845.65,557.85,6,505,72.16666666666667,3,0.4286
14225.0,1,0,243,4,2037.02,509.26,133.73,70,505,87.33333333333333,1,0.25
14423.0,1,0,27,3,916.61,305.54,88.12,12,503,238.0,1,0.3333
16524.0,1,0,255,2,308.14,154.07,74.63,50,500,245.0,0,0.0
17335.0,1,0,192,2,508.0,254.0,140.33,34,493,301.0,0,0.0
17780.0,1,0,476,3,352.91,117.64,58.44,76,493,8.5,0,0.0
14870.0,1,0,70,6,1838.95,306.49,122.35,43,492,84.4,3,0.5
16004.0,1,0,283,5,2146.39,429.28,347.99,63,492,52.25,0,0.0
14279.0,1,0,329,2,191.86,95.93,20.61,3,490,161.0,0,0.0
15544.0,0,4,20,15,6375.19,425.01,112.97,147,489,33.5,4,0.2667
13583.0,0,1,488,1,664.0,664.0,,43,488,,0,0.0
14249.0,1,0,219,12,5625.46,468.79,439.43,178,488,24.454545454545453,0,0.0
16300.0,1,0,239,3,1392.43,464.14,57.29,190,484,122.5,0,0.0
17092.0,0,3,86,8,3952.08,494.01,412.47,201,484,56.857142857142854,3,0.375
15091.0,0,1,483,2,565.9,282.95,63.71,27,483,0.0,2,1.0
16928.0,0,11,24,18,2215.74,123.1,86.95,122,483,27.0,3,0.1667
16147.0,0,1,209,4,2023.91,505.98,284.12,101,481,90.66666666666667,2,0.5
13700.0,0,5,49,8,1292.0,161.5,120.23,112,479,61.42857142857143,1,0.125
15422.0,1,0,132,7,1619.97,231.42,169.96,80,479,57.833333333333336,1,0.1429
17136.0,1,0,471,1,231.68,231.68,,14,471,,0,0.0
14369.0,1,0,451,2,469.13,234.56,91.75,24,470,19.0,0,0.0
13407.0,1,0,387,3,2244.7,748.23,663.73,85,470,41.5,3,1.0
17171.0,1,0,98,2,384.59,192.3,46.12,25,470,372.0,0,0.0
14639.0,0,4,100,5,3229.6,645.92,70.64,133,470,92.5,2,0.4
17789.0,1,0,90,2,397.15,198.58,38.64,27,470,380.0,0,0.0
13604.0,1,0,467,1,717.62,717.62,,21,467,,1,1.0
13340.0,0,6,85,6,15042.11,2507.02,1276.61,116,464,75.8,0,0.0
14726.0,1,0,463,1,124.75,124.75,,15,463,,0,0.0
16208.0,0,1,98,9,3273.78,363.75,146.69,164,462,45.5,0,0.0
13944.0,1,0,462,1,200.43,200.43,,35,462,,0,0.0
13010.0,1,0,183,2,330.12,165.06,17.06,10,457,274.0,0,0.0
14131.0,1,0,457,1,187.87,187.87,,45,457,,0,0.0
17305.0,1,0,457,1,2135.46,2135.46,,9,457,,0,0.0
16731.0,1,0,457,1,174.05,174.05,,40,457,,0,0.0
16520.0,0,1,48,5,2058.97,411.79,151.7,223,456,102.0,1,0.2
14097.0,1,0,290,2,422.86,211.43,112.33,39,454,164.0,0,0.0
13879.0,1,0,454,1,395.5,395.5,,25,454,,0,0.0
14186.0,1,0,236,5,1550.63,310.13,109.24,75,453,54.25,0,0.0
14852.0,0,5,61,13,3800.89,292.38,188.07,92,453,32.666666666666664,3,0.2308
13508.0,1,0,52,2,287.05,143.52,46.04,27,451,399.0,0,0.0
17589.0,0,3,49,15,12236.47,815.76,534.28,543,451,28.714285714285715,3,0.2
17298.0,0,2,183,3,459.14,153.05,59.48,38,450,133.5,1,0.3333
17025.0,0,1,182,4,1313.84,328.46,361.69,28,450,89.33333333333333,0,0.0
17438.0,1,0,62,5,1422.77,284.55,157.63,49,450,97.0,1,0.2
15722.0,0,4,99,7,3359.59,479.94,365.19,76,449,58.333333333333336,3,0.4286
16707.0,1,0,209,4,551.11,137.78,65.84,64,449,80.0,0,0.0
14676.0,0,3,16,9,6957.07,773.01,948.45,66,448,54.0,4,0.4444
16846.0,0,1,386,2,628.09,314.04,59.14,36,448,62.0,0,0.0
16347.0,0,1,197,9,2621.76,291.31,166.21,167,446,31.125,2,0.2222
18149.0,0,1,24,6,1562.31,260.39,67.75,54,444,84.0,0,0.0
15123.0,1,0,15,4,3526.33,881.58,474.51,113,442,142.33333333333334,0,0.0
14873.0,1,0,19,2,854.13,427.07,130.98,48,442,423.0,0,0.0
17933.0,1,0,441,1,114.69,114.69,,12,441,,0,0.0
18131.0,1,0,440,1,222.96,222.96,,4,440,,0,0.0
16571.0,0,2,90,8,3263.73,407.97,229.55,118,440,50.0,5,0.625
17349.0,0,1,189,4,741.5,185.37,88.87,66,440,83.66666666666667,0,0.0
17838.0,0,2,101,11,5631.3,511.94,362.86,111,439,33.8,1,0.0909
17738.0,0,3,91,10,3084.43,308.44,224.35,139,439,38.666666666666664,1,0.1
18078.0,1,0,26,4,844.6,211.15,111.5,65,437,137.0,0,0.0
13357.0,1,0,66,5,3838.36,767.67,532.42,284,436,92.5,0,0.0
14355.0,1,0,174,3,1014.45,338.15,33.0,57,436,131.0,0,0.0
14762.0,1,0,72,2,417.57,208.78,129.73,28,435,363.0,0,0.0
13969.0,0,10,27,23,5819.01,253.0,164.81,304,433,18.454545454545453,2,0.087
13705.0,0,1,182,5,1641.61,328.32,181.7,43,433,62.75,0,0.0
18166.0,1,0,432,1,175.5,175.5,,10,432,,0,0.0
15552.0,1,0,26,2,252.52,126.26,51.11,29,432,406.0,0,0.0
15848.0,1,0,430,1,139.94,139.94,,34,430,,0,0.0
15068.0,0,1,65,3,863.45,287.82,47.46,139,430,182.5,0,0.0
15570.0,0,2,15,21,7670.94,365.28,258.02,392,430,20.75,2,0.0952
16570.0,0,7,14,13,5169.14,397.63,221.98,97,428,34.5,8,0.6154
17676.0,0,4,175,5,1678.86,335.77,171.88,57,428,63.25,2,0.4
17217.0,1,0,43,2,218.0,109.0,6.36,27,428,385.0,0,0.0
14235.0,0,3,35,6,2837.68,472.95,287.84,89,428,78.6,0,0.0
14492.0,1,0,239,7,1921.91,274.56,121.46,70,428,31.5,3,0.4286
14882.0,0,2,199,12,3038.45,253.2,220.46,31,428,20.818181818181817,1,0.0833
16658.0,1,0,177,6,814.07,135.68,80.49,49,428,50.2,3,0.5
15792.0,1,0,208,2,933.84,466.92,14.03,57,427,219.0,0,0.0
13219.0,1,0,427,1,76.23,76.23,,11,427,,0,0.0
14835.0,1,0,337,2,297.0,148.5,42.0,1,426,89.0,1,0.5
15215.0,0,3,202,4,1687.49,421.87,301.68,59,421,73.0,3,0.75
14855.0,0,2,283,5,5874.65,1174.93,1270.9,156,419,34.0,0,0.0
14918.0,0,2,213,7,4345.66,620.81,314.77,64,419,34.333333333333336,0,0.0
17110.0,0,1,329,2,347.4,173.7,33.09,32,419,90.0,0,0.0
15331.0,1,0,308,3,767.91,255.97,193.37,41,418,55.0,1,0.3333
17221.0,0,1,400,3,643.39,214.46,152.69,58,416,8.0,0,0.0
12943.0,1,0,367,2,496.5,248.25,95.6,22,414,47.0,2,1.0
14624.0,0,2,224,4,588.22,147.06,74.31,30,413,63.0,0,0.0
13878.0,0,1,356,3,1191.53,397.18,233.88,59,413,28.5,0,0.0
17678.0,1,0,72,2,599.76,299.88,2.5,27,412,340.0,1,0.5
13734.0,1,0,317,4,6701.64,1675.41,1532.02,24,411,31.333333333333332,2,0.5
14907.0,0,3,169,12,3625.38,302.12,331.59,82,411,22.0,5,0.4167
18095.0,1,0,121,5,2303.09,460.62,322.79,37,408,71.75,0,0.0
14372.0,1,0,252,2,860.08,430.04,226.71,36,408,156.0,1,0.5
16864.0,1,0,243,2,409.25,204.63,131.39,17,407,164.0,0,0.0
18062.0,0,1,29,5,1398.07,279.61,95.96,43,406,94.25,3,0.6
13963.0,1,0,117,17,3011.87,177.17,94.78,129,406,18.0625,1,0.0588
17729.0,1,0,405,1,438.65,438.65,,23,405,,0,0.0
18091.0,1,0,402,1,360.85,360.85,,25,402,,0,0.0
12925.0,0,1,401,1,35.28,35.28,,5,401,,0,0.0
16623.0,1,0,54,4,1015.24,253.81,96.68,44,401,115.66666666666667,1,0.25
16543.0,1,0,400,1,292.21,292.21,,18,400,,1,1.0
15445.0,1,0,73,2,284.5,142.25,40.66,12,399,326.0,0,0.0
18111.0,1,0,398,1,405.85,405.85,,27,398,,1,1.0
17771.0,0,1,132,3,257.4,85.8,60.65,36,398,133.0,0,0.0
15180.0,1,0,176,3,904.43,301.48,140.58,46,398,111.0,0,0.0
18141.0,1,0,210,2,882.47,441.23,24.09,38,398,188.0,2,1.0
14683.0,1,0,397,1,146.56,146.56,,21,397,,0,0.0
15229.0,1,0,395,1,160.5,160.5,,9,395,,0,0.0
14025.0,1,0,273,8,4057.9,507.24,354.04,60,392,17.0,2,0.25
12958.0,1,0,209,2,539.49,269.75,145.46,45,392,183.0,0,0.0
17199.0,1,0,391,1,145.12,145.12,,8,391,,0,0.0
14814.0,1,0,390,1,160.46,160.46,,28,390,,0,0.0
17031.0,0,1,187,4,2393.5,598.38,840.96,22,390,67.66666666666667,0,0.0
14678.0,1,0,388,1,403.39,403.39,,24,388,,1,1.0
17579.0,0,2,387,1,304.38,304.38,,43,387,,0,0.0
14588.0,1,0,387,1,135.39,135.39,,16,387,,0,0.0
13296.0,0,1,232,5,705.11,141.02,22.07,46,386,38.5,0,0.0
13103.0,0,1,246,2,465.7,232.85,154.87,21,386,140.0,0,0.0
15470.0,1,0,384,1,63.42,63.42,,4,384,,0,0.0
12923.0,0,1,199,2,612.9,306.45,169.35,28,384,185.0,0,0.0
15478.0,0,2,384,1,583.56,583.56,,24,384,,0,0.0
18258.0,1,0,273,6,2059.67,343.28,239.17,30,381,21.6,2,0.3333
13719.0,0,3,14,8,2112.31,264.04,163.48,159,380,52.285714285714285,0,0.0
14598.0,0,1,378,1,162.07,162.07,,40,378,,1,1.0
14010.0,1,0,374,2,445.15,222.58,181.76,20,374,0.0,1,0.5
14168.0,1,0,229,2,370.45,185.23,166.49,11,373,144.0,1,0.5
16229.0,0,1,21,5,2215.46,443.09,185.81,120,373,88.0,1,0.2
14993.0,1,0,372,1,36.13,36.13,,9,372,,0,0.0
17694.0,0,1,320,2,1412.85,706.43,135.14,45,371,51.0,0,0.0
17179.0,0,1,41,5,1283.78,256.76,53.95,69,371,82.5,0,0.0
16715.0,0,1,371,1,323.8,323.8,,9,371,,0,0.0
16101.0,0,1,243,3,1938.46,646.15,229.02,94,370,63.5,1,0.3333
18038.0,1,0,365,1,149.41,149.41,,25,365,,0,0.0
17745.0,1,0,286,2,600.34,300.17,267.37,27,364,78.0,0,0.0
15714.0,0,1,262,3,453.93,151.31,119.02,14,364,51.0,0,0.0
18206.0,1,0,362,1,314.66,314.66,,19,362,,0,0.0
13699.0,0,1,359,1,455.57,455.57,,23,359,,1,1.0
15720.0,0,1,359,1,143.19,143.19,,25,359,,0,0.0
17869.0,0,2,24,5,918.94,183.79,161.34,65,356,83.0,0,0.0
15757.0,0,1,26,5,2487.3,497.46,304.59,140,356,82.5,0,0.0
13438.0,1,0,356,1,46.5,46.5,,1,356,,0,0.0
15102.0,1,0,339,2,554.67,277.33,111.09,26,355,16.0,0,0.0
13559.0,1,0,321,2,990.0,495.0,233.35,1,352,31.0,0,0.0
15432.0,0,1,350,1,149.57,149.57,,6,350,,2,2.0
17401.0,1,0,350,1,114.85,114.85,,11,350,,0,0.0
13112.0,1,0,350,1,20.6,20.6,,2,350,,2,2.0
12746.0,1,0,349,1,254.55,254.55,,17,349,,2,2.0
17692.0,0,1,35,11,2858.32,259.85,109.81,88,349,31.4,2,0.1818
18128.0,1,0,346,1,420.04,420.04,,42,346,,0,0.0
16062.0,0,1,50,6,2288.01,381.33,287.37,115,345,59.0,0,0.0
15991.0,1,0,343,1,150.55,150.55,,6,343,,0,0.0
15629.0,1,0,259,4,2240.9,560.22,474.82,39,341,27.333333333333332,0,0.0
14326.0,1,0,51,3,940.98,313.66,133.02,54,341,145.0,1,0.3333
13129.0,1,0,261,2,233.25,116.63,11.14,10,338,77.0,0,0.0
14020.0,0,2,285,2,606.21,303.11,2.23,29,338,53.0,1,0.5
13109.0,0,2,360,1,347.49,347.49,,23,360,,1,1.0
15888.0,0,1,209,2,260.85,130.43,68.84,24,335,126.0,0,0.0
17651.0,0,9,307,6,1758.52,293.09,108.38,84,335,5.6,2,0.3333
13029.0,0,2,162,3,1062.3,354.1,25.8,6,332,85.0,0,0.0
17376.0,0,1,120,3,356.29,118.76,19.55,37,331,105.5,0,0.0
16649.0,1,0,329,1,306.58,306.58,,20,329,,0,0.0
14610.0,1,0,204,2,24.35,12.18,1.8,10,323,119.0,0,0.0
17714.0,1,0,129,5,1410.18,282.04,108.23,69,322,48.25,4,0.8
16172.0,0,4,50,4,943.72,235.93,172.99,54,322,90.66666666666667,0,0.0
13959.0,0,1,90,5,815.42,163.08,96.92,75,320,57.5,0,0.0
14674.0,1,0,318,1,173.66,173.66,,14,318,,0,0.0
14599.0,1,0,199,2,474.54,237.27,73.02,77,318,119.0,0,0.0
13509.0,0,3,63,4,785.02,196.26,86.48,23,316,84.33333333333333,0,0.0
15617.0,1,0,205,3,828.55,276.18,215.37,41,316,55.5,0,0.0
13913.0,1,0,315,1,42.22,42.22,,3,315,,0,0.0
15378.0,1,0,271,2,246.5,123.25,18.74,8,310,39.0,0,0.0
17224.0,1,0,310,1,100.86,100.86,,8,310,,0,0.0
15142.0,0,1,219,5,2121.18,424.24,270.23,97,309,22.5,1,0.2
18264.0,1,0,307,1,603.25,603.25,,36,307,,0,0.0
13766.0,1,0,304,1,190.35,190.35,,16,304,,0,0.0
13090.0,0,6,47,17,8303.87,488.46,368.65,112,303,16.0,4,0.2353
16440.0,0,3,23,2,488.76,244.38,39.71,58,302,279.0,0,0.0
18154.0,0,1,197,3,533.41,177.8,76.46,22,299,51.0,0,0.0
15595.0,1,0,296,1,357.6,357.6,,4,296,,0,0.0
14053.0,0,2,206,2,312.05,156.03,20.9,3,295,89.0,0,0.0
14144.0,1,0,295,1,30.6,30.6,,1,295,,0,0.0
15837.0,0,1,294,1,385.03,385.03,,28,294,,0,0.0
12959.0,1,0,293,1,150.95,150.95,,8,293,,1,1.0
17300.0,1,0,199,2,393.64,196.82,58.01,37,290,91.0,0,0.0
16043.0,0,1,20,7,1759.09,251.3,162.45,48,290,45.0,0,0.0
16468.0,0,1,279,2,712.62,356.31,360.21,37,290,11.0,0,0.0
14183.0,1,0,220,2,286.29,143.14,5.04,27,290,70.0,0,0.0
15154.0,0,1,287,2,1091.99,545.99,159.86,101,287,0.0,0,0.0
12851.0,0,1,286,1,148.95,148.95,,30,286,,0,0.0
16299.0,1,0,286,1,193.65,193.65,,12,286,,1,1.0
16294.0,1,0,285,1,126.05,126.05,,8,285,,0,0.0
17689.0,1,0,197,2,317.08,158.54,10.55,17,283,86.0,0,0.0
14565.0,0,2,14,3,2637.65,879.22,250.83,104,282,134.0,1,0.3333
14342.0,0,3,19,3,559.48,186.49,112.64,18,281,131.0,3,1.0
14544.0,0,1,170,2,2079.9,1039.95,115.92,111,279,109.0,0,0.0
16065.0,1,0,174,8,2382.62,297.83,246.58,214,272,14.0,2,0.25
15424.0,1,0,63,3,597.78,199.26,13.27,33,272,104.5,0,0.0
13032.0,0,2,201,7,1833.37,261.91,265.39,110,269,11.333333333333334,1,0.1429
15543.0,1,0,97,2,242.84,121.42,9.11,50,268,171.0,0,0.0
17366.0,1,0,241,2,1096.24,548.12,87.87,120,265,24.0,1,0.5
16799.0,1,0,241,2,495.98,247.99,1.13,81,262,21.0,1,0.5
17728.0,0,2,213,2,1362.75,681.38,436.74,79,262,49.0,1,0.5
15107.0,1,0,120,9,940.35,104.48,101.97,32,260,17.5,3,0.3333
14381.0,0,1,260,1,428.66,428.66,,56,260,,0,0.0
16371.0,1,0,257,1,157.2,157.2,,11,257,,0,0.0
17765.0,0,1,19,3,421.47,140.49,18.85,60,257,119.0,0,0.0
15026.0,0,1,49,4,823.39,205.85,126.59,83,257,69.33333333333333,0,0.0
13067.0,0,1,218,2,393.05,196.52,77.6,13,255,37.0,0,0.0
14212.0,0,1,254,1,1119.66,1119.66,,12,254,,0,0.0
14906.0,1,0,254,1,68.44,68.44,,1,254,,2,2.0
13375.0,0,1,253,1,1013.58,1013.58,,34,253,,0,0.0
15473.0,0,7,253,1,274.8,274.8,,3,253,,0,0.0
13689.0,0,1,253,1,349.5,349.5,,3,253,,0,0.0
14169.0,1,0,239,2,624.43,312.22,236.19,50,253,14.0,0,0.0
13205.0,1,0,252,1,2803.2,2803.2,,1,252,,0,0.0
17134.0,0,1,73,2,542.6,271.3,83.72,29,251,178.0,0,0.0
17919.0,0,1,247,1,536.28,536.28,,17,247,,0,0.0
13687.0,1,0,247,1,11880.84,11880.84,,45,247,,0,0.0
14597.0,0,1,188,4,1318.39,329.6,390.68,41,246,19.333333333333332,0,0.0
16237.0,1,0,246,1,136.65,136.65,,7,246,,0,0.0
16148.0,1,0,105,2,386.62,193.31,165.45,9,245,140.0,2,1.0
13257.0,1,0,245,1,149.75,149.75,,7,245,,2,2.0
13002.0,1,0,127,3,414.13,138.04,36.89,19,243,58.0,0,0.0
14392.0,1,0,241,1,266.4,266.4,,14,241,,0,0.0
14462.0,0,5,22,7,1222.19,174.6,127.02,136,241,36.5,3,0.4286
16817.0,0,2,27,10,2149.4,214.94,124.42,80,240,23.666666666666668,4,0.4
15159.0,0,16,19,15,8502.09,566.81,526.3,188,240,15.785714285714286,1,0.0667
17621.0,0,1,121,5,2697.0,539.4,460.37,52,240,29.75,1,0.2
17657.0,1,0,239,1,126.0,126.0,,7,239,,0,0.0
13055.0,0,2,22,2,1451.56,725.78,538.7,99,238,216.0,1,0.5
17008.0,1,0,238,1,81.36,81.36,,1,238,,0,0.0
13423.0,1,0,237,1,217.03,217.03,,12,237,,0,0.0
17249.0,1,0,237,1,68.03,68.03,,27,237,,0,0.0
14490.0,1,0,215,2,1273.47,636.74,225.79,72,237,22.0,0,0.0
16411.0,0,1,178,3,827.04,275.68,63.56,119,237,29.5,0,0.0
16111.0,1,0,237,1,562.48,562.48,,72,237,,0,0.0
17864.0,0,2,84,3,535.23,178.41,55.2,57,236,76.0,0,0.0
14263.0,1,0,232,1,322.93,322.93,,16,232,,0,0.0
16238.0,1,0,231,1,63.66,63.66,,6,231,,0,0.0
14956.0,1,0,230,1,1325.0,1325.0,,4,230,,0,0.0
17026.0,0,1,178,2,87.3,43.65,32.03,4,226,48.0,0,0.0
17219.0,0,1,225,1,144.9,144.9,,24,225,,0,0.0
17397.0,0,2,225,1,536.77,536.77,,44,225,,0,0.0
18066.0,0,1,195,2,1122.4,561.2,268.84,35,224,29.0,0,0.0
13166.0,1,0,92,2,884.18,442.09,35.2,55,223,131.0,1,0.5
12973.0,1,0,222,1,385.55,385.55,,6,222,,0,0.0
17435.0,1,0,220,1,331.35,331.35,,15,220,,0,0.0
15646.0,0,1,55,4,867.01,216.75,125.82,58,219,54.666666666666664,1,0.25
16639.0,0,1,15,3,961.62,320.54,164.11,48,218,101.5,0,0.0
17000.0,1,0,205,2,406.3,203.15,16.16,26,217,12.0,0,0.0
12608.0,1,0,213,1,415.79,415.79,,16,213,,0,0.0
18278.0,0,1,213,1,240.3,240.3,,15,213,,0,0.0
16178.0,0,1,210,1,414.7,414.7,,17,210,,0,0.0
17121.0,1,0,211,1,314.74,314.74,,12,211,,0,0.0
17977.0,0,1,209,1,1277.49,1277.49,,83,209,,1,1.0
16559.0,1,0,206,1,185.2,185.2,,17,206,,0,0.0
13967.0,0,1,205,1,85.6,85.6,,4,205,,0,0.0
16223.0,1,0,183,2,1102.35,551.18,64.51,101,204,21.0,0,0.0
14077.0,0,3,34,3,315.27,105.09,19.58,35,204,85.0,0,0.0
15529.0,0,4,19,8,3048.93,381.12,243.72,296,203,26.285714285714285,0,0.0
18280.0,1,0,86,2,488.15,244.08,89.77,28,203,117.0,1,0.5
16824.0,0,2,202,1,225.6,225.6,,13,202,,0,0.0
16284.0,0,2,202,1,205.8,205.8,,30,202,,0,0.0
12868.0,0,1,27,7,1999.0,285.57,109.91,82,201,29.0,0,0.0
17803.0,1,0,201,1,184.66,184.66,,27,201,,0,0.0
16687.0,1,0,199,1,157.63,157.63,,8,199,,0,0.0
14784.0,0,1,132,2,274.62,137.31,32.0,14,198,66.0,0,0.0
17418.0,0,1,132,2,373.99,187.0,27.73,24,196,64.0,0,0.0
17532.0,1,0,194,1,65.34,65.34,,4,194,,0,0.0
17269.0,1,0,194,1,537.46,537.46,,110,194,,0,0.0
16885.0,0,2,166,2,429.88,214.94,34.35,66,194,28.0,0,0.0
17386.0,0,5,194,1,126.35,126.35,,10,194,,0,0.0
12967.0,1,0,167,3,4306.92,1435.64,1229.79,47,192,12.5,1,0.3333
15155.0,1,0,192,1,383.97,383.97,,24,192,,0,0.0
15634.0,0,1,192,1,311.1,311.1,,19,192,,0,0.0
17870.0,0,10,175,2,1540.2,770.1,165.89,2,190,15.0,0,0.0
17570.0,1,0,190,1,100.0,100.0,,1,190,,1,1.0
18047.0,1,0,190,2,342.69,171.34,225.63,74,190,0.0,0,0.0
14458.0,1,0,189,1,237.42,237.42,,46,189,,0,0.0
16874.0,1,0,188,1,217.74,217.74,,31,188,,0,0.0
12996.0,1,0,184,1,355.5,355.5,,22,184,,0,0.0
16552.0,1,0,51,2,475.02,237.51,66.37,17,182,131.0,0,0.0
14589.0,1,0,180,1,79.5,79.5,,3,180,,0,0.0
15048.0,0,2,29,2,355.15,177.58,28.04,58,177,148.0,0,0.0
13270.0,1,0,175,1,1180.0,1180.0,,1,175,,0,0.0
15211.0,0,1,174,1,766.14,766.14,,23,174,,0,0.0
16665.0,1,0,171,1,135.4,135.4,,9,171,,0,0.0
17937.0,0,2,66,4,3327.48,831.87,385.19,19,171,35.0,0,0.0
13221.0,1,0,49,2,847.41,423.71,105.3,62,168,119.0,0,0.0
15139.0,1,0,48,2,178.96,89.48,46.13,13,145,97.0,0,0.0
14270.0,1,0,140,1,492.65,492.65,,29,140,,0,0.0
13284.0,1,0,139,1,201.19,201.19,,13,139,,1,1.0
14782.0,1,0,128,1,200.1,200.1,,6,128,,0,0.0
15415.0,1,0,122,1,572.81,572.81,,46,122,,0,0.0
17619.0,1,0,121,1,218.52,218.52,,71,121,,0,0.0
15226.0,1,0,119,1,154.41,154.41,,8,119,,0,0.0
14046.0,1,0,93,1,154.99,154.99,,14,93,,0,0.0
15733.0,1,0,91,1,162.3,162.3,,10,91,,0,0.0
16216.0,1,0,76,1,914.93,914.93,,37,76,,0,0.0
14041.0,1,0,75,1,141.41,141.41,,21,75,,0,0.0
16728.0,0,2,45,2,326.93,163.47,86.3,82,73,28.0,0,0.0
16997.0,1,0,97,3,702.0,234.0,156.0,7,134,18.5,0,0.0
15395.0,1,0,134,1,107.45,107.45,,7,134,,0,0.0
14438.0,1,0,115,1,131.9,131.9,,9,115,,0,0.0
17881.0,1,0,113,1,133.35,133.35,,8,113,,0,0.0
14760.0,1,0,106,1,89.2,89.2,,5,106,,1,1.0
18138.0,1,0,104,1,152.65,152.65,,8,104,,0,0.0
12852.0,1,0,103,1,311.55,311.55,,17,103,,1,1.0
13489.0,0,2,98,2,235.68,117.84,57.36,6,103,5.0,0,0.0
13951.0,0,1,45,2,516.05,258.02,64.3,32,103,58.0,0,0.0
14803.0,0,1,84,2,730.79,365.4,249.97,15,101,17.0,0,0.0
12988.0,1,0,101,1,535.32,535.32,,75,101,,0,0.0
18155.0,0,2,100,1,113.93,113.93,,8,100,,0,0.0
13038.0,0,2,99,1,395.1,395.1,,15,99,,0,0.0
18068.0,1,0,98,1,101.7,101.7,,1,98,,0,0.0
13630.0,0,4,54,2,730.92,365.46,93.79,43,94,40.0,1,0.5
13344.0,0,2,86,1,1656.15,1656.15,,68,86,,0,0.0
14730.0,0,4,41,3,555.6,185.2,82.85,80,85,22.0,0,0.0
14367.0,0,9,21,6,2829.11,471.52,373.82,134,85,12.8,2,0.3333
16572.0,0,2,84,1,342.58,342.58,,21,84,,0,0.0
15308.0,1,0,83,1,310.47,310.47,,19,83,,1,1.0
16778.0,0,1,83,1,93.18,93.18,,5,83,,0,0.0
15047.0,1,0,78,1,343.62,343.62,,22,78,,0,0.0
14223.0,0,2,73,1,304.9,304.9,,18,73,,1,1.0
14632.0,1,0,71,1,114.56,114.56,,8,71,,0,0.0
17733.0,0,1,70,1,216.95,216.95,,12,70,,0,0.0
13132.0,1,0,70,1,77.3,77.3,,3,70,,0,0.0
16022.0,1,0,69,1,628.28,628.28,,68,69,,0,0.0
16063.0,1,0,69,1,335.32,335.32,,23,69,,0,0.0
13743.0,0,4,26,2,353.16,176.58,49.3,7,68,42.0,0,0.0
14273.0,0,2,26,2,218.7,109.35,4.88,10,51,25.0,0,0.0
15414.0,0,1,51,1,36.2,36.2,,5,51,,0,0.0
14111.0,0,3,50,1,94.2,94.2,,2,50,,0,0.0
16097.0,1,0,49,1,185.05,185.05,,10,49,,0,0.0
15147.0,1,0,49,1,623.5,623.5,,28,49,,1,1.0
17704.0,0,1,48,1,387.29,387.29,,16,48,,0,0.0
17367.0,1,0,47,1,168.4,168.4,,33,47,,0,0.0
15436.0,0,2,43,1,489.05,489.05,,124,43,,0,0.0
17630.0,0,1,41,1,335.5,335.5,,19,41,,0,0.0
16750.0,0,4,41,1,118.7,118.7,,10,41,,0,0.0
16942.0,0,6,28,3,577.96,192.65,147.2,54,36,4.0,0,0.0
16965.0,1,0,35,1,201.19,201.19,,26,35,,0,0.0
13229.0,1,0,34,1,160.95,160.95,,10,34,,0,0.0
16370.0,0,3,34,1,275.54,275.54,,61,34,,0,0.0
14948.0,0,5,28,1,278.4,278.4,,13,28,,0,0.0
16644.0,0,1,21,1,722.41,722.41,,54,21,,0,0.0
15440.0,0,2,17,1,125.8,125.8,,20,17,,0,0.0
16877.0,0,5,17,1,77.75,77.75,,25,17,,0,0.0
