customer_id,churn,churn_probability,churn_prediction,segment_rfm,kmeans_cluster
16175.0,0,0.24234138254420276,0,Champions,0
17865.0,0,0.02682062652896457,0,Champions,3
15189.0,0,0.12966781529762042,0,Champions,3
14505.0,0,0.012615792052022531,0,Champions,3
13658.0,0,0.17226478793509017,0,Champions,3
12951.0,0,0.1373339183504823,0,Champions,3
18109.0,0,0.07274768708069708,0,Champions,3
17926.0,0,0.2769394294764574,0,Potentiellement Fidèles,2
17381.0,0,0.10982539129989816,0,Champions,3
16832.0,0,0.28229339291480676,0,Potentiellement Fidèles,0
16931.0,0,0.08821167800602375,0,Champions,3
16801.0,0,0.24150547010141935,0,Potentiellement Fidèles,0
15716.0,0,0.12340785678833963,0,Champions,3
16341.0,0,0.22934508256805256,0,Potentiellement Fidèles,3
13549.0,0,0.2556916725042525,0,Potentiellement Fidèles,0
14711.0,0,0.20368362181915067,0,Champions,0
13758.0,0,0.09181860822320277,0,Champions,3
16818.0,0,0.2612958187797646,0,Potentiellement Fidèles,0
15288.0,0,0.16430571600602065,0,Champions,3
13479.0,1,0.24683008740453355,0,Potentiellement Fidèles,0
12989.0,0,0.10446538370569812,0,Champions,3
16523.0,0,0.12212428267899902,0,Champions,3
14258.0,0,0.08530032883669622,0,Champions,3
15987.0,0,0.2470065438552267,0,Champions,0
16992.0,0,0.12198197786761399,0,Champions,3
17365.0,0,0.07420141349191631,0,Champions,3
18202.0,1,0.2691767801302921,0,Potentiellement Fidèles,0
17272.0,0,0.2540746822480259,0,Potentiellement Fidèles,0
16327.0,0,0.06907360848848086,0,Champions,3
14289.0,0,0.28577470547195505,0,Potentiellement Fidèles,0
16091.0,0,0.51878770577202,1,Nouveaux Clients,0
12747.0,0,0.10170484445690478,0,Champions,3
13728.0,0,0.14612374631636252,0,Champions,3
18229.0,0,0.13570221249201458,0,Champions,3
15882.0,1,0.19499267168322132,0,Champions,3
12839.0,0,0.10684549354995657,0,Champions,3
18226.0,0,0.061248891436788355,0,Champions,3
14522.0,0,0.24620167096754988,0,Champions,2
16092.0,0,0.22202561441792254,0,Champions,0
15249.0,0,0.10294025920038695,0,Champions,3
15104.0,1,0.27378353721525395,0,Potentiellement Fidèles,0
17152.0,1,0.2825344602673516,0,Potentiellement Fidèles,0
16746.0,0,0.025858960016120557,0,Champions,3
16168.0,0,0.030018181290673275,0,Champions,3
16013.0,0,0.020954961487521375,0,Champions,3
13070.0,1,0.2658828921252233,0,Potentiellement Fidèles,2
18231.0,1,0.046182713767692694,0,Champions,3
16023.0,0,0.27504062114995786,0,Potentiellement Fidèles,0
17238.0,0,0.03195138616859278,0,Champions,3
14040.0,0,0.03845139956267667,0,Champions,3
14341.0,0,0.12680420885186997,0,Champions,3
13097.0,0,0.04644417652257748,0,Champions,3
16887.0,0,0.5923355790401985,1,Sur le point de Partir,2
12836.0,0,0.09000712110036514,0,Champions,3
14865.0,1,0.5434832148975067,1,Besoin d'Attention,2
17246.0,1,0.7768961141382096,1,Perdus,2
14108.0,0,0.8786382584413888,1,Perdus,2
13648.0,1,0.3893601239909238,0,En danger,3
16202.0,1,0.3151980829786732,0,Fidèles,3
12980.0,0,0.14207181758953083,0,Champions,3
13269.0,0,0.08916440916954725,0,Champions,3
14653.0,0,0.29254396953505696,0,Fidèles,2
17019.0,1,0.10326436021997235,0,Champions,3
17476.0,1,0.5892711033582487,1,Sur le point de Partir,2
14440.0,0,0.2894976439662433,0,Fidèles,3
16711.0,0,0.3538832197995066,0,Fidèles,2
16126.0,0,0.2064512851574577,0,Fidèles,3
15917.0,1,0.22917137914117183,0,Champions,2
14080.0,0,0.4894430831463879,0,Sur le point de Partir,2
17660.0,0,0.9444407800068526,1,Perdus,2
12934.0,1,0.9513665536274117,1,Perdus,2
15291.0,0,0.07438612001737231,0,Champions,3
17322.0,1,0.37678581670107814,0,Fidèles,2
13416.0,0,0.9502111316322427,1,Perdus,2
13895.0,0,0.6833382139039796,1,Perdus,2
17293.0,0,0.2593543953739492,0,Fidèles,2
17329.0,0,0.36944221172908986,0,Besoin d'Attention,2
17414.0,0,0.5669996094350729,1,Sur le point de Partir,2
14755.0,0,0.08492564398036834,0,Champions,3
14710.0,0,0.2675351956413892,0,Fidèles,3
16791.0,0,0.0785206623894796,0,Champions,3
14713.0,0,0.10010890748452227,0,Champions,3
13154.0,1,0.48962300187289587,0,Sur le point de Partir,2
16335.0,1,0.5196075326743281,1,En danger,2
13666.0,0,0.3839602325932367,0,Besoin d'Attention,2
16891.0,0,0.2492462225561951,0,Fidèles,3
16699.0,1,0.4164718027707049,0,Fidèles,2
16451.0,0,0.7419804450877591,1,Perdus,2
15684.0,1,0.7188344704508851,1,En danger,2
15240.0,0,0.18438556240814463,0,Champions,3
15057.0,1,0.2991003440234819,0,Champions,2
17642.0,0,0.5562845061159107,1,Sur le point de Partir,2
15059.0,0,0.08515333371613325,0,Champions,3
13782.0,0,0.1647664053377126,0,Champions,3
16718.0,1,0.36165971746329584,0,Fidèles,2
14479.0,1,0.2519311029805261,0,Potentiellement Fidèles,2
14123.0,1,0.9449242929314603,1,Perdus,2
16436.0,1,0.8212319463997828,1,En danger,2
18077.0,0,0.16647819013020487,0,Champions,3
14307.0,0,0.16866482302033484,0,Champions,3
14590.0,1,0.28203071713270456,0,En danger,3
13393.0,1,0.7193564637543017,1,En danger,2
16400.0,0,0.30174845516922655,0,En danger,3
17978.0,1,0.44517873786246454,0,Besoin d'Attention,2
15031.0,0,0.15556066623749798,0,Champions,3
15633.0,1,0.49724622416004055,0,En danger,3
14732.0,0,0.13588676367512967,0,Champions,3
14171.0,0,0.9494495802437766,1,Perdus,2
16933.0,1,0.1461728128413791,0,Champions,3
15841.0,0,0.21867492492039292,0,Champions,2
14942.0,1,0.5307660062300551,1,Sur le point de Partir,2
16293.0,0,0.14848889947645752,0,Champions,3
15197.0,1,0.2891611035498317,0,Champions,2
13415.0,1,0.5640847819787369,1,En danger,2
15144.0,0,0.11619001441692457,0,Champions,3
12843.0,0,0.08962029463722497,0,Champions,3
16127.0,0,0.9428264557222407,1,Perdus,2
17066.0,1,0.9457542318839987,1,Perdus,2
17290.0,0,0.3976556588756066,0,Fidèles,2
15562.0,1,0.4875555507966269,0,Besoin d'Attention,2
14466.0,0,0.2488764998675628,0,Champions,2
14977.0,1,0.9491779078372365,1,Perdus,2
17825.0,1,0.7646330439028589,1,En danger,2
12920.0,0,0.7466103307283457,1,En danger,2
16713.0,0,0.034217975636364056,0,Champions,3
12941.0,1,0.9421876508894798,1,Perdus,2
15070.0,1,0.5141391995692897,1,Besoin d'Attention,2
16308.0,0,0.2773534898669705,0,Champions,2
15713.0,0,0.47628590268490245,0,Besoin d'Attention,2
16366.0,0,0.73837227185851,1,En danger,2
15499.0,1,0.9408142232623103,1,Perdus,2
18012.0,1,0.9464557920698226,1,Perdus,2
13403.0,0,0.6314774480960627,1,Sur le point de Partir,2
17833.0,1,0.9419477694888048,1,Perdus,2
15222.0,1,0.2504692511371621,0,Fidèles,3
14329.0,0,0.12421861939374745,0,Champions,3
16888.0,1,0.5361730548712397,1,Sur le point de Partir,2
16057.0,0,0.1726402845292431,0,Champions,3
15827.0,0,0.10869015891452181,0,Champions,3
16027.0,0,0.20263292477527237,0,Champions,3
17113.0,1,0.6338107594918643,1,En danger,2
17139.0,0,0.05124829263916821,0,Champions,3
15747.0,0,0.39781631468346756,0,Fidèles,2
17048.0,0,0.2738167588846031,0,Champions,3
17220.0,0,0.08110747529155646,0,Champions,3
13650.0,0,0.1931471236964759,0,Champions,3
15950.0,0,0.25797130393654155,0,Fidèles,3
15845.0,0,0.21110450761920765,0,Champions,3
15766.0,0,0.6664523005240505,1,Sur le point de Partir,2
16051.0,1,0.9335185279259329,1,Perdus,2
18016.0,0,0.36991031545882674,0,Fidèles,2
15588.0,1,0.9307696500766843,1,Perdus,2
15338.0,1,0.9202031775420135,1,Perdus,2
15317.0,1,0.9254238744762143,1,Perdus,2
13511.0,1,0.9236390789008767,1,Perdus,2
13584.0,1,0.3764049175173818,0,Besoin d'Attention,2
16225.0,0,0.17859906332050218,0,Champions,3
16078.0,1,0.4831957739329262,0,Potentiellement Fidèles,2
13293.0,1,0.45154071075788454,0,En danger,2
13985.0,0,0.17693594538098897,0,Champions,3
16577.0,1,0.9238516994169929,1,Perdus,2
15504.0,0,0.6813947927044428,1,En danger,2
13875.0,0,0.17258688328099261,0,Champions,3
17103.0,1,0.9402293540874171,1,Perdus,2
15270.0,0,0.14691132153496325,0,Champions,3
16772.0,1,0.5218268664384976,1,Sur le point de Partir,2
16222.0,1,0.43649947222968105,0,Besoin d'Attention,2
14949.0,1,0.6101093944694526,1,En danger,2
17324.0,0,0.2906252587462898,0,Fidèles,2
14480.0,1,0.5235799203872238,1,Sur le point de Partir,2
14151.0,1,0.8216522135111168,1,Perdus,2
16875.0,0,0.235328238176564,0,Fidèles,3
13901.0,0,0.14584917359147812,0,Champions,3
18171.0,0,0.24493078198220528,0,Champions,2
13338.0,0,0.6144187142698343,1,En danger,2
17945.0,1,0.8282758208891439,1,En danger,2
17352.0,1,0.9409318523225584,1,Perdus,2
16585.0,1,0.7980110692770344,1,Perdus,2
17496.0,1,0.4263925576469485,0,Fidèles,2
13233.0,0,0.44205519846246766,0,Besoin d'Attention,2
15359.0,1,0.7998240139971432,1,En danger,2
18106.0,1,0.30530330556772944,0,Fidèles,2
12860.0,1,0.9375479969187479,1,Perdus,2
13869.0,0,0.07293892914508307,0,Champions,3
13616.0,1,0.7677191281373801,1,Perdus,2
14854.0,0,0.19104341585791942,0,Champions,3
17618.0,1,0.1406291722452888,0,Champions,3
13209.0,0,0.16181149556621016,0,Champions,3
14986.0,1,0.5337332726419073,1,Besoin d'Attention,2
18199.0,1,0.9217558758172097,1,Perdus,2
17695.0,0,0.532705265258497,1,Sur le point de Partir,2
13820.0,1,0.5153669166224617,1,Sur le point de Partir,2
13615.0,1,0.1770490135538152,0,Fidèles,3
15192.0,0,0.49218568713983585,0,Besoin d'Attention,2
13480.0,1,0.6271729547543945,1,Sur le point de Partir,2
15251.0,0,0.1320401980368566,0,Champions,3
16673.0,1,0.9312068009840081,1,Perdus,2
17876.0,1,0.5662094309187646,1,Sur le point de Partir,2
13975.0,0,0.08065784981175511,0,Champions,3
15321.0,0,0.17232840768870428,0,Fidèles,3
14399.0,1,0.36226540150466807,0,En danger,2
18101.0,0,0.4837325761400509,0,Besoin d'Attention,2
13619.0,1,0.7389074923382147,1,Perdus,2
14545.0,1,0.9270777176873891,1,Perdus,2
15365.0,0,0.31436659619248186,0,Fidèles,2
15580.0,1,0.3127478824114676,0,Fidèles,3
13421.0,0,0.22351066625383403,0,Fidèles,3
14909.0,1,0.5475638491514166,1,Sur le point de Partir,2
16330.0,0,0.518873473995167,1,En danger,2
16544.0,1,0.6812557860663372,1,En danger,2
16860.0,1,0.5885802137758985,1,Sur le point de Partir,2
17442.0,0,0.14225413837578693,0,Champions,3
14989.0,1,0.9236267329046046,1,Perdus,2
16774.0,0,0.5208736435261888,1,En danger,2
14276.0,0,0.3162447358504172,0,Fidèles,3
17426.0,0,0.21327734343706967,0,Champions,3
12898.0,1,0.6707166803583423,1,Sur le point de Partir,2
17763.0,1,0.3526843568350287,0,Champions,2
18153.0,1,0.9240315307377304,1,Perdus,2
14686.0,1,0.3762225533696944,0,En danger,2
13957.0,1,0.5761134658102047,1,Sur le point de Partir,2
13662.0,0,0.16062130778082978,0,Champions,3
12945.0,1,0.46079568960888895,0,Besoin d'Attention,2
15673.0,0,0.15804739034113055,0,Champions,3
17358.0,1,0.29064685490267644,0,Fidèles,2
13240.0,0,0.2158072805754339,0,Champions,3
14770.0,1,0.16786064779789958,0,Champions,3
17011.0,0,0.821671961981762,1,Perdus,2
13598.0,0,0.6315178184648913,1,En danger,2
14177.0,0,0.34723691571297227,0,Fidèles,2
16913.0,1,0.42062255219932465,0,Besoin d'Attention,2
15477.0,1,0.923044591541536,1,Perdus,2
14807.0,1,0.5902559306503754,1,Sur le point de Partir,2
18046.0,1,0.918278943889074,1,Perdus,2
15990.0,0,0.27940883268558336,0,Fidèles,2
16939.0,1,0.6456349230631659,1,En danger,2
16283.0,0,0.11360293806075544,0,Champions,3
14798.0,0,0.3642126946182657,0,Fidèles,2
17359.0,1,0.9190370738709387,1,Perdus,2
14818.0,0,0.303867840643108,0,Champions,2
16947.0,1,0.2632950197370843,0,Champions,3
18148.0,1,0.9224526241279595,1,Perdus,2
14018.0,1,0.9185279266701105,1,Perdus,2
17190.0,0,0.17170182535835662,0,Champions,3
14205.0,0,0.2447698781883319,0,Champions,3
17158.0,0,0.2698285724330308,0,Champions,2
17289.0,0,0.35956586926986384,0,Fidèles,2
13454.0,1,0.915567888614972,1,Perdus,2
17266.0,0,0.6896224172891671,1,Perdus,2
14924.0,1,0.3439518577168316,0,Potentiellement Fidèles,2
14060.0,0,0.11287611929270298,0,Champions,3
14745.0,0,0.2912139675698161,0,Fidèles,3
17228.0,0,0.15323124899458448,0,Champions,3
14315.0,0,0.3482671378529527,0,Potentiellement Fidèles,2
17479.0,1,0.9114658553839567,1,Perdus,2
13275.0,1,0.5709045303107897,1,Besoin d'Attention,2
14651.0,0,0.13959661048800232,0,Champions,3
16303.0,0,0.3427513153982616,0,Fidèles,2
16716.0,1,0.3963666814701994,0,Potentiellement Fidèles,2
17673.0,0,0.1746934139690213,0,Champions,3
18085.0,1,0.41002943880168885,0,Fidèles,2
16039.0,1,0.6139093514724341,1,Sur le point de Partir,2
13151.0,1,0.3099255784559228,0,Besoin d'Attention,2
16441.0,0,0.34338109936443584,0,Fidèles,2
13706.0,1,0.4813002580553327,0,Besoin d'Attention,2
12918.0,1,0.6666544150208968,1,Perdus,3
14729.0,1,0.43219732133854427,0,Besoin d'Attention,2
15447.0,1,0.4049300380865773,0,Fidèles,2
13285.0,0,0.23401565399677854,0,Champions,2
14013.0,0,0.37763997969016705,0,Potentiellement Fidèles,2
15789.0,1,0.35205465638294137,0,Fidèles,2
16493.0,0,0.32888799026241494,0,Fidèles,2
14074.0,1,0.9129779177948409,1,Perdus,2
16807.0,0,0.21092884358125977,0,Champions,3
15289.0,0,0.3322693325335277,0,Potentiellement Fidèles,2
14378.0,1,0.9121698341049991,1,Perdus,2
17994.0,0,0.16679057755470922,0,Champions,3
15216.0,0,0.9039652460327166,1,Perdus,2
13803.0,1,0.3159308192265881,0,Potentiellement Fidèles,2
13059.0,1,0.16884785901615437,0,Champions,3
16845.0,1,0.9061435317286274,1,Perdus,2
16377.0,1,0.45971582199492883,0,Potentiellement Fidèles,2
13939.0,0,0.34531140527565435,0,Fidèles,2
13710.0,0,0.6420551355648123,1,Sur le point de Partir,2
13432.0,1,0.7079638340500547,1,Perdus,2
13632.0,0,0.2224223026028878,0,Champions,2
17497.0,1,0.6087874887109312,1,Sur le point de Partir,2
14533.0,0,0.4172800368849944,0,Fidèles,2
15613.0,1,0.8979818904157479,1,Perdus,2
14114.0,1,0.2715198236864507,0,Champions,0
15982.0,1,0.8905207971897801,1,Perdus,2
14998.0,0,0.3007858214431765,0,Potentiellement Fidèles,2
17039.0,1,0.8674651540767783,1,Perdus,2
16105.0,1,0.25060107768150236,0,Champions,2
13388.0,0,0.8910779019493609,1,Perdus,2
13414.0,0,0.3758604538364277,0,Fidèles,2
16094.0,0,0.18943189508343583,0,Champions,3
17842.0,1,0.8971578458908843,1,Perdus,2
15972.0,1,0.5121409183902963,1,En danger,2
17041.0,0,0.4377075542634364,0,Fidèles,2
13286.0,1,0.8819868262990064,1,Perdus,2
17540.0,0,0.3838710783385899,0,Fidèles,2
14812.0,1,0.8919096313578591,1,Perdus,2
17622.0,1,0.7674893858711068,1,Perdus,2
15455.0,1,0.9046970281827489,1,Perdus,2
13461.0,0,0.5614470049052526,1,Sur le point de Partir,2
15600.0,1,0.5240505713630998,1,En danger,2
12844.0,0,0.6236148675695247,1,Sur le point de Partir,2
13863.0,1,0.28161027337709926,0,Champions,2
14999.0,1,0.8989711983754292,1,Perdus,2
15111.0,0,0.4745296185411624,0,Besoin d'Attention,2
14552.0,0,0.5213090860329098,1,Besoin d'Attention,2
17959.0,1,0.9011695122809468,1,Perdus,2
13655.0,0,0.25701015027988744,0,Champions,2
16117.0,0,0.5657953832015266,1,Sur le point de Partir,2
17635.0,1,0.5305638679120626,1,Sur le point de Partir,2
17491.0,0,0.22878455259799713,0,Champions,0
16384.0,0,0.3290793130139428,0,Potentiellement Fidèles,2
15253.0,0,0.49048167868513187,0,Sur le point de Partir,2
15183.0,1,0.705241573827538,1,En danger,2
16526.0,0,0.8872592377646846,1,Perdus,2
14437.0,1,0.4480884891887316,0,Fidèles,2
13713.0,1,0.5149092447994886,1,Sur le point de Partir,2
13400.0,1,0.8722113784199749,1,Perdus,2
16632.0,1,0.6763101521747049,1,Perdus,2
15661.0,1,0.3529706457162962,0,Fidèles,0
17077.0,1,0.8925823152603788,1,Perdus,2
13695.0,0,0.2795122822335547,0,Champions,0
16993.0,1,0.6377712156138778,1,Sur le point de Partir,2
13220.0,0,0.31209326245476,0,Potentiellement Fidèles,2
18197.0,1,0.8749915076239752,1,Perdus,2
12745.0,1,0.6794513320855468,1,Perdus,2
14283.0,1,0.5977506116555844,1,En danger,2
16564.0,1,0.8892790464439075,1,Perdus,2
16604.0,1,0.7440122519353964,1,Perdus,2
17785.0,0,0.6236161305381704,1,Sur le point de Partir,2
18060.0,1,0.5458897479763773,1,Sur le point de Partir,2
16974.0,1,0.7263401052607366,1,Perdus,2
15900.0,0,0.5147178485212272,1,Sur le point de Partir,2
13920.0,1,0.5002250595907708,1,En danger,2
17499.0,1,0.40092443719965376,0,Besoin d'Attention,2
16234.0,1,0.6411663577650097,1,En danger,2
15985.0,0,0.26578531248965964,0,Champions,0
16218.0,0,0.18750969743294807,0,Champions,3
15400.0,0,0.3740821760833136,0,Champions,0
13602.0,0,0.5180144518211556,1,Besoin d'Attention,2
16035.0,1,0.8764126575644577,1,Perdus,2
14902.0,0,0.55219998018759,1,Sur le point de Partir,2
15471.0,1,0.5268858698322041,1,Besoin d'Attention,2
18100.0,1,0.8630939649371466,1,Perdus,2
14180.0,0,0.10087834805335534,0,Champions,3
13065.0,1,0.4435438012755077,0,Fidèles,0
15207.0,1,0.558760308198222,1,Sur le point de Partir,2
16547.0,1,0.8679966393934513,1,Perdus,2
17749.0,0,0.4072994435461719,0,Potentiellement Fidèles,2
14255.0,1,0.8095085588824018,1,Perdus,2
13745.0,0,0.8424820030565892,1,Perdus,2
16622.0,1,0.8537742806461378,1,Perdus,2
16007.0,0,0.15544303302552323,0,Champions,3
13277.0,0,0.5395294832883947,1,Besoin d'Attention,2
16155.0,1,0.4614496275522929,0,Fidèles,0
14919.0,1,0.8650270893820176,1,Perdus,2
16503.0,0,0.14131210291871138,0,Champions,3
14874.0,1,0.8692606416156958,1,Perdus,2
16680.0,0,0.7221189116245768,1,Perdus,2
16825.0,0,0.500240396862102,1,Besoin d'Attention,2
15043.0,0,0.5729729323032515,1,En danger,0
16733.0,1,0.8607094279557025,1,Perdus,2
17437.0,1,0.8399683280660877,1,Perdus,2
13859.0,1,0.49137599172016544,0,Besoin d'Attention,2
18137.0,1,0.7340479748867631,1,Perdus,2
14615.0,1,0.48489510853660955,0,En danger,0
14398.0,1,0.5562366015189174,1,Sur le point de Partir,2
17239.0,1,0.39842022485382017,0,Fidèles,0
13292.0,0,0.3533304292051307,0,Fidèles,0
18217.0,0,0.6871376465174773,1,Perdus,2
14963.0,0,0.30471718975545875,0,Fidèles,3
17901.0,0,0.7177413768663111,1,Perdus,0
15127.0,0,0.8534374879309008,1,Perdus,2
16049.0,0,0.37433151979455087,0,Besoin d'Attention,0
14248.0,1,0.41822432793430725,0,Besoin d'Attention,0
17968.0,1,0.4226401392871181,0,Fidèles,0
17470.0,0,0.18998956179571666,0,Champions,0
16555.0,0,0.6136243600837796,1,En danger,0
14236.0,0,0.4685800999497582,0,Fidèles,0
15431.0,1,0.8491807616272573,1,Perdus,2
14435.0,1,0.8490869833272944,1,Perdus,2
13161.0,1,0.480256070298642,0,Besoin d'Attention,2
15284.0,1,0.8504604639408927,1,Perdus,2
13435.0,0,0.5253944531372865,1,Besoin d'Attention,2
17122.0,0,0.5351514036559547,1,Sur le point de Partir,0
13474.0,1,0.2702608775110454,0,Potentiellement Fidèles,0
16316.0,0,0.13485895059258274,0,Champions,3
14521.0,1,0.813336093161564,1,Perdus,2
14575.0,1,0.7952965271565412,1,Perdus,2
16221.0,0,0.23841947913913458,0,Champions,0
13839.0,1,0.8356226442982396,1,Perdus,2
13717.0,0,0.2798321646255565,0,Champions,0
14550.0,0,0.5293311628458154,1,Sur le point de Partir,0
16345.0,0,0.789191865257094,1,Perdus,2
17248.0,0,0.8157343413071734,1,Perdus,0
15072.0,1,0.8263709861700281,1,Perdus,0
13320.0,0,0.24838377805057868,0,Champions,0
16638.0,0,0.21163750157555075,0,Champions,0
15764.0,0,0.2918440088935751,0,Potentiellement Fidèles,0
14321.0,0,0.3859009112469686,0,Besoin d'Attention,0
16314.0,1,0.48965587139535044,0,Sur le point de Partir,0
14229.0,0,0.33100601246251243,0,Fidèles,0
13548.0,0,0.3167374710797864,0,Potentiellement Fidèles,2
14787.0,1,0.8211093700468792,1,Perdus,0
13922.0,1,0.4549764723976872,0,Besoin d'Attention,0
14885.0,0,0.588568253235424,1,Sur le point de Partir,0
17126.0,0,0.21192726474647078,0,Fidèles,3
16289.0,1,0.7876067160207131,1,en Hibernation,0
13506.0,1,0.36108337826088693,0,Fidèles,0
12777.0,1,0.7942287232624662,1,en Hibernation,0
17456.0,1,0.4837331186368455,0,Besoin d'Attention,0
17762.0,1,0.8075037916079632,1,en Hibernation,0
15992.0,1,0.5296493936545805,1,Sur le point de Partir,0
17383.0,1,0.8133979945904511,1,en Hibernation,0
15966.0,1,0.766002736031525,1,en Hibernation,0
17403.0,0,0.8044565805814836,1,en Hibernation,0
16080.0,0,0.3680744664244834,0,Potentiellement Fidèles,0
13374.0,1,0.5846939799482815,1,Sur le point de Partir,0
15876.0,1,0.5601066289195259,1,Sur le point de Partir,0
15519.0,1,0.531556438919664,1,Besoin d'Attention,0
12850.0,1,0.8022669363407433,1,en Hibernation,0
14668.0,1,0.8021482894504974,1,en Hibernation,0
17834.0,1,0.5412302749078005,1,Sur le point de Partir,0
16465.0,1,0.5432446226747186,1,Sur le point de Partir,0
14716.0,0,0.7776552655226673,1,en Hibernation,0
14761.0,0,0.49416460784806465,0,Besoin d'Attention,0
18107.0,1,0.7812023406449288,1,en Hibernation,0
15476.0,1,0.4746006212066998,0,Fidèles,0
16531.0,0,0.29986965023151896,0,Fidèles,0
14875.0,0,0.3773381530475391,0,Potentiellement Fidèles,0
15469.0,0,0.761962873361526,1,en Hibernation,0
15616.0,1,0.7898645503619534,1,en Hibernation,0
13754.0,0,0.4735540504059049,0,Besoin d'Attention,0
16783.0,1,0.7788668487563788,1,en Hibernation,0
13105.0,1,0.8006427533559675,1,en Hibernation,0
16490.0,1,0.7671449940497973,1,en Hibernation,0
13966.0,1,0.7805200951537123,1,en Hibernation,0
16214.0,0,0.31455044518466435,0,Potentiellement Fidèles,0
13763.0,0,0.6134840211019866,1,Sur le point de Partir,0
14303.0,1,0.5670046159518878,1,Sur le point de Partir,0
17022.0,0,0.7898210234513956,1,en Hibernation,0
13642.0,1,0.2424524612261273,0,Champions,0
13245.0,0,0.7686741698817906,1,en Hibernation,0
14579.0,1,0.7823332173314338,1,en Hibernation,0
13144.0,1,0.5039843025839323,1,Besoin d'Attention,0
15778.0,1,0.7812788135538166,1,en Hibernation,0
13306.0,1,0.7940642808421828,1,en Hibernation,0
15934.0,1,0.5774675290832696,1,Sur le point de Partir,0
17429.0,0,0.27562704353560635,0,Potentiellement Fidèles,0
13818.0,1,0.792415589893392,1,en Hibernation,0
15973.0,1,0.5013843108613286,1,Besoin d'Attention,0
16149.0,0,0.7863353604659387,1,en Hibernation,0
17525.0,1,0.48421453741483106,0,Besoin d'Attention,0
13569.0,0,0.4221288925718304,0,Besoin d'Attention,0
15598.0,0,0.774402338073293,1,en Hibernation,0
15038.0,0,0.1826905458247061,0,Champions,0
17111.0,0,0.7763075057530515,1,en Hibernation,0
15948.0,0,0.7570456225826608,1,en Hibernation,0
17273.0,1,0.7818297088161134,1,en Hibernation,0
13912.0,1,0.7844323415397977,1,en Hibernation,0
17094.0,1,0.4650340138890408,0,Besoin d'Attention,0
13792.0,0,0.444966605215261,0,Besoin d'Attention,0
15356.0,0,0.13101365577394117,0,Champions,0
17817.0,1,0.2885311760585784,0,Champions,0
17751.0,1,0.7663370357992241,1,en Hibernation,0
17390.0,1,0.7779786869534693,1,en Hibernation,0
15957.0,0,0.5110466206791594,1,Sur le point de Partir,0
16381.0,1,0.5199050546376854,1,Sur le point de Partir,0
15799.0,0,0.43138407195679646,0,Besoin d'Attention,0
16996.0,0,0.28140536334382393,0,Champions,0
15710.0,1,0.6847492457523804,1,en Hibernation,0
15647.0,1,0.7735266429019891,1,en Hibernation,0
17038.0,0,0.7419447081360534,1,en Hibernation,0
17483.0,0,0.7749827405718277,1,en Hibernation,0
13936.0,0,0.5298716855921758,1,Besoin d'Attention,0
18243.0,1,0.7542753573348677,1,en Hibernation,0
14945.0,1,0.7714082993821292,1,en Hibernation,0
13241.0,1,0.751496725340787,1,en Hibernation,0
16024.0,0,0.5711341368829037,1,Sur le point de Partir,0
18110.0,0,0.7570013286584983,1,en Hibernation,0
15065.0,0,0.2692931575213656,0,Potentiellement Fidèles,0
16863.0,0,0.48734251179768595,0,Besoin d'Attention,0
14278.0,1,0.7656700627284584,1,en Hibernation,0
13906.0,1,0.777326156688472,1,en Hibernation,0
16433.0,0,0.7621677482977726,1,en Hibernation,0
13547.0,1,0.7441870641623222,1,en Hibernation,0
13282.0,0,0.34403248616157195,0,Potentiellement Fidèles,0
13500.0,0,0.7508191504853865,1,en Hibernation,0
13686.0,0,0.5297585071376083,1,Besoin d'Attention,0
13987.0,1,0.49931747730600184,0,Besoin d'Attention,0
13833.0,0,0.7561278681586118,1,en Hibernation,0
17951.0,0,0.48799618306825593,0,Besoin d'Attention,0
13535.0,1,0.7696790518168123,1,en Hibernation,0
13937.0,0,0.6950762582042754,1,en Hibernation,0
13251.0,1,0.7495096520638543,1,en Hibernation,0
13453.0,0,0.3988477668673491,0,Besoin d'Attention,0
13258.0,0,0.30684916860964795,0,Potentiellement Fidèles,0
15996.0,0,0.28386158414483825,0,Champions,0
12892.0,1,0.7480966028515557,1,en Hibernation,0
17423.0,0,0.32679988737333016,0,Potentiellement Fidèles,0
17558.0,1,0.7380739142277051,1,en Hibernation,0
17772.0,1,0.7261601138805011,1,en Hibernation,0
17210.0,1,0.7233262668176195,1,en Hibernation,0
16074.0,1,0.7384032550375949,1,en Hibernation,0
14684.0,0,0.19239430782035125,0,Potentiellement Fidèles,0
14382.0,0,0.6064396857377343,1,en Hibernation,0
17633.0,0,0.49981854222254557,0,Besoin d'Attention,0
15161.0,1,0.7328614443402437,1,en Hibernation,0
18256.0,1,0.7219848107874317,1,en Hibernation,0
17868.0,1,0.7386385931665415,1,Prometteurs,0
12887.0,1,0.7394349759649328,1,Prometteurs,0
16501.0,1,0.5711109625717363,1,Prometteurs,0
17872.0,1,0.7355888220481288,1,Prometteurs,0
13181.0,1,0.729476077347576,1,Prometteurs,0
14972.0,0,0.7499833298395079,1,Prometteurs,0
16001.0,1,0.6876968407108327,1,Prometteurs,0
15914.0,1,0.536532597577356,1,Besoin d'Attention,0
15037.0,1,0.5006895201739775,1,Besoin d'Attention,0
15583.0,1,0.7174619362227249,1,Prometteurs,0
16413.0,0,0.7158700791207127,1,Prometteurs,0
17378.0,1,0.7173733655567278,1,Prometteurs,0
15165.0,1,0.6980758841043475,1,Prometteurs,0
15923.0,1,0.7212103987809234,1,Prometteurs,0
17964.0,0,0.7032812373055841,1,Prometteurs,0
17198.0,0,0.4444684755910167,0,Besoin d'Attention,0
16402.0,1,0.3761238586940795,0,Potentiellement Fidèles,0
18119.0,1,0.70679027782621,1,Prometteurs,0
18043.0,0,0.2957366129001975,0,Potentiellement Fidèles,0
18004.0,1,0.704234271617831,1,Prometteurs,0
17890.0,1,0.40361106303249905,0,Besoin d'Attention,0
14150.0,0,0.7124957085036963,1,Prometteurs,0
13496.0,1,0.6668438086961107,1,Prometteurs,0
15204.0,1,0.7123034523372337,1,Prometteurs,0
14889.0,1,0.6931086066742426,1,Prometteurs,0
17569.0,1,0.6671672830605698,1,Prometteurs,0
13837.0,1,0.3361768366849703,0,Potentiellement Fidèles,0
17118.0,1,0.670505320404963,1,Prometteurs,0
16949.0,0,0.3151989247389559,0,Potentiellement Fidèles,0
14502.0,0,0.18719213882218513,0,Champions,0
14457.0,1,0.66842512895676,1,Prometteurs,0
18250.0,1,0.615612664669218,1,Prometteurs,0
16405.0,1,0.44576053025553247,0,Besoin d'Attention,0
17462.0,0,0.6175010597832333,1,Prometteurs,0
18211.0,0,0.6253261901547719,1,Prometteurs,0
14155.0,1,0.6125636308294651,1,Prometteurs,0
17795.0,0,0.6006550266758043,1,Prometteurs,0
17140.0,1,0.5680198256052398,1,Prometteurs,0
15316.0,1,0.6880036056521706,1,Prometteurs,0
16618.0,0,0.27221082288004544,0,Champions,0
17291.0,1,0.6555832947593352,1,Prometteurs,0
17302.0,0,0.31617743541590243,0,Potentiellement Fidèles,0
16073.0,1,0.6237927398056247,1,Prometteurs,0
16509.0,1,0.6364317839649207,1,Prometteurs,0
16349.0,1,0.6419270965549023,1,Prometteurs,0
16573.0,0,0.596335310589104,1,Prometteurs,0
14880.0,0,0.6380132296927314,1,Prometteurs,0
14036.0,1,0.5910834051287759,1,Prometteurs,0
15554.0,1,0.6163678886543321,1,Prometteurs,0
18183.0,1,0.26831060235288523,0,Potentiellement Fidèles,0
16475.0,0,0.6030767327796692,1,Prometteurs,0
15049.0,1,0.6239300398720086,1,Prometteurs,0
16871.0,0,0.23367566391316177,0,Champions,0
16804.0,0,0.6062045474867964,1,Prometteurs,0
16297.0,1,0.4962077070087339,0,Prometteurs,0
17486.0,1,0.5812557937351969,1,Prometteurs,0
15815.0,0,0.3006062695296183,0,Potentiellement Fidèles,0
14476.0,1,0.5881877852119706,1,Prometteurs,0
17398.0,0,0.3114390138877648,0,Potentiellement Fidèles,0
15364.0,0,0.5931420931541306,1,Prometteurs,0
13060.0,1,0.5818533447328273,1,Prometteurs,0
17701.0,1,0.5688344612307604,1,Prometteurs,0
17972.0,1,0.558097438682196,1,Prometteurs,0
15594.0,0,0.5245428154266017,1,Prometteurs,0
16055.0,1,0.5505783546928357,1,Prometteurs,0
14340.0,1,0.5497730651270832,1,Nouveaux Clients,0
17522.0,0,0.31434946125986485,0,Potentiellement Fidèles,0
15668.0,1,0.5549428833673722,1,Nouveaux Clients,0
18235.0,0,0.5175126326826825,1,Nouveaux Clients,0
18142.0,0,0.5042807935315333,1,Nouveaux Clients,0
18120.0,1,0.5351331735696147,1,Nouveaux Clients,0
18133.0,1,0.48622413143991045,0,Nouveaux Clients,0
13456.0,0,0.5263374728133324,1,Nouveaux Clients,0
13572.0,1,0.46722748009153575,0,Nouveaux Clients,0
14895.0,0,0.04484701956787629,0,Champions,3
13468.0,0,0.014070208825048485,0,Champions,3
17457.0,0,0.1699789059554365,0,Champions,3
16008.0,0,0.1602600647762988,0,Champions,3
16455.0,0,0.173664133253549,0,Champions,3
17871.0,1,0.22768141164150352,0,Champions,2
16813.0,0,0.4539983664880184,0,Nouveaux Clients,0
15862.0,0,0.06162594638009411,0,Champions,3
16998.0,0,0.29369771754052365,0,Champions,0
15394.0,0,0.14813308474354314,0,Champions,3
16672.0,0,0.24791293102858303,0,Champions,0
17068.0,0,0.03598874008812243,0,Champions,3
13266.0,0,0.1324005088363282,0,Champions,3
15768.0,0,0.01693224716080772,0,Champions,3
14112.0,0,0.1357939301357071,0,Champions,3
14334.0,0,0.14649226339520277,0,Champions,3
16226.0,1,0.26849854425076514,0,Champions,0
14282.0,0,0.13696009307470525,0,Champions,3
17867.0,0,0.1707645039910415,0,Champions,3
14388.0,0,0.13042759501003995,0,Champions,3
18008.0,0,0.13829840873260466,0,Champions,3
18287.0,0,0.20979608440330896,0,Champions,3
16945.0,0,0.066310761154971,0,Champions,3
16249.0,0,0.31153703169344127,0,Potentiellement Fidèles,0
15724.0,1,0.285909454463888,0,Potentiellement Fidèles,0
16592.0,0,0.0933132668682218,0,Champions,3
13988.0,0,0.2084356629370978,0,Champions,2
18283.0,0,0.09502538327599841,0,Champions,3
17715.0,1,0.40628863264239606,0,Potentiellement Fidèles,2
15602.0,0,0.16327884239626486,0,Champions,3
15769.0,0,0.06319140443732367,0,Champions,3
17686.0,0,0.13949507561419197,0,Champions,3
17512.0,0,0.1388039486232083,0,Champions,3
15796.0,0,0.13393926142661502,0,Champions,3
15132.0,0,0.307033752443122,0,Potentiellement Fidèles,0
17811.0,0,0.03010634618085008,0,Champions,3
16029.0,0,0.01075404738368367,0,Champions,1
13842.0,0,0.10348878614425454,0,Champions,3
18044.0,0,0.1355102284871429,0,Champions,3
14534.0,0,0.06721391826250622,0,Champions,3
17521.0,0,0.2842177533991984,0,Potentiellement Fidèles,0
13102.0,0,0.0608469114781827,0,Champions,3
14688.0,0,0.10640669546860015,0,Champions,3
17955.0,1,0.24411664253669926,0,Champions,2
14705.0,1,0.5263882143150128,1,Nouveaux Clients,0
15727.0,0,0.06093986616769948,0,Champions,3
14085.0,0,0.02436057966862386,0,Champions,3
16161.0,0,0.02555504012822572,0,Champions,3
16449.0,1,0.2930407789401648,0,Potentiellement Fidèles,0
16356.0,1,0.237865977941311,0,Champions,0
16838.0,1,0.23786847316633367,0,Champions,2
13199.0,0,0.04258691217665612,0,Champions,3
15785.0,0,0.13941369996507977,0,Champions,3
16843.0,0,0.0591395371353464,0,Champions,3
14194.0,0,0.04005805932409255,0,Champions,3
12999.0,1,0.2877066095844184,0,Potentiellement Fidèles,0
17613.0,0,0.15616459431141694,0,Champions,0
14823.0,0,0.27907071518468746,0,Potentiellement Fidèles,0
16407.0,0,0.18755352174274953,0,Champions,0
15925.0,1,0.5099542040240808,1,Nouveaux Clients,0
17061.0,0,0.23794249846760573,0,Champions,0
15863.0,0,0.242954428846969,0,Champions,2
17592.0,1,0.9433194871419818,1,Perdus,2
17998.0,1,0.49325165737184623,0,Besoin d'Attention,2
15326.0,1,0.3230083406012013,0,Fidèles,3
15808.0,1,0.06553499274343495,0,Fidèles,3
13748.0,0,0.24703770545956846,0,Champions,2
14302.0,1,0.5938855250831789,1,Sur le point de Partir,2
14000.0,1,0.2493970258079818,0,Champions,2
17193.0,0,0.6276220389145788,1,Besoin d'Attention,2
16131.0,0,0.17021092691556333,0,Champions,3
14299.0,0,0.17425835886519186,0,Fidèles,3
17189.0,0,0.40855292293433493,0,Fidèles,2
15581.0,0,0.01624335633533158,0,Champions,3
17809.0,0,0.16816923205049686,0,Champions,3
15523.0,0,0.32343173988609925,0,En danger,3
13313.0,0,0.17371907239610904,0,Champions,3
13611.0,0,0.2983754632434117,0,Fidèles,3
16301.0,1,0.9511353202328674,1,Perdus,2
14905.0,0,0.23856100156297652,0,Champions,2
17853.0,1,0.4956332133878737,0,Sur le point de Partir,2
14750.0,1,0.9464274540432603,1,Perdus,2
17372.0,0,0.04519444239409675,0,Champions,3
12872.0,1,0.17691077313032502,0,Fidèles,3
14286.0,0,0.16101818095272433,0,Champions,3
13093.0,1,0.02487825253917845,0,Champions,1
15109.0,1,0.33415229438854543,0,Potentiellement Fidèles,2
18092.0,0,0.19685295970759092,0,Champions,3
15309.0,1,0.7313904389836696,1,En danger,2
16325.0,0,0.18911419703180787,0,Champions,3
17127.0,1,0.5361990259007289,1,En danger,2
13999.0,0,0.08500461467335514,0,Champions,3
16410.0,1,0.9506678214076137,1,Perdus,2
15484.0,0,0.735917557868448,1,Perdus,2
14133.0,0,0.5045924832550579,1,Besoin d'Attention,2
14468.0,1,0.9487066022176408,1,Perdus,2
16395.0,0,0.11845439886512782,0,Fidèles,3
15983.0,0,0.3266307012176154,0,Fidèles,2
14717.0,1,0.9427598772559184,1,Perdus,2
17406.0,1,0.22168953176899553,0,Fidèles,3
17969.0,0,0.22988161489803577,0,Fidèles,3
13211.0,0,0.35250410615622346,0,Fidèles,2
13491.0,0,0.09303969787761285,0,Champions,3
14695.0,1,0.6432080093929466,1,En danger,2
13190.0,1,0.7205018176043236,1,En danger,2
15358.0,0,0.03309934922844954,0,Champions,3
14574.0,1,0.9490159736571625,1,Perdus,2
16684.0,0,0.030369823605907394,0,Champions,1
13206.0,1,0.13673947846958992,0,En danger,3
14512.0,0,0.24728529895553825,0,Champions,2
16353.0,0,0.09858591612977828,0,Champions,3
13148.0,0,0.0464839245993827,0,Champions,3
14113.0,0,0.3086204818455001,0,Fidèles,3
15369.0,1,0.5626184308686631,1,En danger,2
16735.0,0,0.14940368692375028,0,Champions,3
14295.0,0,0.5263270293415678,1,En danger,2
16560.0,0,0.3256712849881096,0,Fidèles,2
16940.0,0,0.16654452979409073,0,Fidèles,3
15162.0,1,0.9402813712471791,1,Perdus,2
17230.0,1,0.13591730970891028,0,Champions,3
14679.0,1,0.4806086600296117,0,Besoin d'Attention,2
16253.0,0,0.1935599849701121,0,Champions,3
13455.0,0,0.405163880277405,0,Fidèles,3
16771.0,0,0.14498352464736355,0,Champions,3
16802.0,1,0.8358908334342807,1,Perdus,2
17043.0,0,0.268207589011152,0,Champions,2
16186.0,0,0.10038711045473907,0,Champions,3
17603.0,0,0.7194528762878615,1,En danger,2
16143.0,0,0.16023670950064067,0,Champions,3
17861.0,0,0.12085724625813414,0,Champions,3
16459.0,1,0.9497715617329264,1,Perdus,2
14577.0,0,0.24483242033617358,0,Champions,2
17409.0,0,0.23165979346191826,0,Champions,3
14790.0,0,0.25398488648953615,0,Champions,2
14161.0,1,0.13613020773002282,0,Champions,3
15446.0,1,0.4460253584049161,0,Besoin d'Attention,2
13013.0,0,0.06434539033233294,0,Champions,3
16769.0,1,0.29919102111403545,0,Champions,2
17908.0,1,0.32241632927503117,0,Fidèles,3
17318.0,1,0.9459149300332959,1,Perdus,2
16019.0,0,0.07221113483450392,0,Champions,3
15015.0,1,0.41984795963720667,0,En danger,3
14796.0,0,0.056993167032935395,0,Champions,3
17012.0,1,0.9410066247851144,1,Perdus,2
17262.0,0,0.23120939987708572,0,Champions,2
16605.0,1,0.9492742379799088,1,Perdus,2
15184.0,0,0.6194510076479383,1,Sur le point de Partir,2
18144.0,0,0.15870000765027784,0,Champions,3
13941.0,0,0.2643577130485161,0,Fidèles,3
15874.0,0,0.07335109486336802,0,Champions,3
15100.0,1,0.37460247282957065,0,Fidèles,3
15324.0,1,0.9410330532697513,1,Perdus,2
14465.0,1,0.16804029917999289,0,Champions,3
13634.0,0,0.1254707259719401,0,Champions,3
14461.0,0,0.06690821969720676,0,Champions,3
17966.0,0,0.2969418589961871,0,Champions,2
17773.0,1,0.7096505939249913,1,Perdus,2
13877.0,0,0.6631378615547842,1,Sur le point de Partir,2
14556.0,1,0.6721825194084791,1,En danger,2
13971.0,0,0.15203174260563462,0,Champions,3
14365.0,1,0.5819095109993574,1,Sur le point de Partir,2
15389.0,0,0.5376308033601238,1,En danger,2
14167.0,0,0.29127148076462184,0,Champions,2
15385.0,0,0.6161710247570694,1,Sur le point de Partir,2
13443.0,1,0.41759747873774183,0,En danger,2
18212.0,1,0.5207440177275583,1,Besoin d'Attention,2
17107.0,0,0.09795562737954096,0,Champions,3
13916.0,1,0.5513216007842778,1,En danger,2
16082.0,1,0.9295177558460164,1,Perdus,2
16781.0,1,0.5606726176986949,1,Besoin d'Attention,2
17514.0,0,0.9206536130878377,1,Perdus,2
17774.0,0,0.14040479502167208,0,Champions,3
17731.0,0,0.8061841960330147,1,Perdus,2
16419.0,0,0.32901189551258125,0,Champions,2
13696.0,1,0.5712163130395386,1,Sur le point de Partir,2
13551.0,1,0.5484124026411717,1,Besoin d'Attention,2
13629.0,0,0.18539423389364784,0,Champions,3
15293.0,1,0.9257302216278482,1,Perdus,2
16661.0,1,0.6754392810870758,1,En danger,2
16720.0,0,0.5176274057672547,1,Besoin d'Attention,2
17638.0,1,0.8437308556208204,1,Perdus,2
18036.0,0,0.14679434925461235,0,Champions,3
14105.0,1,0.16718374969188582,0,Champions,3
16282.0,1,0.48055631346670324,0,Besoin d'Attention,2
13510.0,0,0.33439200329454893,0,Fidèles,3
14119.0,1,0.6006240389730289,1,Besoin d'Attention,2
13082.0,0,0.1457392811488334,0,Champions,3
13821.0,0,0.22184086360024657,0,Champions,2
14477.0,0,0.39371631286574826,0,Fidèles,2
17950.0,0,0.35815719619309655,0,Fidèles,2
13253.0,0,0.43831835978870737,0,Besoin d'Attention,2
14541.0,0,0.15236902328296578,0,Champions,3
18041.0,0,0.030703912195264322,0,Champions,3
16085.0,0,0.1411100880321591,0,Champions,3
15296.0,0,0.08590305229025015,0,Champions,3
17180.0,0,0.14603608489977413,0,Champions,3
13192.0,0,0.1956651233575127,0,Champions,3
13249.0,0,0.30715916991731257,0,Champions,2
17584.0,0,0.5734555725993902,1,En danger,2
16795.0,1,0.2417827709434425,0,Besoin d'Attention,3
16326.0,0,0.12361639783016577,0,Champions,3
16535.0,1,0.6033055028636393,1,Besoin d'Attention,2
12823.0,0,0.2087341628655066,0,Champions,3
12848.0,1,0.9303838936639257,1,Perdus,2
13538.0,0,0.2502801308533741,0,Champions,2
14038.0,0,0.2307898950929219,0,Potentiellement Fidèles,2
17281.0,1,0.4723803003051485,0,Fidèles,2
16383.0,0,0.17623355708771535,0,Champions,3
15167.0,1,0.2143898133924869,0,Fidèles,3
15810.0,0,0.2240811559195656,0,Champions,3
15784.0,1,0.6672064586740285,1,Sur le point de Partir,2
18179.0,0,0.2558950870794429,0,Champions,2
12972.0,1,0.4892238573144476,0,En danger,2
18285.0,1,0.9240276702460977,1,Perdus,2
16938.0,0,0.10902909036338725,0,Fidèles,3
14890.0,1,0.3419033064665066,0,Potentiellement Fidèles,2
16574.0,0,0.6085825354326354,1,Sur le point de Partir,2
13191.0,1,0.9130917331050479,1,Perdus,2
15182.0,0,0.23257310378946386,0,Champions,3
13980.0,0,0.5362403358320728,1,En danger,2
16273.0,1,0.8289189990055918,1,Perdus,2
17667.0,0,0.1673164033255734,0,Champions,3
12998.0,1,0.6185490677366415,1,En danger,2
15439.0,1,0.5140898235607712,1,En danger,2
16677.0,1,0.5919719448562278,1,Sur le point de Partir,2
13652.0,0,0.2709703632880653,0,Champions,2
18069.0,0,0.06031627592037988,0,Champions,3
16519.0,0,0.5079038572235512,1,Besoin d'Attention,2
14257.0,0,0.30060988587943527,0,Fidèles,2
17330.0,0,0.7620426464077686,1,Perdus,2
16946.0,1,0.4437831039727201,0,Fidèles,2
16177.0,0,0.47778122535394013,0,En danger,2
13793.0,1,0.923151041617732,1,Perdus,2
13873.0,0,0.22716376185678983,0,Champions,2
16636.0,1,0.5363344214348755,1,En danger,2
13214.0,1,0.3509383888028601,0,En danger,3
13722.0,0,0.2448383268399864,0,Champions,3
18152.0,1,0.9191673601971021,1,Perdus,2
13377.0,1,0.5120226692140478,1,Sur le point de Partir,2
14426.0,0,0.08794514196623716,0,Champions,3
14748.0,0,0.18389643379827458,0,Champions,3
17448.0,1,0.036092514300999974,0,En danger,3
13476.0,0,0.3320404088333911,0,Champions,2
13544.0,0,0.18694948673118988,0,Champions,3
13799.0,0,0.2880699160421244,0,Fidèles,3
14877.0,1,0.5946466661304505,1,Sur le point de Partir,2
13764.0,0,0.2844848937542298,0,Fidèles,2
13276.0,0,0.384823737965332,0,Sur le point de Partir,2
15250.0,1,0.9222632650141874,1,Perdus,2
12954.0,1,0.9185898287113773,1,Perdus,2
15221.0,1,0.45824879269350527,0,Fidèles,2
13530.0,1,0.9121783333940943,1,Perdus,2
15227.0,0,0.2020283581293732,0,Champions,2
16652.0,0,0.15559676253335405,0,Champions,3
13612.0,1,0.8829229354002722,1,Perdus,2
13451.0,0,0.04503838842711187,0,Champions,3
14928.0,1,0.8984194880633124,1,Perdus,2
17552.0,0,0.36632906422245165,0,Fidèles,2
16132.0,1,0.7420861381367162,1,Perdus,2
17640.0,0,0.44017585705131806,0,Fidèles,2
14596.0,1,0.90044920285848,1,Perdus,2
15105.0,0,0.6078391440179887,1,Sur le point de Partir,2
16970.0,1,0.9169007413117127,1,Perdus,2
14166.0,1,0.6947036949717474,1,Perdus,2
13445.0,1,0.9137165994392064,1,Perdus,2
14947.0,0,0.4972511058212708,0,En danger,2
17001.0,0,0.14697134255021382,0,Champions,3
12870.0,1,0.46771680826055867,0,Besoin d'Attention,2
14704.0,0,0.6029581868639282,1,Sur le point de Partir,2
14537.0,0,0.898427818624738,1,Perdus,2
14805.0,0,0.3565411378254438,0,Fidèles,2
16934.0,0,0.446280053380672,0,Fidèles,2
16784.0,0,0.3883984997225948,0,Fidèles,2
15423.0,0,0.7674642295142247,1,Perdus,2
14078.0,0,0.20096289295271946,0,Champions,0
15981.0,0,0.11638378349338813,0,Champions,3
13412.0,1,0.9001649781917002,1,Perdus,2
15575.0,1,0.9141469880742703,1,Perdus,2
17586.0,1,0.9112235436834628,1,Perdus,2
17602.0,0,0.1763363948568679,0,Fidèles,3
18056.0,1,0.46559356705190996,0,Besoin d'Attention,2
14916.0,0,0.3638435187730875,0,Fidèles,2
15173.0,1,0.40895083255790654,0,Fidèles,2
14221.0,0,0.1640656333749486,0,Champions,3
13723.0,1,0.24166535834188363,0,Champions,0
14758.0,0,0.20309045486513902,0,Champions,0
15062.0,0,0.19886634792596233,0,Champions,0
15129.0,0,0.14135444290480417,0,Champions,3
14791.0,1,0.9002939193515157,1,Perdus,2
15546.0,1,0.7745208623732326,1,Perdus,2
14844.0,0,0.20720579250176133,0,Champions,3
12982.0,1,0.17990880988815813,0,Champions,3
14853.0,0,0.2816289979723838,0,Champions,2
17505.0,0,0.25508537394675346,0,Champions,2
13647.0,0,0.2597267083177202,0,Champions,2
17474.0,1,0.8921546960267465,1,Perdus,2
16279.0,0,0.3257971618343586,0,Fidèles,3
16028.0,1,0.9022901701897468,1,Perdus,2
13656.0,0,0.4037533929857409,0,Besoin d'Attention,2
14773.0,1,0.8854135982474807,1,Perdus,2
13012.0,0,0.22067542932874684,0,Champions,3
16088.0,1,0.7566734402434406,1,Perdus,2
16267.0,1,0.8984711588769513,1,Perdus,2
16648.0,0,0.6579772198424296,1,Sur le point de Partir,2
13238.0,0,0.5083343696837926,1,Besoin d'Attention,2
16767.0,0,0.17485621120378567,0,Champions,3
15373.0,0,0.16766081155394255,0,Champions,3
15426.0,0,0.17820464900116895,0,Champions,3
16317.0,0,0.3604638786732995,0,Besoin d'Attention,2
15391.0,1,0.8781316829723487,1,Perdus,2
15396.0,0,0.8922209034576334,1,Perdus,2
15488.0,0,0.6154445242842523,1,En danger,2
18028.0,1,0.8954860887786105,1,Perdus,2
15097.0,1,0.7435038450841792,1,Perdus,2
16890.0,1,0.6500884913045404,1,En danger,2
13974.0,0,0.8606284850974526,1,Perdus,2
14474.0,0,0.8469570714050395,1,Perdus,2
17292.0,1,0.6724703168949376,1,Perdus,2
17720.0,0,0.21258307719128458,0,Champions,0
15405.0,0,0.8837356633968182,1,Perdus,2
14039.0,0,0.892402825656863,1,Perdus,2
15597.0,0,0.886794017850918,1,Perdus,2
15210.0,1,0.2940200216549479,0,Potentiellement Fidèles,2
12894.0,1,0.8856391894250514,1,Perdus,2
12880.0,1,0.558200675079245,1,Besoin d'Attention,2
16115.0,0,0.16128632331289214,0,Champions,0
16836.0,0,0.5895963304006904,1,Sur le point de Partir,2
15723.0,1,0.3961264638656091,0,Fidèles,2
16507.0,1,0.8778545579639725,1,Perdus,2
14017.0,1,0.8851319457389248,1,Perdus,2
15071.0,0,0.38563827646555976,0,Potentiellement Fidèles,2
15282.0,1,0.8779041505273045,1,Perdus,2
14513.0,0,0.2700919839767461,0,Champions,0
14671.0,1,0.7275257995714112,1,Perdus,2
18011.0,1,0.5248008765905865,1,Besoin d'Attention,2
16121.0,0,0.19379694178698734,0,Champions,3
16075.0,1,0.6619374594528348,1,Perdus,2
16046.0,1,0.8769082979658176,1,Perdus,2
16391.0,1,0.3168932935356914,0,En danger,3
15887.0,1,0.5491400880536863,1,Sur le point de Partir,2
17096.0,0,0.20697192549882276,0,Champions,3
13031.0,1,0.29051406960853554,0,En danger,3
14486.0,1,0.7121231317750274,1,Perdus,2
14436.0,0,0.8804346426570095,1,Perdus,2
14786.0,1,0.878055446663046,1,Perdus,2
15551.0,0,0.4233287329362736,0,En danger,0
17902.0,1,0.8668298331850488,1,Perdus,2
13545.0,1,0.5332676291915076,1,Sur le point de Partir,2
13383.0,1,0.8733212946443305,1,Perdus,2
15016.0,0,0.4639211525066161,0,En danger,2
15361.0,1,0.49207512011680976,0,Fidèles,0
15817.0,1,0.4590041445473832,0,Sur le point de Partir,2
15816.0,1,0.7219175218524662,1,Perdus,2
14374.0,1,0.8725665270693791,1,Perdus,2
17098.0,1,0.5350525892825646,1,Besoin d'Attention,2
16515.0,0,0.19791127485321988,0,Champions,0
15786.0,0,0.3822075118320269,0,Sur le point de Partir,3
15081.0,0,0.19512626260989388,0,Champions,0
16894.0,1,0.5375048989533985,1,En danger,3
17380.0,1,0.5977074794960792,1,Sur le point de Partir,2
14725.0,0,0.516672464364504,1,Sur le point de Partir,2
17310.0,1,0.5955497724334695,1,Sur le point de Partir,2
13942.0,1,0.8676866440255002,1,Perdus,2
16180.0,0,0.1401987516514221,0,Champions,3
15913.0,1,0.8723790378022829,1,Perdus,2
17099.0,1,0.8450314581929568,1,Perdus,2
17194.0,1,0.3646249636165416,0,Potentiellement Fidèles,2
17578.0,1,0.2285980164967819,0,Champions,0
12911.0,1,0.7271266327605278,1,Perdus,2
16340.0,0,0.4896313213904989,0,Sur le point de Partir,2
14734.0,1,0.5284335541648004,1,En danger,2
14309.0,0,0.2283416318045354,0,Champions,0
17440.0,0,0.3668997011894922,0,Potentiellement Fidèles,2
17713.0,1,0.46470464778206055,0,Fidèles,2
13752.0,0,0.25078938222437436,0,Champions,0
18053.0,0,0.6927729578132583,1,Perdus,2
13439.0,1,0.2725880160162002,0,Potentiellement Fidèles,0
16907.0,0,0.2253741230158022,0,Champions,0
18230.0,0,0.24759766468700875,0,Champions,0
14699.0,1,0.2729236987568118,0,Champions,0
13246.0,0,0.12198940126739871,0,Champions,3
16110.0,0,0.20880395327917242,0,Potentiellement Fidèles,0
15969.0,0,0.6184008215283093,1,Sur le point de Partir,2
15076.0,0,0.6537701386187738,1,Perdus,2
14580.0,1,0.8624293721950522,1,Perdus,2
18123.0,0,0.8481935256735451,1,Perdus,2
17783.0,0,0.3866341142997337,0,Potentiellement Fidèles,2
13255.0,1,0.5500471592303808,1,Besoin d'Attention,2
17680.0,0,0.5602705429509003,1,Besoin d'Attention,2
17261.0,1,0.8325003018572347,1,Perdus,2
14922.0,1,0.5433478647372867,1,Sur le point de Partir,2
16203.0,0,0.28320383527712706,0,Champions,0
13239.0,1,0.27816735066527926,0,Champions,0
13250.0,1,0.6266238456084893,1,Sur le point de Partir,0
12889.0,1,0.48961000446403574,0,Fidèles,0
16937.0,1,0.8222388913402505,1,Perdus,2
12862.0,1,0.4974869417133744,0,Sur le point de Partir,0
15587.0,0,0.4801854650911662,0,Fidèles,0
13084.0,1,0.8231153747416894,1,Perdus,2
17393.0,1,0.5585892144805502,1,Sur le point de Partir,0
14022.0,1,0.3593199479432784,0,Potentiellement Fidèles,2
15110.0,0,0.43392183975381937,0,Besoin d'Attention,0
17299.0,0,0.5858325829528513,1,Sur le point de Partir,0
17430.0,0,0.4955809695597757,0,Besoin d'Attention,0
16770.0,0,0.16834844364980686,0,Champions,3
14268.0,1,0.8127095058084542,1,en Hibernation,0
16288.0,1,0.8237460143900072,1,en Hibernation,0
17384.0,0,0.38680405657231104,0,Potentiellement Fidèles,2
17215.0,1,0.8157236949473775,1,en Hibernation,0
15677.0,0,0.5721558168336033,1,Sur le point de Partir,0
18182.0,1,0.8133789801476422,1,en Hibernation,0
12831.0,1,0.3758805833621472,0,Potentiellement Fidèles,0
13992.0,0,0.5610821865738101,1,Besoin d'Attention,0
14086.0,1,0.8224961818759893,1,en Hibernation,0
14753.0,0,0.8060350771607828,1,en Hibernation,0
14318.0,1,0.8141821503181423,1,en Hibernation,0
13133.0,1,0.39301205089384506,0,Potentiellement Fidèles,0
13005.0,0,0.31734201644973953,0,Potentiellement Fidèles,0
16886.0,1,0.7903433401260644,1,en Hibernation,0
16095.0,1,0.7924944670631818,1,en Hibernation,0
13537.0,1,0.5701015542707233,1,Sur le point de Partir,0
16979.0,0,0.35535628166078476,0,Fidèles,0
15301.0,0,0.14920489178528487,0,Champions,0
15962.0,1,0.7815128807205959,1,en Hibernation,0
15341.0,0,0.7791116056334325,1,en Hibernation,0
13264.0,1,0.7683832892224107,1,en Hibernation,0
16298.0,0,0.5192311301390907,1,En danger,0
14226.0,0,0.23962601787097645,0,Potentiellement Fidèles,0
14269.0,1,0.7658835468363443,1,en Hibernation,0
13290.0,1,0.7523185487522032,1,en Hibernation,0
13139.0,0,0.26979246948829194,0,Potentiellement Fidèles,0
15347.0,1,0.4678513081241571,0,Fidèles,0
15871.0,1,0.7999500631999324,1,en Hibernation,0
14953.0,0,0.43316951782180546,0,Sur le point de Partir,0
13014.0,0,0.2202316163472314,0,Champions,3
14310.0,1,0.7747948428019493,1,en Hibernation,0
13326.0,1,0.7852885541090285,1,en Hibernation,0
18284.0,1,0.7457541220578936,1,en Hibernation,0
14353.0,1,0.31842040427796925,0,Potentiellement Fidèles,0
14663.0,1,0.5498474256542453,1,Sur le point de Partir,0
15128.0,0,0.3016790907257558,0,Potentiellement Fidèles,0
17045.0,0,0.3501495993510528,0,Potentiellement Fidèles,0
14339.0,1,0.34011188999962044,0,Potentiellement Fidèles,0
16350.0,0,0.37218238870937415,0,Fidèles,0
14571.0,1,0.7707054257297519,1,en Hibernation,0
14756.0,0,0.48505763452648826,0,Besoin d'Attention,0
17710.0,1,0.7722791761018106,1,en Hibernation,0
13968.0,1,0.7838341420772564,1,en Hibernation,0
16990.0,1,0.3792440793638798,0,Potentiellement Fidèles,0
12900.0,1,0.7748015288843754,1,en Hibernation,0
18090.0,1,0.7508455317190065,1,en Hibernation,0
17823.0,1,0.5173752366624711,1,Sur le point de Partir,0
15686.0,1,0.7862592362218319,1,en Hibernation,0
15688.0,1,0.7660111962439553,1,en Hibernation,0
14741.0,0,0.4795514101629656,0,Besoin d'Attention,0
14524.0,0,0.165865333458328,0,Champions,0
13836.0,1,0.523765348411868,1,Sur le point de Partir,0
15257.0,1,0.4165277462805234,0,Potentiellement Fidèles,0
16491.0,0,0.7028554865931074,1,en Hibernation,0
17260.0,1,0.7741439668809166,1,en Hibernation,0
15620.0,0,0.2417493414351033,0,Potentiellement Fidèles,0
16962.0,1,0.7632589937675303,1,en Hibernation,0
14281.0,1,0.7677605955353477,1,en Hibernation,0
15170.0,1,0.7716838307442105,1,en Hibernation,0
16542.0,0,0.7622667395802643,1,en Hibernation,0
14429.0,1,0.746035280686931,1,en Hibernation,0
13359.0,0,0.7087464011931495,1,en Hibernation,0
14206.0,1,0.28862439227469966,0,Potentiellement Fidèles,0
17286.0,0,0.5269554701801168,1,Sur le point de Partir,0
13303.0,1,0.7664519969760287,1,en Hibernation,0
17548.0,1,0.3041975092881852,0,Champions,0
13691.0,1,0.7234843743125057,1,en Hibernation,0
14170.0,1,0.416171105304614,0,Besoin d'Attention,0
13721.0,0,0.7510181847042882,1,en Hibernation,0
15138.0,1,0.7019754440216049,1,en Hibernation,0
17688.0,1,0.7165507851354043,1,en Hibernation,0
13226.0,1,0.40862836010647224,0,Potentiellement Fidèles,0
14600.0,1,0.40944223624421505,0,Besoin d'Attention,0
13309.0,0,0.2744220182586775,0,Potentiellement Fidèles,0
13961.0,1,0.7091158405210229,1,en Hibernation,0
17495.0,0,0.7116345149972103,1,en Hibernation,0
14192.0,1,0.7420369109791806,1,en Hibernation,0
14417.0,1,0.6613551313247866,1,en Hibernation,0
16224.0,0,0.306524807660715,0,Potentiellement Fidèles,0
15515.0,1,0.7490041507596842,1,en Hibernation,0
12890.0,0,0.7088798954473456,1,en Hibernation,0
17493.0,1,0.7480627417671206,1,Prometteurs,0
15525.0,0,0.4850555258006025,0,Besoin d'Attention,0
16821.0,1,0.7444090916254233,1,Prometteurs,0
15864.0,0,0.44616826247949576,0,Besoin d'Attention,0
15951.0,1,0.4045536049379924,0,Besoin d'Attention,0
17989.0,1,0.7256511805028486,1,Prometteurs,0
15961.0,1,0.7076427793851098,1,Prometteurs,0
15212.0,1,0.37359309663522305,0,Potentiellement Fidèles,0
17671.0,0,0.28228085429232397,0,Potentiellement Fidèles,0
14414.0,0,0.50528171861072,1,Besoin d'Attention,0
15922.0,1,0.6884247722978563,1,Prometteurs,0
17917.0,0,0.35628616233864585,0,Potentiellement Fidèles,0
16816.0,0,0.45227609955365544,0,Besoin d'Attention,0
17800.0,0,0.31435090720191644,0,Potentiellement Fidèles,0
15033.0,0,0.211442331466289,0,Potentiellement Fidèles,0
17064.0,0,0.6735566521472096,1,Prometteurs,0
17446.0,0,0.6689391461021225,1,Prometteurs,0
16389.0,0,0.33198368595721445,0,Potentiellement Fidèles,0
17535.0,1,0.6226625389488644,1,Prometteurs,0
14066.0,1,0.6106213645054495,1,Prometteurs,0
13950.0,0,0.5840979828235153,1,Prometteurs,0
18040.0,0,0.5763629353050774,1,Prometteurs,0
15119.0,1,0.5736664483642611,1,Prometteurs,0
16270.0,1,0.6478113996371409,1,Prometteurs,0
16112.0,0,0.47398190855072153,0,Besoin d'Attention,0
15464.0,1,0.5417543381544153,1,Prometteurs,0
14242.0,1,0.3622105731040125,0,Potentiellement Fidèles,0
13742.0,0,0.2024713496259162,0,Champions,0
17105.0,0,0.6286749226905045,1,Prometteurs,0
15753.0,1,0.6647894469102694,1,Prometteurs,0
17537.0,0,0.5957611749090759,1,Prometteurs,0
16494.0,1,0.592115897877972,1,Prometteurs,0
13904.0,0,0.6355088844896037,1,Prometteurs,0
12845.0,1,0.35629938813794415,0,Champions,0
15932.0,0,0.2602636229242038,0,Champions,0
17117.0,1,0.6375547034179492,1,Prometteurs,0
13345.0,1,0.5857853905306477,1,Prometteurs,0
16598.0,1,0.5999555330208147,1,Prometteurs,0
16517.0,1,0.6154443661613272,1,Prometteurs,0
14407.0,0,0.2809370031656364,0,Potentiellement Fidèles,0
13265.0,0,0.34504889932426974,0,Potentiellement Fidèles,0
13043.0,1,0.5697852639770038,1,Prometteurs,0
13499.0,0,0.3250998380854177,0,Potentiellement Fidèles,0
15106.0,0,0.29076853973337985,0,Potentiellement Fidèles,0
12994.0,0,0.5603578328436594,1,Prometteurs,0
13592.0,0,0.3050601874351139,0,Potentiellement Fidèles,0
16721.0,1,0.5741784216371959,1,Prometteurs,0
15449.0,0,0.5504342882484385,1,Prometteurs,0
15644.0,0,0.30364148262259,0,Potentiellement Fidèles,0
13918.0,0,0.5916482090228405,1,Prometteurs,0
13841.0,1,0.6002132834392699,1,Prometteurs,0
16142.0,1,0.5491881598783939,1,Prometteurs,0
17956.0,1,0.598663042925389,1,Prometteurs,0
15145.0,0,0.3168977103611716,0,Potentiellement Fidèles,0
18080.0,0,0.5628872095752785,1,Prometteurs,0
16806.0,0,0.31674040198993697,0,Potentiellement Fidèles,0
15745.0,0,0.5570358079998136,1,Prometteurs,0
15225.0,1,0.5463277992755998,1,Prometteurs,0
17120.0,1,0.5529299113894899,1,Prometteurs,0
14759.0,0,0.5272645975584782,1,Prometteurs,0
13524.0,0,0.5475401403088088,1,Nouveaux Clients,0
16610.0,1,0.5530255953962941,1,Nouveaux Clients,0
17174.0,1,0.552733364092876,1,Nouveaux Clients,0
14691.0,0,0.5216452090214343,1,Nouveaux Clients,0
15333.0,1,0.4977671660135086,0,Nouveaux Clients,0
17346.0,0,0.05473106099001477,0,Champions,3
17017.0,0,0.10381429876976817,0,Champions,3
15738.0,0,0.0631528789869417,0,Champions,3
13591.0,0,0.20740833310416407,0,Champions,2
17306.0,0,0.22270185473310816,0,Champions,0
13887.0,1,0.5121058289161337,1,Nouveaux Clients,0
17389.0,0,0.05598432910269882,0,Champions,3
13376.0,0,0.2884449606990703,0,Potentiellement Fidèles,0
12955.0,0,0.2963045738454198,0,Potentiellement Fidèles,0
12931.0,0,0.03812656086548121,0,Champions,3
15078.0,0,0.059787685056707535,0,Champions,3
13308.0,0,0.37893657324118146,0,Potentiellement Fidèles,2
15260.0,0,0.07540019703954563,0,Champions,3
13767.0,0,0.020748023335770322,0,Champions,3
15237.0,0,0.27895489800894707,0,Potentiellement Fidèles,0
18048.0,1,0.281921155607189,0,Potentiellement Fidèles,0
16696.0,0,0.3106844257819358,0,Potentiellement Fidèles,0
14195.0,1,0.2434140648752611,0,Champions,3
13555.0,0,0.1030953279746237,0,Champions,3
13227.0,1,0.5203927948533275,1,Nouveaux Clients,0
14878.0,0,0.08953961749481781,0,Champions,3
18125.0,0,0.2044686729142548,0,Potentiellement Fidèles,0
13946.0,0,0.2295245313161973,0,Champions,2
14769.0,0,0.02284086028500482,0,Champions,3
17611.0,0,0.015327015867762058,0,Champions,3
17949.0,0,0.0064198619714903316,0,Champions,1
14903.0,0,0.17419145019869275,0,Potentiellement Fidèles,0
15434.0,0,0.1934923893395564,0,Champions,3
13089.0,0,3.066755957487214e-05,0,Champions,1
17659.0,0,0.2209271520062437,0,Champions,0
14527.0,0,0.0016322655722889414,0,Champions,1
13534.0,0,0.08997845973202329,0,Champions,3
13771.0,0,0.15735297939705417,0,Champions,3
18173.0,0,0.26081976855122024,0,Champions,2
13694.0,0,5.402729105436057e-05,0,Champions,1
13098.0,0,0.18541457806986134,0,Champions,3
15140.0,0,0.2414730784695538,0,Champions,0
15039.0,0,0.0027420691562812113,0,Champions,3
17663.0,0,0.12563769597419225,0,Champions,3
14397.0,0,0.30750684576570814,0,Potentiellement Fidèles,0
16678.0,0,0.23745977622633904,0,Champions,0
12974.0,1,0.37324657428847297,0,Potentiellement Fidèles,2
16873.0,0,0.11758176963686921,0,Champions,3
12937.0,0,0.1842403363390086,0,Champions,2
16369.0,0,0.2338746398464525,0,Champions,2
17042.0,0,0.27733736587487623,0,Potentiellement Fidèles,0
13225.0,0,0.13712259813151395,0,Champions,3
16016.0,0,0.17498710951865934,0,Champions,0
14447.0,0,0.2598261054933064,0,Potentiellement Fidèles,0
13900.0,0,0.2021205541968984,0,Champions,2
15163.0,0,0.5108618505211219,1,Nouveaux Clients,0
15712.0,0,0.2640803554594108,0,Fidèles,2
13394.0,0,0.09629933311402955,0,Champions,3
14654.0,1,0.9470006405278855,1,Perdus,2
17742.0,0,0.31183516249799226,0,Fidèles,2
16620.0,1,0.2832017377268895,0,Champions,2
13381.0,0,0.15466049058785397,0,Champions,3
17191.0,0,0.14674126465936477,0,Champions,3
17428.0,0,0.02947529875207845,0,Champions,3
12842.0,0,0.4287298871903014,0,Besoin d'Attention,2
14894.0,0,0.6458753604756065,1,Sur le point de Partir,2
15833.0,1,0.9517178758579837,1,Perdus,2
17768.0,0,0.4649438056191619,0,En danger,2
12948.0,0,0.24502269328388257,0,Champions,2
13457.0,1,0.8492127908469448,1,Perdus,2
14739.0,0,0.09774576586239367,0,Champions,3
14204.0,1,0.4586927108033731,0,Sur le point de Partir,2
13623.0,0,0.1218349462542171,0,Champions,3
14980.0,1,0.9479215315538542,1,Perdus,2
15989.0,1,0.5554059043257314,1,Besoin d'Attention,2
15482.0,0,0.22858141853287342,0,Champions,3
13979.0,0,0.23950554716332736,0,En danger,3
13993.0,0,0.127874497857759,0,Champions,3
15466.0,0,0.4118503168959979,0,Sur le point de Partir,2
13208.0,0,0.1592802080592102,0,Champions,3
16139.0,0,0.31586631307305896,0,Potentiellement Fidèles,2
14967.0,0,0.5626766166508279,1,En danger,2
14958.0,0,0.31092094962317596,0,Champions,2
16736.0,1,0.5534438047612754,1,En danger,2
13001.0,0,0.03430788778466631,0,Champions,3
14644.0,0,0.3276779635755779,0,Fidèles,2
16003.0,0,0.35758148499805054,0,Fidèles,2
16645.0,1,0.9491461010927524,1,Perdus,2
13948.0,1,0.46417535050347447,0,Fidèles,2
16541.0,1,0.935042811685331,1,Perdus,2
13680.0,0,0.15329509372928102,0,Fidèles,3
15514.0,0,0.1384712844233161,0,Champions,3
16104.0,0,0.3553441282416951,0,En danger,3
13736.0,1,0.14732831206721755,0,Champions,3
16485.0,0,0.483497000130116,0,En danger,2
15878.0,1,0.7593962554214164,1,Perdus,2
14608.0,0,0.4143215870688928,0,Fidèles,2
14548.0,0,0.3100684871865675,0,Fidèles,2
15479.0,1,0.949605826900349,1,Perdus,2
13019.0,1,0.4255596629364103,0,Fidèles,2
13984.0,0,0.22375754381655252,0,Champions,2
13495.0,0,0.21981468087685874,0,Champions,3
14540.0,0,0.2246084999405098,0,Fidèles,3
16717.0,0,0.29453196774350704,0,Fidèles,3
17231.0,0,0.03714559663442172,0,Champions,3
14136.0,1,0.42776873985726976,0,En danger,2
14558.0,1,0.8175844511360104,1,En danger,2
17854.0,0,0.2243762397016175,0,Champions,2
17371.0,0,0.43824160787047,0,Fidèles,2
15456.0,1,0.20602964947439348,0,Champions,3
18051.0,1,0.7479767333633918,1,En danger,2
16705.0,0,0.030797051979649017,0,Champions,3
17631.0,0,0.267648643104857,0,Champions,2
17449.0,0,0.11904101387171165,0,Champions,3
14134.0,1,0.2635511027297846,0,Fidèles,3
12978.0,1,0.38495476998660055,0,Fidèles,2
16748.0,0,0.1788334496263092,0,Champions,3
15367.0,0,0.14502746133002112,0,Champions,3
14043.0,1,0.6920246171571642,1,Perdus,2
17958.0,0,0.9423133909048614,1,Perdus,2
17754.0,0,0.18561628757017049,0,Champions,3
15850.0,0,0.34049374265866167,0,Fidèles,2
17910.0,1,0.94398055653721,1,Perdus,2
16551.0,0,0.3808793253937871,0,Fidèles,2
15577.0,0,0.43903898430551214,0,Besoin d'Attention,2
14032.0,0,0.1677031376540099,0,Champions,3
17965.0,0,0.03491230434311789,0,Champions,3
14401.0,0,0.26052222551455484,0,Fidèles,3
16064.0,1,0.946274415076574,1,Perdus,2
15640.0,0,0.06695189944871377,0,Champions,3
15672.0,1,0.9492712119178113,1,Perdus,2
17095.0,0,0.28418964484455517,0,Fidèles,3
16749.0,1,0.7306345948003812,1,Perdus,2
15566.0,1,0.6347674399121602,1,Sur le point de Partir,2
13756.0,0,0.12948507463664444,0,Champions,3
15527.0,0,0.10402158952967779,0,Champions,3
13259.0,0,0.31789218454959023,0,En danger,2
14532.0,1,0.1220280297072807,0,Champions,3
18115.0,1,0.9418291250607137,1,Perdus,2
15549.0,0,0.32136217810183587,0,Fidèles,2
16954.0,0,0.178203940051573,0,Champions,3
14715.0,0,0.31265229024647845,0,Fidèles,2
14983.0,1,0.9320587454312615,1,Perdus,2
15191.0,1,0.6217258918832358,1,Sur le point de Partir,2
15003.0,1,0.3784634335963459,0,En danger,3
16281.0,0,0.6203553265469339,1,Sur le point de Partir,2
13514.0,0,0.6009436737669052,1,Sur le point de Partir,2
12873.0,1,0.3990008498287059,0,Potentiellement Fidèles,2
12869.0,1,0.9267011848600307,1,Perdus,2
17604.0,1,0.17925552989053292,0,Champions,2
13392.0,1,0.9339108105012899,1,Perdus,2
15022.0,0,0.9297267466115552,1,Perdus,2
14370.0,1,0.5381807845583035,1,En danger,2
15512.0,0,0.4999419761255654,0,Besoin d'Attention,2
17361.0,0,0.4204815203076419,0,Besoin d'Attention,2
17163.0,0,0.662661064842148,1,Sur le point de Partir,2
17504.0,1,0.07152029659297611,0,Champions,3
17647.0,0,0.8451854866912445,1,Perdus,2
13242.0,0,0.25880833594727676,0,Champions,2
14072.0,1,0.9247878906305578,1,Perdus,2
13446.0,1,0.3769761035138106,0,En danger,3
15425.0,1,0.4437874768048453,0,En danger,2
15538.0,1,0.6750946722255732,1,En danger,2
17402.0,0,0.15277421383214237,0,Champions,3
17526.0,1,0.24999012267729875,0,Fidèles,3
13921.0,1,0.5082139284716487,1,En danger,2
17624.0,0,0.2858894405622888,0,Potentiellement Fidèles,2
14404.0,0,0.2069566561632437,0,Champions,3
14198.0,0,0.2585231299915492,0,Champions,2
15186.0,0,0.6463384007077887,1,En danger,2
12939.0,0,0.21501872343608733,0,Champions,3
14137.0,1,0.928604126036197,1,Perdus,2
14154.0,1,0.13171300995868582,0,Champions,3
16304.0,1,0.933249544170272,1,Perdus,2
13787.0,0,0.41442636688774387,0,Fidèles,2
14256.0,1,0.2498855367511126,0,Champions,3
16660.0,0,0.2714874113077535,0,Champions,2
15605.0,0,0.2523043260721171,0,Champions,2
15771.0,1,0.772254990976744,1,En danger,2
14420.0,0,0.4878473571998541,0,Sur le point de Partir,2
14207.0,1,0.9379157467238499,1,Perdus,2
14431.0,1,0.35777589441718183,0,Fidèles,2
14714.0,0,0.5018526762746812,1,Sur le point de Partir,2
14274.0,1,0.9339244894857703,1,Perdus,2
16822.0,1,0.9169389883947026,1,Perdus,2
16950.0,0,0.3519514043915207,0,Fidèles,2
13036.0,1,0.9349040821123116,1,Perdus,2
14879.0,1,0.9310498509693172,1,Perdus,2
15711.0,1,0.7634936418230565,1,Perdus,2
13729.0,1,0.574704288858321,1,Sur le point de Partir,2
14044.0,0,0.09287586299202079,0,Fidèles,3
14621.0,0,0.37891461258112563,0,Fidèles,3
13477.0,0,0.19504549846417946,0,Champions,3
15611.0,0,0.20354550142992367,0,Champions,3
17982.0,1,0.9333698168181567,1,Perdus,2
13851.0,0,0.31071872965388403,0,Fidèles,2
13757.0,1,0.9320457831891726,1,Perdus,2
15591.0,1,0.7719563673947551,1,En danger,2
13783.0,1,0.6508080885677793,1,En danger,2
17138.0,1,0.17283792127651343,0,Champions,3
16788.0,0,0.15287384077448876,0,Champions,3
15371.0,1,0.9307607024878096,1,Perdus,2
15325.0,0,0.35707850247429906,0,En danger,2
13503.0,0,0.48508750295153724,0,En danger,3
13659.0,1,0.0980596325914804,0,Champions,3
18218.0,1,0.27120105500757286,0,Champions,2
14783.0,1,0.913283066685755,1,Perdus,2
15295.0,1,0.9131973948508653,1,Perdus,2
16388.0,1,0.9233796170269961,1,Perdus,2
14284.0,0,0.9120637303870132,1,Perdus,2
13765.0,1,0.920729135782434,1,Perdus,2
14006.0,0,0.2566223879122617,0,Champions,2
17534.0,0,0.5456055470333006,1,En danger,2
15124.0,0,0.6904601721319216,1,Perdus,2
16037.0,1,0.2879026220086852,0,Champions,2
17116.0,1,0.9096667935284103,1,Perdus,2
16461.0,0,0.6346450116618682,1,Perdus,2
17049.0,0,0.10493831614631,0,Champions,3
15094.0,1,0.6897785905977071,1,Sur le point de Partir,2
16331.0,1,0.5354450402273749,1,En danger,2
17236.0,0,0.20203813980779992,0,Champions,2
15631.0,1,0.9071910613492676,1,Perdus,2
16310.0,1,0.6198165333796551,1,Sur le point de Partir,2
12825.0,1,0.7247624526736739,1,Perdus,2
18245.0,0,0.06906152424908397,0,Champions,3
18039.0,1,0.38608153107567855,0,Fidèles,2
13283.0,0,0.7679564556165702,1,Perdus,2
13305.0,0,0.18210367431799115,0,Champions,3
17065.0,1,0.8209601825075789,1,Perdus,2
13724.0,1,0.9091975416994725,1,Perdus,2
15994.0,0,0.5390968642879177,1,Sur le point de Partir,2
13183.0,0,0.19340035740564113,0,Champions,3
17849.0,1,0.2342386245965337,0,Champions,0
14857.0,0,0.4713825094982534,0,En danger,2
18063.0,1,0.6162409234967473,1,Sur le point de Partir,2
13371.0,1,0.6076266923445657,1,Perdus,2
15775.0,1,0.4578586362137961,0,Potentiellement Fidèles,2
14427.0,0,0.6949599776883442,1,Perdus,2
15918.0,0,0.4577301144218422,0,Potentiellement Fidèles,2
16199.0,1,0.49203449358448337,0,En danger,2
14832.0,1,0.8929156632010365,1,Perdus,2
15650.0,1,0.7017760492379548,1,Perdus,2
13466.0,0,0.522199104830031,1,En danger,2
15614.0,1,0.5145803094937608,1,En danger,2
16615.0,1,0.8977907201955754,1,Perdus,2
15027.0,0,0.21440254705867745,0,Champions,3
16794.0,0,0.3636410845082588,0,Fidèles,2
16666.0,0,0.9106344671531141,1,Perdus,2
16532.0,0,0.47925854618649383,0,Besoin d'Attention,2
16456.0,0,0.11782340128635001,0,Champions,3
16036.0,0,0.32632841165466614,0,Potentiellement Fidèles,2
16176.0,1,0.5146403612072458,1,En danger,2
17664.0,0,0.29209379440744104,0,Potentiellement Fidèles,2
16847.0,0,0.902625067424509,1,Perdus,2
14893.0,1,0.8537131459096693,1,Perdus,2
13582.0,1,0.6061544299729387,1,Sur le point de Partir,2
16054.0,0,0.5160655908209455,1,Sur le point de Partir,2
14694.0,1,0.9073653847130589,1,Perdus,2
14489.0,1,0.24507025136102553,0,Champions,2
12997.0,0,0.242825468985307,0,Champions,3
13207.0,0,0.6729882079867221,1,Sur le point de Partir,2
17563.0,1,0.7354706678594803,1,Perdus,2
13852.0,1,0.8938721707276962,1,Perdus,2
17746.0,1,0.2977960524283103,0,Champions,2
15638.0,1,0.4568982494606506,0,Fidèles,2
15067.0,0,0.29441546510590055,0,Potentiellement Fidèles,2
17594.0,0,0.34008598709640403,0,Potentiellement Fidèles,2
15814.0,0,0.5882722742689831,1,Sur le point de Partir,2
14988.0,1,0.15265900702083182,0,Champions,3
14845.0,1,0.9046622753029006,1,Perdus,2
15451.0,1,0.6043983230218418,1,Sur le point de Partir,2
12983.0,1,0.8901593558222629,1,Perdus,2
16256.0,1,0.36510964433759896,0,Potentiellement Fidèles,2
16472.0,1,0.6222659951165992,1,Sur le point de Partir,2
15651.0,0,0.351069691647052,0,Potentiellement Fidèles,2
14655.0,0,0.24862672404664923,0,Champions,3
17240.0,1,0.901540500667526,1,Perdus,2
15474.0,1,0.8966334165577744,1,Perdus,2
15717.0,1,0.29736329340055756,0,Champions,0
14021.0,0,0.21577842413854537,0,Champions,0
13064.0,0,0.4549528687049354,0,Besoin d'Attention,2
14237.0,1,0.5432904805138198,1,Besoin d'Attention,2
13539.0,0,0.2585099119583797,0,Champions,0
13775.0,1,0.8645231843716382,1,Perdus,2
15954.0,1,0.8929249927725037,1,Perdus,2
15709.0,1,0.4690893874920918,0,Potentiellement Fidèles,2
12915.0,0,0.45850512901320106,0,Besoin d'Attention,2
13465.0,1,0.6323904653350442,1,Sur le point de Partir,2
14962.0,1,0.3642241977253699,0,Champions,2
16135.0,1,0.4349247897029287,0,Potentiellement Fidèles,2
17759.0,0,0.5744401036060289,1,Sur le point de Partir,2
15704.0,0,0.23420624832046116,0,Potentiellement Fidèles,2
14272.0,0,0.3533964803162552,0,Potentiellement Fidèles,2
13830.0,1,0.8786964650984755,1,Perdus,2
13007.0,1,0.8911927844809665,1,Perdus,2
17135.0,0,0.30392740759639447,0,Fidèles,2
17482.0,1,0.6590103179841122,1,Perdus,2
16614.0,0,0.5937822733081491,1,Sur le point de Partir,2
14391.0,1,0.8890525621682028,1,Perdus,2
17845.0,1,0.708045017175022,1,En danger,2
17897.0,0,0.29221748913505463,0,Fidèles,3
15199.0,0,0.25349906066315925,0,Champions,0
15280.0,0,0.6650125701727307,1,Perdus,2
14325.0,1,0.882298246073936,1,Perdus,2
17382.0,0,0.5460134315392692,1,En danger,2
15636.0,0,0.38719142701020975,0,Potentiellement Fidèles,2
16059.0,0,0.16304355880464733,0,Champions,3
16664.0,1,0.8878984987842838,1,Perdus,2
17758.0,0,0.12817630898171925,0,Champions,3
16290.0,1,0.5657455985343728,1,En danger,2
13778.0,0,0.6487898932534779,1,En danger,2
17278.0,1,0.43419749470282076,0,Potentiellement Fidèles,2
14920.0,1,0.2575746032374247,0,Potentiellement Fidèles,2
16185.0,0,0.41143284289183585,0,Potentiellement Fidèles,2
18052.0,1,0.643031515421424,1,Perdus,3
14847.0,0,0.5642582869354451,1,Sur le point de Partir,2
18000.0,1,0.8857635531836731,1,Perdus,2
15217.0,1,0.8722928553928987,1,Perdus,2
13880.0,0,0.18924780603375596,0,Champions,0
13169.0,0,0.4509976462819494,0,Potentiellement Fidèles,2
14876.0,1,0.719941199979984,1,Perdus,2
17822.0,1,0.42743281061261496,0,En danger,2
16518.0,0,0.3689523067797997,0,Besoin d'Attention,2
16565.0,1,0.48783126873423216,0,Fidèles,2
14687.0,0,0.5831722254310033,1,Sur le point de Partir,2
17515.0,0,0.18677234542308724,0,Champions,0
12829.0,1,0.46389161748584107,0,Besoin d'Attention,2
17101.0,0,0.5364354060024306,1,Sur le point de Partir,2
14618.0,1,0.4042611124008228,0,Fidèles,0
17691.0,1,0.4499392419533584,0,Fidèles,0
16205.0,0,0.4789520200679078,0,Sur le point de Partir,2
14634.0,1,0.5116795740099681,1,En danger,3
18042.0,0,0.8716205052401824,1,Perdus,2
16486.0,1,0.8697787550702046,1,Perdus,2
16227.0,1,0.2958307600658806,0,Potentiellement Fidèles,2
17304.0,1,0.8691453123847035,1,Perdus,2
15824.0,1,0.6280928876242542,1,Sur le point de Partir,2
17543.0,1,0.8746515686180143,1,Perdus,2
16072.0,1,0.13001628353412162,0,Fidèles,3
13502.0,0,0.3597239229810091,0,Champions,0
16453.0,1,0.71930444240064,1,Perdus,2
15430.0,1,0.6401149114276291,1,Sur le point de Partir,2
13302.0,0,0.8657571698233976,1,Perdus,2
14366.0,1,0.8649417380704624,1,Perdus,2
16032.0,1,0.47568186542225477,0,En danger,0
15678.0,0,0.5137698592894089,1,Sur le point de Partir,2
12963.0,0,0.41321582666798035,0,Fidèles,0
13399.0,1,0.6358574461949319,1,Sur le point de Partir,0
17492.0,1,0.3386005015348798,0,Potentiellement Fidèles,0
15283.0,1,0.5399283424648607,1,Sur le point de Partir,0
13779.0,1,0.8460468476221868,1,Perdus,2
14084.0,1,0.8536364515031424,1,Perdus,2
15908.0,1,0.6619961372712262,1,Perdus,0
17921.0,0,0.19968035853734042,0,Champions,3
17395.0,1,0.8536960954650863,1,Perdus,2
17090.0,0,0.24409000137188172,0,Champions,0
12864.0,0,0.852320069690724,1,Perdus,2
13444.0,1,0.5299084672906204,1,Besoin d'Attention,2
18026.0,1,0.6775669164983177,1,Perdus,0
18132.0,1,0.8196900762335878,1,Perdus,2
15080.0,1,0.5965775088611321,1,Sur le point de Partir,2
14384.0,1,0.8489440102839824,1,Perdus,2
15596.0,0,0.19543270565874815,0,Champions,3
15459.0,1,0.6062839353301906,1,Sur le point de Partir,0
14455.0,1,0.5277407470410829,1,En danger,0
14001.0,0,0.2401870548976364,0,Champions,0
18079.0,0,0.3941134334982355,0,Potentiellement Fidèles,2
13140.0,0,0.4536584099360042,0,Besoin d'Attention,0
17132.0,1,0.5751717753217533,1,Sur le point de Partir,0
14822.0,1,0.8335385836953816,1,Perdus,2
14736.0,1,0.6144744411099342,1,Perdus,0
16477.0,0,0.15280557819788707,0,Champions,0
14630.0,1,0.8230547791938343,1,Perdus,2
17639.0,1,0.3076700559158045,0,Champions,0
15050.0,0,0.5322134583970476,1,Sur le point de Partir,0
15310.0,1,0.7763956169787177,1,Perdus,0
17585.0,0,0.2001503369369472,0,Champions,0
14767.0,1,0.8159388894515396,1,Perdus,0
17649.0,0,0.6233812727721982,1,Sur le point de Partir,0
17336.0,1,0.8293868224593249,1,Perdus,0
18124.0,1,0.8185976758768695,1,Perdus,0
17894.0,0,0.15358301570800167,0,Fidèles,3
15074.0,0,0.582309457322814,1,Sur le point de Partir,0
16239.0,0,0.5191881755041717,1,Fidèles,0
17369.0,1,0.7976584369163751,1,en Hibernation,0
14708.0,0,0.502025291180922,1,Besoin d'Attention,0
17616.0,0,0.38758043658883007,0,Potentiellement Fidèles,0
13312.0,1,0.8097818116685265,1,en Hibernation,0
14363.0,1,0.579682399218069,1,Sur le point de Partir,0
15535.0,0,0.2509219964538651,0,Champions,0
14776.0,0,0.22491395158691596,0,Champions,0
17167.0,1,0.4701721749756728,0,Besoin d'Attention,0
17480.0,0,0.7867954364690691,1,en Hibernation,0
17840.0,1,0.7778770644841853,1,en Hibernation,0
15761.0,1,0.8018865901785155,1,en Hibernation,0
13519.0,0,0.7966777662300426,1,en Hibernation,0
18193.0,0,0.5015278527840203,1,Besoin d'Attention,0
14992.0,1,0.7871281526322664,1,en Hibernation,0
17396.0,0,0.4654621173006751,0,Fidèles,0
13386.0,1,0.5696002164566963,1,Sur le point de Partir,0
14657.0,0,0.2876320471766381,0,Champions,0
17533.0,1,0.7997225725648822,1,en Hibernation,0
16306.0,1,0.23143008026253475,0,Champions,0
13674.0,1,0.7617931997295583,1,en Hibernation,0
16848.0,0,0.4814237027211018,0,Besoin d'Attention,0
15859.0,1,0.7760306700667955,1,en Hibernation,0
14008.0,1,0.7427570436688342,1,en Hibernation,0
14065.0,1,0.49957903011506843,0,Sur le point de Partir,0
15392.0,0,0.43040490921784746,0,Fidèles,0
15730.0,0,0.25393155789953803,0,Potentiellement Fidèles,0
15346.0,1,0.4343181140050882,0,Besoin d'Attention,0
14314.0,0,0.7709407536654556,1,en Hibernation,0
14470.0,1,0.4084790719578486,0,Besoin d'Attention,0
15782.0,0,0.7278516726818157,1,en Hibernation,0
14118.0,1,0.776366832826423,1,en Hibernation,0
14127.0,0,0.2723708178868036,0,Champions,0
15645.0,0,0.5739420099166938,1,Sur le point de Partir,0
15277.0,0,0.7796788899402272,1,en Hibernation,0
13747.0,1,0.5452841666378241,1,Besoin d'Attention,0
14746.0,1,0.5535223105980032,1,En danger,0
16418.0,0,0.2895951351827885,0,Potentiellement Fidèles,0
17717.0,1,0.7644592334220958,1,en Hibernation,0
15626.0,0,0.43403972199245605,0,Besoin d'Attention,0
17510.0,0,0.7747448170422592,1,en Hibernation,0
13079.0,0,0.7746977021279038,1,en Hibernation,0
15011.0,1,0.5501827876556308,1,Sur le point de Partir,0
14585.0,0,0.46218084017241456,0,Fidèles,0
13840.0,1,0.743151693750566,1,en Hibernation,0
14617.0,1,0.5703087707311444,1,Sur le point de Partir,0
16916.0,0,0.43488226357252074,0,Besoin d'Attention,0
16642.0,1,0.30966249016305397,0,Potentiellement Fidèles,0
14148.0,1,0.383851619578681,0,Potentiellement Fidèles,0
16445.0,0,0.4608148410462928,0,Besoin d'Attention,0
15337.0,1,0.7324308702859122,1,en Hibernation,0
16193.0,1,0.35733204862373086,0,Potentiellement Fidèles,0
14673.0,0,0.4426207424773344,0,Besoin d'Attention,0
13578.0,1,0.7696854206000865,1,en Hibernation,0
14271.0,1,0.3530154893810546,0,Potentiellement Fidèles,0
16188.0,0,0.3022048109799685,0,Potentiellement Fidèles,0
15285.0,1,0.7709972313735107,1,en Hibernation,0
16630.0,1,0.7472196023339296,1,en Hibernation,0
16780.0,0,0.3798625660087776,0,Potentiellement Fidèles,0
17974.0,0,0.19773704456571553,0,Champions,0
17821.0,1,0.7643900815999448,1,en Hibernation,0
13580.0,1,0.770408585245565,1,en Hibernation,0
13310.0,0,0.24180753967367263,0,Champions,0
13331.0,1,0.7572268957307926,1,en Hibernation,0
16865.0,1,0.7583788543283372,1,en Hibernation,0
13049.0,0,0.43790764207310073,0,Besoin d'Attention,0
16712.0,0,0.1706963569675921,0,Champions,0
14737.0,0,0.5311572568303186,1,Besoin d'Attention,0
14777.0,1,0.7017234059331827,1,en Hibernation,0
18127.0,0,0.7542542219969275,1,en Hibernation,0
13597.0,1,0.5512990824888997,1,Sur le point de Partir,0
17276.0,1,0.6971158434281303,1,en Hibernation,0
13846.0,0,0.29332122966014923,0,Potentiellement Fidèles,0
13646.0,1,0.5075334147121976,1,Sur le point de Partir,0
16899.0,0,0.24984513645979559,0,Champions,0
17208.0,1,0.7486862961556403,1,en Hibernation,0
17374.0,1,0.2961874173202997,0,Potentiellement Fidèles,0
15001.0,1,0.5283257160905421,1,Sur le point de Partir,0
17288.0,0,0.16388342176590714,0,Champions,0
17903.0,1,0.7243045286615446,1,en Hibernation,0
14082.0,1,0.48297437310319496,0,Besoin d'Attention,0
13167.0,0,0.7416471201693089,1,en Hibernation,0
18221.0,0,0.3264107942524306,0,Potentiellement Fidèles,0
12991.0,0,0.7438820178786404,1,en Hibernation,0
16399.0,0,0.33437041825641695,0,Potentiellement Fidèles,0
18084.0,0,0.5249703558455993,1,Besoin d'Attention,0
16083.0,0,0.46017340892867276,0,Besoin d'Attention,0
13624.0,1,0.7044800250640585,1,en Hibernation,0
13458.0,0,0.12339318284098233,0,Champions,3
16829.0,0,0.7400473960516306,1,en Hibernation,0
14405.0,1,0.7509013629947171,1,Prometteurs,0
17355.0,1,0.7301102284913729,1,Prometteurs,0
16936.0,0,0.6884853177053721,1,Prometteurs,0
16599.0,1,0.7434498429018197,1,Prometteurs,0
15846.0,1,0.7344093810602609,1,Prometteurs,0
12858.0,1,0.6958811039545977,1,Prometteurs,0
13550.0,1,0.7163018318819581,1,Prometteurs,0
14048.0,1,0.3245583025775716,0,Besoin d'Attention,0
17598.0,1,0.7347105404015952,1,Prometteurs,0
18076.0,1,0.7417192794540848,1,Prometteurs,0
12961.0,1,0.7179155189416181,1,Prometteurs,0
17283.0,1,0.7336895627081252,1,Prometteurs,0
16262.0,1,0.6345311276083114,1,Prometteurs,0
15404.0,1,0.7280255821584428,1,Prometteurs,0
16355.0,1,0.6710104028968588,1,Prometteurs,0
17468.0,0,0.7425282382749704,1,Prometteurs,0
17826.0,1,0.7175847468326252,1,Prometteurs,0
16473.0,0,0.38853239415508295,0,Besoin d'Attention,0
17820.0,1,0.6830567824531587,1,Prometteurs,0
14594.0,1,0.7078402783031004,1,Prometteurs,0
17855.0,1,0.7198312325282088,1,Prometteurs,0
17976.0,1,0.6815667975314372,1,Prometteurs,0
15894.0,1,0.37870301785011307,0,Potentiellement Fidèles,0
15899.0,1,0.7331848093363775,1,Prometteurs,0
15919.0,0,0.6959602583647383,1,Prometteurs,0
13030.0,1,0.6774616816459679,1,Prometteurs,0
13369.0,1,0.6802983984949241,1,Prometteurs,0
17752.0,1,0.7267362474185367,1,Prometteurs,0
14185.0,1,0.6912062999886727,1,Prometteurs,0
17786.0,0,0.660199787376028,1,Prometteurs,0
16378.0,1,0.34492373028186246,0,Potentiellement Fidèles,0
17507.0,1,0.32715572551973965,0,Potentiellement Fidèles,0
16217.0,1,0.3273463565890076,0,Potentiellement Fidèles,0
14071.0,0,0.3540323208555565,0,Potentiellement Fidèles,0
12902.0,1,0.6058663061015793,1,Prometteurs,0
15831.0,0,0.6377761923165374,1,Prometteurs,0
13068.0,1,0.6799266027396115,1,Prometteurs,0
14368.0,1,0.6745472898053886,1,Prometteurs,0
13725.0,0,0.24337868099669643,0,Champions,0
14842.0,0,0.630852377537738,1,Prometteurs,0
15843.0,1,0.6566005591132666,1,Prometteurs,0
18159.0,1,0.6289077203495523,1,Prometteurs,0
14371.0,1,0.6508403281077625,1,Prometteurs,0
15121.0,0,0.6242787812467582,1,Prometteurs,0
13261.0,1,0.41061538011422616,0,Potentiellement Fidèles,0
17654.0,1,0.6124697953209749,1,Prometteurs,0
14165.0,1,0.6088937255899987,1,Prometteurs,0
15632.0,0,0.2832067966391398,0,Potentiellement Fidèles,0
14297.0,0,0.6147259924996388,1,Prometteurs,0
13899.0,0,0.6091366560698798,1,Prometteurs,0
14603.0,1,0.6092165297794068,1,Prometteurs,0
16808.0,0,0.6097660987179678,1,Prometteurs,0
14352.0,0,0.3372370872053317,0,Potentiellement Fidèles,0
13708.0,1,0.5749128953194115,1,Prometteurs,0
13121.0,1,0.5382582030867569,1,Prometteurs,0
13533.0,0,0.36276909164859866,0,Potentiellement Fidèles,0
14377.0,0,0.6030636990937926,1,Prometteurs,0
17250.0,1,0.589675024336402,1,Prometteurs,0
14348.0,1,0.5849531623994714,1,Prometteurs,0
17946.0,1,0.3478279973769995,0,Potentiellement Fidèles,0
15528.0,1,0.5757421480617354,1,Prometteurs,0
17088.0,0,0.5221085668717692,1,Prometteurs,0
17781.0,0,0.6000655854107073,1,Prometteurs,0
18263.0,0,0.5805517223557042,1,Prometteurs,0
18185.0,1,0.5749454493416088,1,Prometteurs,0
16633.0,0,0.5423202460107285,1,Prometteurs,0
16637.0,0,0.5443151839270207,1,Prometteurs,0
14149.0,1,0.45406985437614095,0,Prometteurs,0
15582.0,0,0.5321577615315012,1,Prometteurs,0
17394.0,1,0.5506631563393843,1,Nouveaux Clients,0
16457.0,1,0.544604779903166,1,Nouveaux Clients,0
13867.0,0,0.5478024036218997,1,Nouveaux Clients,0
13741.0,0,0.5118270547467109,1,Nouveaux Clients,0
17410.0,0,0.5320087727678485,1,Nouveaux Clients,0
13990.0,1,0.5281331876531435,1,Nouveaux Clients,0
15187.0,0,0.5292991300391079,1,Nouveaux Clients,0
17263.0,1,0.5231880424989863,1,Nouveaux Clients,0
16446.0,1,0.5066649724734349,1,Nouveaux Clients,0
12971.0,0,0.014277739308117014,0,Champions,3
18145.0,0,0.13169568494374498,0,Champions,3
13418.0,0,0.05546836412664473,0,Champions,3
18168.0,0,0.08759830182540877,0,Champions,3
18225.0,0,0.0739252815755955,0,Champions,3
16146.0,0,0.29035684906683895,0,Potentiellement Fidèles,0
15370.0,0,0.24780509867835163,0,Champions,0
15220.0,0,0.2613254801011274,0,Potentiellement Fidèles,0
13856.0,0,0.2063368845036735,0,Champions,0
16497.0,0,0.06510961400377627,0,Champions,3
15290.0,0,0.1377722209726381,0,Champions,3
18198.0,0,0.20012540625844735,0,Champions,0
17757.0,0,0.02363304758412328,0,Champions,3
13527.0,0,0.13948402650950828,0,Champions,3
17176.0,1,0.29235772981215397,0,Potentiellement Fidèles,2
14921.0,0,0.4584055628166047,0,Nouveaux Clients,0
14647.0,1,0.3492030688792473,0,Potentiellement Fidèles,2
15555.0,0,0.020687640177779496,0,Champions,3
15938.0,0,0.22291517744953193,0,Champions,0
14514.0,0,0.12274628641959764,0,Champions,3
12877.0,0,0.1337609088411557,0,Champions,3
14239.0,0,0.1269135917746665,0,Champions,3
14049.0,0,0.042984002247356635,0,Champions,3
14573.0,0,0.11754091867600094,0,Champions,3
13078.0,0,0.04277633505585572,0,Champions,3
15311.0,0,3.1102474955967915e-05,0,Champions,1
14817.0,1,0.14828629661002343,0,Champions,3
18160.0,0,0.3156570494703905,0,Potentiellement Fidèles,0
13590.0,0,0.0757758567129556,0,Champions,3
13854.0,0,0.07594188687277012,0,Champions,3
15819.0,0,0.13898979494877967,0,Champions,3
17375.0,1,0.23701780530329847,0,Champions,0
15042.0,1,0.39688253047834526,0,Potentiellement Fidèles,2
15804.0,0,0.484398426361028,0,Nouveaux Clients,0
13263.0,0,0.047830794157144384,0,Champions,3
17770.0,1,0.2625709480286968,0,Champions,0
14009.0,1,0.24768847726724563,0,Potentiellement Fidèles,0
14584.0,0,0.17820578673994214,0,Champions,2
15805.0,0,0.06637669664366001,0,Champions,3
15658.0,0,0.17880468491066884,0,Champions,3
12942.0,0,0.33566979483667797,0,Potentiellement Fidèles,0
14816.0,1,0.5192192327729085,1,Nouveaux Clients,0
15852.0,0,0.3602335925138214,0,Potentiellement Fidèles,2
16624.0,0,0.49837111131193007,0,Nouveaux Clients,0
14740.0,1,0.11395768105527652,0,Champions,3
17739.0,0,0.1420792987458957,0,Champions,3
15172.0,0,0.2883843600484685,0,Potentiellement Fidèles,0
14828.0,1,0.1352714847541376,0,Champions,3
13488.0,0,0.05875671936959943,0,Champions,3
15939.0,0,0.2067502052586919,0,Champions,0
18242.0,0,0.1983447868508344,0,Champions,2
16323.0,1,0.39386619783597937,0,Potentiellement Fidèles,2
17412.0,0,0.11277890467388245,0,Champions,3
17051.0,1,0.21033836656388802,0,Champions,2
16566.0,0,0.3230261131156103,0,Potentiellement Fidèles,0
16167.0,1,0.49377951302114614,0,En danger,2
17984.0,0,0.38585672936785803,0,En danger,2
14871.0,0,0.2322321066061566,0,Champions,2
15662.0,1,0.8474033974749012,1,Perdus,2
13442.0,1,0.8265972375594318,1,En danger,2
13819.0,1,0.3194740477494505,0,Fidèles,2
14831.0,1,0.800082095558079,1,En danger,2
17818.0,1,0.9446714263407645,1,Perdus,2
14667.0,0,0.01220299644986941,0,Champions,3
14669.0,1,0.09967481497683289,0,Champions,3
17909.0,1,0.9508833746720953,1,Perdus,2
17606.0,1,0.9515052518757254,1,Perdus,2
17716.0,0,0.09252425772589842,0,Champions,3
14838.0,1,0.6275042530048929,1,Sur le point de Partir,2
14483.0,1,0.5162262402326409,1,Potentiellement Fidèles,2
13753.0,1,0.33479562161417914,0,Fidèles,2
15965.0,0,0.2824661266456953,0,Fidèles,3
16159.0,1,0.3493811643831181,0,Champions,2
17581.0,0,0.040851832594594926,0,Champions,3
15953.0,0,0.14912041598193512,0,Champions,3
12949.0,0,0.05680355467287412,0,Champions,3
15884.0,1,0.6654724166718913,1,Sur le point de Partir,2
17884.0,1,0.10211958503301853,0,Fidèles,3
13679.0,1,0.6533340788268737,1,En danger,2
14238.0,1,0.47028388999543735,0,Besoin d'Attention,2
13958.0,1,0.3073152867311682,0,Fidèles,3
13641.0,1,0.7739478279177999,1,En danger,2
15420.0,1,0.504521127872172,1,En danger,2
16158.0,1,0.6109601847391991,1,En danger,2
14709.0,0,0.13041176981831493,0,Champions,3
16277.0,1,0.9467906112920914,1,Perdus,2
13448.0,0,0.08886743643000806,0,Champions,3
16964.0,1,0.8872326350811625,1,Perdus,2
17848.0,0,0.11041622222377137,0,Champions,3
17561.0,0,0.44310349133036325,0,Sur le point de Partir,2
17557.0,0,0.9514537103397173,1,Perdus,2
16124.0,1,0.3612031213973489,0,Fidèles,2
13693.0,1,0.35236121965470907,0,Fidèles,3
14955.0,1,0.9453635749228222,1,Perdus,2
13905.0,1,0.9325135040486561,1,Perdus,2
14408.0,0,0.27424502736992096,0,Champions,2
13234.0,1,0.8314244691992776,1,Perdus,2
17441.0,1,0.9461942708189808,1,Perdus,2
17988.0,0,0.30242126371669104,0,Fidèles,2
13042.0,1,0.658202804397492,1,En danger,2
17047.0,0,0.20077003791004625,0,Champions,2
15093.0,0,0.099294230526567,0,Champions,3
13643.0,0,0.4029372885242411,0,Fidèles,3
15924.0,1,0.9484789539058881,1,Perdus,2
18275.0,1,0.782439173160221,1,Perdus,2
15403.0,1,0.7301725277804831,1,Perdus,2
14211.0,0,0.12700832199639742,0,Champions,3
15911.0,1,0.6379398738006532,1,En danger,2
13141.0,0,0.07429213272988504,0,Champions,3
14107.0,0,0.18633796909642583,0,Champions,3
12917.0,0,0.47991498778339853,0,En danger,2
15441.0,1,0.5279958341071613,1,Sur le point de Partir,2
15077.0,1,0.6811811361085492,1,Perdus,2
15209.0,1,0.9479037428250243,1,Perdus,2
17388.0,0,0.20836021494353568,0,Champions,2
13091.0,0,0.855313351266527,1,Perdus,2
15642.0,1,0.9493788587521489,1,Perdus,2
15912.0,0,0.20995261021909037,0,Champions,2
15623.0,0,0.4064999017057335,0,En danger,2
14626.0,0,0.18132034411202072,0,Champions,3
15916.0,0,0.15675939167700223,0,Champions,3
14507.0,0,0.14312753176999893,0,Champions,3
16798.0,1,0.6299757381458498,1,En danger,2
15494.0,0,0.4789885748430911,0,En danger,2
18172.0,0,0.04159330873901738,0,Champions,3
16952.0,0,0.5735215760989919,1,Sur le point de Partir,2
17487.0,1,0.9484093144002497,1,Perdus,2
17860.0,1,0.3903484517681506,0,Fidèles,2
16719.0,0,0.13497143545279194,0,Champions,3
15628.0,0,0.19571667240904506,0,Champions,3
14525.0,0,0.12543267903155336,0,Champions,3
13462.0,1,0.27861431726740893,0,Champions,2
16190.0,0,0.3978688501418269,0,En danger,2
15329.0,0,0.37846027884270184,0,Fidèles,3
13004.0,0,0.04144617909429641,0,Champions,3
17572.0,0,0.2580806125769544,0,Champions,2
17368.0,0,0.18887508297028568,0,Champions,3
13047.0,0,0.09943062663976437,0,Champions,3
13769.0,0,0.12583857984359118,0,Champions,3
16195.0,1,0.9444642702758995,1,Perdus,2
15055.0,1,0.5995391417393594,1,En danger,2
12867.0,0,0.08057793918507082,0,Champions,3
16109.0,1,0.30917951801575766,0,Potentiellement Fidèles,2
14849.0,0,0.058101594231339065,0,Champions,3
14160.0,1,0.7216558384661923,1,En danger,2
17222.0,0,0.5692662902755977,1,En danger,2
17740.0,1,0.49018392811385375,0,En danger,2
14984.0,0,0.5245754506036221,1,En danger,2
17023.0,1,0.5568535519738589,1,Sur le point de Partir,2
14754.0,0,0.30682937848442104,0,Fidèles,2
15795.0,0,0.4684949642127001,0,En danger,2
15164.0,0,0.11744662081470146,0,Champions,3
14343.0,1,0.397776428454622,0,En danger,2
16867.0,1,0.938297900984132,1,Perdus,2
16287.0,0,0.49505671203257406,0,Fidèles,2
17706.0,0,0.10135430552510685,0,Fidèles,3
14472.0,0,0.218747095762392,0,Champions,2
17356.0,1,0.34013359650859715,0,Fidèles,2
17726.0,1,0.43817497589433557,0,En danger,2
12846.0,1,0.9376724073959578,1,Perdus,2
15073.0,0,0.4378349087628045,0,En danger,2
13698.0,1,0.785292052661645,1,Perdus,2
15797.0,0,0.2904075767561077,0,Champions,2
14820.0,0,0.4700106802876007,0,Fidèles,2
14637.0,1,0.9340125035356294,1,Perdus,2
16415.0,0,0.7435386544163456,1,Perdus,2
13628.0,1,0.9298525610053873,1,Perdus,2
18064.0,0,0.2085273833786839,0,Champions,3
17350.0,0,0.5098817164212853,1,Sur le point de Partir,2
18175.0,1,0.9327778272728795,1,Perdus,2
15339.0,0,0.28319385660637264,0,Fidèles,3
17294.0,1,0.8443055320692691,1,Perdus,2
13119.0,1,0.9297873783805044,1,Perdus,2
17577.0,1,0.8246115782657437,1,Perdus,2
16344.0,0,0.6716117882333599,1,En danger,2
13092.0,0,0.1854827743919489,0,Champions,3
15176.0,1,0.898199598651727,1,Perdus,2
17201.0,0,0.6122414251422074,1,En danger,2
15765.0,1,0.9234165213893436,1,Perdus,2
16136.0,0,0.47424090784112866,0,Potentiellement Fidèles,2
16742.0,0,0.5018164705149628,1,En danger,2
18186.0,1,0.9451083860683006,1,Perdus,2
13427.0,0,0.28882592263177076,0,Champions,2
13327.0,0,0.1361791302957165,0,Champions,3
18251.0,0,0.4410594096767074,0,En danger,3
13965.0,1,0.6350431493838042,1,En danger,2
17753.0,1,0.5721515137758116,1,En danger,2
13433.0,1,0.654828028555411,1,En danger,2
14241.0,0,0.9409337514169559,1,Perdus,2
14826.0,1,0.788932633633562,1,Perdus,2
13152.0,1,0.4047082245132794,0,En danger,2
15903.0,0,0.24039328012083933,0,Champions,3
13562.0,0,0.2433774433580148,0,Champions,2
14324.0,1,0.6076763099792778,1,Sur le point de Partir,2
15489.0,0,0.2112982384859312,0,Champions,3
16510.0,1,0.3863996530255187,0,Fidèles,2
16166.0,1,0.6230013059106095,1,Sur le point de Partir,2
14892.0,1,0.9361080205653095,1,Perdus,2
14649.0,0,0.09710508143525654,0,Champions,3
16634.0,1,0.21725354476850986,0,Champions,3
14064.0,0,0.14423060953361252,0,Champions,3
17320.0,0,0.2551274747934143,0,Champions,2
15126.0,1,0.7431573355158166,1,Perdus,2
13413.0,1,0.7729196832479962,1,En danger,2
13889.0,0,0.4442721069760207,0,Fidèles,2
14640.0,0,0.20499559959776656,0,Champions,3
17141.0,1,0.4430171069230968,0,En danger,2
15696.0,0,0.1549892889324464,0,Champions,3
15483.0,0,0.18579591984568175,0,Champions,3
15303.0,1,0.36732832155032097,0,Besoin d'Attention,2
17419.0,0,0.1507640248685396,0,Champions,3
15137.0,1,0.6766121602698226,1,Perdus,2
17905.0,0,0.27816648866617555,0,Fidèles,3
15861.0,0,0.1502799882241536,0,Champions,3
15487.0,1,0.9320287381345362,1,Perdus,2
17311.0,0,0.3187346335261512,0,Fidèles,2
16081.0,0,0.2374964626360403,0,Champions,2
12840.0,0,0.20046040003600263,0,Champions,3
15732.0,1,0.1907066621469134,0,Champions,3
17328.0,1,0.9329328013859282,1,Perdus,2
12853.0,0,0.21157494298638446,0,Champions,3
15323.0,1,0.7278039024325488,1,En danger,2
13802.0,0,0.09032518827739265,0,Champions,3
14944.0,0,0.14649730711752712,0,Champions,3
18178.0,0,0.124767150918604,0,Champions,3
16487.0,1,0.7695146895270242,1,Perdus,2
13333.0,1,0.5475745463980103,1,Sur le point de Partir,2
15988.0,0,0.6970690936379661,1,Perdus,2
14602.0,1,0.9195281270884026,1,Perdus,2
16071.0,0,0.6815719993009105,1,En danger,2
16416.0,0,0.4131230473024273,0,En danger,2
16406.0,0,0.5921318356165781,1,Sur le point de Partir,2
15659.0,0,0.6107928908976313,1,Besoin d'Attention,2
14535.0,0,0.07363549321870486,0,Champions,3
16118.0,1,0.7827819886264833,1,Perdus,3
17200.0,1,0.5107894303413858,1,En danger,2
13935.0,1,0.7543994043511434,1,En danger,2
17883.0,0,0.30418456888797624,0,Champions,2
15366.0,0,0.3902477012520802,0,Fidèles,2
15219.0,0,0.9184931746437361,1,Perdus,2
13294.0,0,0.3933828174844063,0,Potentiellement Fidèles,2
13595.0,1,0.6215910695161786,1,En danger,2
18272.0,0,0.22080130236417492,0,Champions,3
17159.0,0,0.6781505996323588,1,Perdus,2
14957.0,1,0.45668933472946766,0,Potentiellement Fidèles,2
17006.0,0,0.46722659132254496,0,En danger,2
16534.0,1,0.907688638234029,1,Perdus,2
17857.0,0,0.24973279423828815,0,Champions,3
16537.0,1,0.9229904733045973,1,Perdus,2
17002.0,0,0.23917933985405837,0,Champions,2
15437.0,1,0.42882654270596243,0,Potentiellement Fidèles,2
17907.0,1,0.9172681003895888,1,Perdus,2
14403.0,0,0.2857848208428956,0,Champions,2
16258.0,0,0.12156463261675682,0,Champions,3
15558.0,1,0.90358681023361,1,Perdus,2
15008.0,1,0.7017970300799491,1,Perdus,2
13795.0,1,0.5046187254792731,1,En danger,2
14824.0,0,0.40026106069119444,0,Fidèles,2
15665.0,0,0.2236662135570897,0,Champions,3
16336.0,1,0.5089460290611277,1,En danger,2
15461.0,1,0.6675170662735631,1,Sur le point de Partir,2
16385.0,0,0.4708819922374232,0,Besoin d'Attention,2
14851.0,0,0.45130387650257114,0,Potentiellement Fidèles,2
13482.0,1,0.42865904088458867,0,Potentiellement Fidèles,2
14464.0,1,0.7738674293015629,1,Perdus,2
16578.0,1,0.914021655799169,1,Perdus,2
14344.0,0,0.10993844732669789,0,Champions,3
18189.0,0,0.4058950137851133,0,Potentiellement Fidèles,2
13252.0,1,0.596501974662043,1,Sur le point de Partir,2
17301.0,0,0.8999733927278569,1,Perdus,2
14330.0,1,0.9110967291116465,1,Perdus,2
18188.0,0,0.3467022195629418,0,Fidèles,2
16601.0,0,0.5894054555613655,1,Sur le point de Partir,2
13117.0,0,0.1304667419010637,0,Champions,3
17518.0,1,0.5859200955108494,1,Sur le point de Partir,2
14583.0,0,0.1778323368459357,0,Champions,2
14809.0,1,0.7995173030429268,1,Perdus,2
16549.0,0,0.026802908338248502,0,Fidèles,3
17464.0,0,0.6984904996672332,1,Perdus,2
15742.0,1,0.9009482038832342,1,Perdus,2
14706.0,1,0.9029821602654635,1,Perdus,2
15741.0,1,0.6741824702188515,1,Sur le point de Partir,2
15454.0,1,0.5529269906499967,1,Besoin d'Attention,2
15800.0,0,0.23099313345891517,0,Champions,2
16130.0,1,0.5224787339807327,1,En danger,2
14692.0,0,0.18239860234403057,0,Champions,3
13750.0,0,0.30113134606559955,0,Fidèles,2
14264.0,0,0.27681668750059396,0,Champions,2
14145.0,0,0.2698472125964016,0,Champions,2
16053.0,0,0.4576381522867087,0,En danger,2
14813.0,1,0.4067631027881976,0,Fidèles,2
16944.0,1,0.9078553671630604,1,Perdus,2
16372.0,0,0.3906068814155614,0,Sur le point de Partir,2
14430.0,1,0.6689326005221463,1,En danger,2
15890.0,1,0.5166514383590731,1,En danger,2
18262.0,0,0.5856685581430315,1,Sur le point de Partir,2
14623.0,0,0.20119604981978273,0,Champions,3
16921.0,0,0.6379229012924934,1,Sur le point de Partir,2
13145.0,0,0.5135570151533003,1,Fidèles,2
15273.0,1,0.9037574889933867,1,Perdus,2
14611.0,1,0.6097133601332041,1,Sur le point de Partir,2
14917.0,1,0.7610879275896928,1,Perdus,2
17181.0,0,0.5908296359167655,1,Besoin d'Attention,2
15245.0,0,0.27370463579192766,0,Champions,0
16068.0,1,0.890848033629893,1,Perdus,2
13609.0,1,0.8996717727520027,1,Perdus,2
17093.0,1,0.89631645445299,1,Perdus,2
12849.0,0,0.2590104617961798,0,Champions,2
14389.0,0,0.5331728417869582,1,Sur le point de Partir,2
13041.0,1,0.589575612480801,1,En danger,2
17730.0,0,0.17157242448153756,0,Champions,3
14650.0,1,0.8999991654610283,1,Perdus,2
15818.0,1,0.8937057535679741,1,Perdus,2
16145.0,0,0.13913301493502123,0,Champions,3
16844.0,1,0.7390931749957462,1,Perdus,2
13425.0,0,0.3198471370372102,0,Besoin d'Attention,3
13943.0,1,0.8877594309547813,1,Perdus,2
17321.0,0,0.40019240944781137,0,En danger,2
13222.0,1,0.8948087939398545,1,Perdus,2
16307.0,1,0.5333445003594005,1,Sur le point de Partir,2
17016.0,1,0.8727983988656913,1,Perdus,2
13892.0,0,0.37516177134425416,0,Potentiellement Fidèles,2
13888.0,0,0.2064911003149236,0,Champions,0
14296.0,1,0.5964997746002045,1,Sur le point de Partir,2
17123.0,0,0.6256862558943443,1,Sur le point de Partir,2
18157.0,1,0.8811228055472877,1,Perdus,2
13541.0,1,0.6130532339096462,1,Sur le point de Partir,2
12837.0,0,0.8544278774271101,1,Perdus,2
14311.0,1,0.39920525186051314,0,Potentiellement Fidèles,2
13402.0,0,0.49219017526483594,0,Besoin d'Attention,2
17327.0,1,0.6230465905781115,1,Sur le point de Partir,2
14181.0,1,0.5805869638875542,1,Sur le point de Partir,2
15340.0,1,0.8840075710368979,1,Perdus,2
17699.0,1,0.6695638770715859,1,Perdus,2
16695.0,1,0.7410202839170114,1,Perdus,2
14104.0,0,0.4608925999480992,0,Sur le point de Partir,2
15135.0,1,0.4062432390684277,0,Potentiellement Fidèles,2
13472.0,1,0.6470446562660398,1,Sur le point de Partir,2
17216.0,1,0.8783285163710572,1,Perdus,2
17683.0,1,0.5163959326275631,1,Besoin d'Attention,2
18214.0,1,0.6754414575094689,1,En danger,2
16382.0,1,0.5766775950592811,1,Sur le point de Partir,2
16232.0,0,0.24285343375447205,0,Champions,0
17040.0,0,0.8814900286916223,1,Perdus,2
13997.0,1,0.6829297461293864,1,En danger,2
16209.0,0,0.30414159890796916,0,Champions,0
15150.0,0,0.1927820054159302,0,Champions,3
15905.0,1,0.8673887653459861,1,Perdus,2
17922.0,1,0.8724237395228646,1,Perdus,2
13297.0,0,0.49163092487136545,0,Besoin d'Attention,2
17571.0,0,0.3316369783513638,0,Potentiellement Fidèles,2
15926.0,1,0.8727710205563064,1,Perdus,2
14375.0,0,0.5375870524121996,1,Sur le point de Partir,2
14619.0,1,0.3754771868971522,0,Potentiellement Fidèles,2
13608.0,1,0.8596797835021777,1,Perdus,2
14508.0,0,0.43596375491553646,0,Besoin d'Attention,2
16925.0,1,0.8670841095919447,1,Perdus,2
15718.0,1,0.8644994473183143,1,Perdus,2
16815.0,1,0.5982926512160703,1,Sur le point de Partir,2
14509.0,1,0.86049432055225,1,Perdus,2
15779.0,1,0.6603016910974259,1,Sur le point de Partir,2
14058.0,1,0.6471121303147869,1,Sur le point de Partir,2
13861.0,1,0.5980236656285556,1,Sur le point de Partir,2
13123.0,1,0.646316949295615,1,Perdus,2
14208.0,0,0.8664451207090612,1,Perdus,2
14128.0,0,0.4012200723038294,0,Potentiellement Fidèles,2
14247.0,1,0.29444010578421903,0,Champions,0
17009.0,1,0.8752695956200114,1,Perdus,2
15532.0,0,0.20686115958104087,0,Fidèles,3
17417.0,1,0.8721872273252859,1,Perdus,2
15842.0,1,0.5599143714644262,1,Sur le point de Partir,2
13649.0,1,0.25097435929284573,0,Champions,0
15851.0,1,0.8629293988481346,1,Perdus,2
13125.0,1,0.8548184583802938,1,Perdus,2
14900.0,1,0.8649576314979142,1,Perdus,2
12749.0,0,0.16963548537291162,0,Champions,3
16443.0,1,0.8613792419460469,1,Perdus,2
17129.0,1,0.8629887495104248,1,Perdus,2
16650.0,0,0.5059921788235363,1,En danger,0
18238.0,1,0.8503771920486587,1,Perdus,2
17143.0,1,0.5462001505613616,1,Sur le point de Partir,2
16435.0,1,0.6025090889001739,1,En danger,0
17408.0,0,0.6862615059229606,1,Perdus,0
18096.0,0,0.4795861961135948,0,Sur le point de Partir,0
15530.0,0,0.36910733391863026,0,Potentiellement Fidèles,2
17541.0,1,0.8404968178453448,1,Perdus,2
14553.0,0,0.17124539749769224,0,Champions,0
17339.0,0,0.5432742439101361,1,Besoin d'Attention,2
16975.0,1,0.5438729277883513,1,Sur le point de Partir,0
14312.0,0,0.24603232411758877,0,Champions,0
13137.0,0,0.05992975294655079,0,Champions,3
17494.0,1,0.849691523996133,1,Perdus,2
14833.0,1,0.8450174745132586,1,Perdus,2
14901.0,0,0.4073403083364856,0,Fidèles,0
16045.0,0,0.23333931571774258,0,Champions,0
14346.0,0,0.3389418938025842,0,Fidèles,0
12907.0,1,0.5528739650911286,1,Sur le point de Partir,2
17665.0,1,0.8267751408040657,1,Perdus,2
15363.0,1,0.5172833587301895,1,Besoin d'Attention,2
13653.0,1,0.8351149246046289,1,Perdus,2
14722.0,0,0.6246609518489349,1,Perdus,0
14700.0,0,0.2945588406471161,0,Potentiellement Fidèles,0
18227.0,1,0.38133627555574495,0,Potentiellement Fidèles,2
14749.0,1,0.8213287242513093,1,Perdus,0
17513.0,0,0.584645750732296,1,Sur le point de Partir,0
17792.0,1,0.6207133755413967,1,Sur le point de Partir,0
17599.0,1,0.7912563225659763,1,Perdus,2
18191.0,1,0.4259052704184968,0,Potentiellement Fidèles,2
15322.0,0,0.7975574307497159,1,Perdus,0
14243.0,0,0.14076215627380012,0,Champions,3
15683.0,0,0.817279708418239,1,Perdus,0
14187.0,1,0.825647154026608,1,Perdus,0
13452.0,1,0.3832300559308159,0,Potentiellement Fidèles,0
16375.0,1,0.6504732827123546,1,Sur le point de Partir,0
14499.0,0,0.26316501246124596,0,Champions,0
16421.0,1,0.5041417387155983,1,Besoin d'Attention,0
15166.0,1,0.8179413667865496,1,en Hibernation,0
14908.0,0,0.8198577924437587,1,en Hibernation,0
16100.0,1,0.7905404308402157,1,en Hibernation,0
12859.0,1,0.7969121236545506,1,en Hibernation,0
12819.0,1,0.798844791792242,1,en Hibernation,0
16972.0,1,0.5132728207916873,1,Besoin d'Attention,0
14444.0,1,0.8103201578790143,1,en Hibernation,0
15906.0,0,0.22413767965935819,0,Champions,0
17392.0,1,0.38412614007871243,0,Besoin d'Attention,0
13424.0,1,0.7526935259485171,1,en Hibernation,0
16646.0,1,0.7576344597797754,1,en Hibernation,0
14126.0,1,0.7825905021299067,1,en Hibernation,0
17161.0,1,0.7577458157344782,1,en Hibernation,0
14570.0,1,0.35940909750920147,0,Potentiellement Fidèles,0
16856.0,0,0.5840785284393563,1,Sur le point de Partir,0
16261.0,0,0.29965082720368097,0,Potentiellement Fidèles,0
14094.0,1,0.7478860808411718,1,en Hibernation,0
14806.0,0,0.7976483925138136,1,en Hibernation,0
14328.0,1,0.746444511966568,1,en Hibernation,0
14802.0,1,0.5854396628113683,1,Sur le point de Partir,0
17280.0,1,0.7983912817633566,1,en Hibernation,0
13073.0,1,0.5718476548200746,1,Sur le point de Partir,0
13639.0,0,0.7844445032014298,1,en Hibernation,0
14449.0,0,0.17829679306318794,0,Champions,0
16368.0,0,0.786713009182034,1,en Hibernation,0
15736.0,1,0.5402840597248297,1,Sur le point de Partir,0
13108.0,1,0.5209405158637183,1,Besoin d'Attention,0
15261.0,0,0.48389630740206396,0,Besoin d'Attention,0
17360.0,0,0.447165171935083,0,Besoin d'Attention,0
15190.0,1,0.7566293175785206,1,en Hibernation,0
18266.0,1,0.7871421558941676,1,en Hibernation,0
18270.0,0,0.4102169010793751,0,Potentiellement Fidèles,0
14254.0,1,0.7716181171775961,1,en Hibernation,0
15143.0,1,0.3638355501506447,0,Potentiellement Fidèles,0
15579.0,0,0.3195960065754679,0,Fidèles,0
13441.0,0,0.7734874651066573,1,en Hibernation,0
14350.0,1,0.34026928556082914,0,Potentiellement Fidèles,0
13033.0,1,0.526475061539228,1,Besoin d'Attention,0
16437.0,1,0.5421553237187502,1,Besoin d'Attention,0
12903.0,1,0.7500115291745695,1,en Hibernation,0
16980.0,1,0.300836733754286,0,Potentiellement Fidèles,0
15931.0,1,0.781978982994862,1,en Hibernation,0
14358.0,1,0.531190574060902,1,Sur le point de Partir,0
15177.0,1,0.7545377730250646,1,en Hibernation,0
14390.0,0,0.1698827305713712,0,Champions,0
17264.0,1,0.7394610768121413,1,en Hibernation,0
14319.0,1,0.739187004972089,1,en Hibernation,0
15208.0,0,0.5199159494809547,1,Besoin d'Attention,0
16263.0,1,0.7715919196619287,1,en Hibernation,0
17944.0,1,0.7747378148788105,1,en Hibernation,0
13395.0,0,0.5182086343545157,1,Sur le point de Partir,0
14975.0,0,0.7759886705926172,1,en Hibernation,0
17202.0,1,0.7802704223984259,1,en Hibernation,0
13387.0,1,0.7338067924763194,1,en Hibernation,0
13981.0,1,0.7369507962470339,1,en Hibernation,0
15608.0,0,0.737524544749251,1,en Hibernation,0
15377.0,1,0.49620014349692393,0,Fidèles,0
15501.0,1,0.5182447097669919,1,Sur le point de Partir,0
16590.0,1,0.5281299258152686,1,Sur le point de Partir,0
12899.0,1,0.7630207304031557,1,en Hibernation,0
17843.0,1,0.41679824351578654,0,Besoin d'Attention,0
13574.0,1,0.7115994290727814,1,en Hibernation,0
13898.0,1,0.4597871442167656,0,Besoin d'Attention,0
17981.0,1,0.7631696952307099,1,en Hibernation,0
13274.0,1,0.7579153579823245,1,en Hibernation,0
13669.0,0,0.7693092642792482,1,en Hibernation,0
16265.0,0,0.20375425558987306,0,Champions,3
14834.0,0,0.36290701296434535,0,Potentiellement Fidèles,0
16635.0,1,0.7480433928819223,1,en Hibernation,0
14213.0,1,0.7151485981486984,1,en Hibernation,0
16724.0,1,0.7595561821926525,1,en Hibernation,0
15458.0,0,0.7635412298781477,1,en Hibernation,0
15915.0,1,0.6837220998208493,1,en Hibernation,0
17420.0,0,0.48019792278760703,0,Fidèles,0
13034.0,0,0.5269552555332381,1,Besoin d'Attention,0
16050.0,0,0.544832544793315,1,Besoin d'Attention,0
16876.0,1,0.7485397457640415,1,en Hibernation,0
12914.0,1,0.7592175155829466,1,en Hibernation,0
15560.0,1,0.560278629420074,1,Sur le point de Partir,0
18083.0,1,0.7310012190910501,1,en Hibernation,0
16420.0,1,0.7636297850736574,1,en Hibernation,0
13738.0,1,0.6911856636110311,1,en Hibernation,0
18098.0,1,0.6904537550447276,1,en Hibernation,0
15635.0,1,0.7620572880267135,1,en Hibernation,0
17983.0,1,0.7458789145253215,1,en Hibernation,0
17878.0,0,0.5383814556653662,1,Sur le point de Partir,0
14899.0,1,0.6305714663190226,1,en Hibernation,0
12927.0,1,0.7525918553899458,1,en Hibernation,0
13915.0,1,0.7362586368028099,1,en Hibernation,0
15368.0,0,0.7554756246012657,1,en Hibernation,0
15468.0,0,0.6368920590426308,1,en Hibernation,0
14559.0,1,0.7577851541633182,1,en Hibernation,0
15726.0,1,0.7369527169869136,1,en Hibernation,0
17992.0,1,0.7185937189203507,1,en Hibernation,0
13862.0,0,0.27133584177021797,0,Champions,0
16602.0,0,0.6907299050463481,1,en Hibernation,0
15811.0,0,0.17927638271333887,0,Champions,0
18195.0,1,0.7521411061781161,1,en Hibernation,0
14446.0,0,0.3056343441706192,0,Potentiellement Fidèles,0
16973.0,1,0.7498106728115358,1,Prometteurs,0
17089.0,1,0.7511622060176495,1,Prometteurs,0
16367.0,0,0.4223328983541778,0,Besoin d'Attention,0
17275.0,1,0.7350230850691191,1,Prometteurs,0
18210.0,0,0.40878598314477976,0,Potentiellement Fidèles,0
16765.0,1,0.4159036193692123,0,Besoin d'Attention,0
15986.0,0,0.7397255698700355,1,Prometteurs,0
14252.0,1,0.7362288821153351,1,Prometteurs,0
17766.0,1,0.5320638155455703,1,Besoin d'Attention,0
17744.0,0,0.2784760204929287,0,Champions,0
15902.0,1,0.7347259448682015,1,Prometteurs,0
14487.0,0,0.48692346475104015,0,Besoin d'Attention,0
15495.0,1,0.7295931857665454,1,Prometteurs,0
13626.0,1,0.3529222056769186,0,Potentiellement Fidèles,0
14627.0,1,0.6589699109723097,1,Prometteurs,0
17556.0,1,0.34652305517737597,0,Potentiellement Fidèles,0
18031.0,1,0.7008317488202515,1,Prometteurs,0
17607.0,1,0.7226379080199271,1,Prometteurs,0
16893.0,1,0.4573666575813843,0,Besoin d'Attention,0
15540.0,1,0.7282790804505747,1,Prometteurs,0
15828.0,1,0.6586018943436794,1,Prometteurs,0
17223.0,1,0.39515934144191933,0,Besoin d'Attention,0
16244.0,1,0.31570602436965434,0,Potentiellement Fidèles,0
14775.0,0,0.7068697107114702,1,Prometteurs,0
13011.0,1,0.7383494794311631,1,Prometteurs,0
14576.0,1,0.7405493086820554,1,Prometteurs,0
18156.0,0,0.6912735026019698,1,Prometteurs,0
17674.0,0,0.7150907959995884,1,Prometteurs,0
14448.0,1,0.7188906479559888,1,Prometteurs,0
16927.0,0,0.4238923294353144,0,Potentiellement Fidèles,0
17551.0,1,0.6915598696390907,1,Prometteurs,0
14373.0,1,0.7235650440297986,1,Prometteurs,0
18176.0,1,0.6630799301617034,1,Prometteurs,0
17128.0,1,0.6870565425372811,1,Prometteurs,0
15213.0,1,0.4384360438148188,0,Besoin d'Attention,0
16882.0,0,0.3722837199933195,0,Potentiellement Fidèles,0
16897.0,1,0.3949733031554084,0,Besoin d'Attention,0
15940.0,1,0.612045934262542,1,Prometteurs,0
14188.0,0,0.3294767980407037,0,Potentiellement Fidèles,0
12834.0,1,0.6161977443085083,1,Prometteurs,0
14473.0,0,0.637955669272481,1,Prometteurs,0
15643.0,0,0.6110306527471249,1,Prometteurs,0
15019.0,1,0.5557047874258149,1,Prometteurs,0
15703.0,1,0.6079870587837335,1,Prometteurs,0
14232.0,0,0.5208843418068485,1,Prometteurs,0
13731.0,1,0.30576230248305664,0,Potentiellement Fidèles,0
15460.0,1,0.6771668780915033,1,Prometteurs,0
18233.0,1,0.6789787132195698,1,Prometteurs,0
14428.0,0,0.3450059423693599,0,Potentiellement Fidèles,0
14090.0,1,0.688230149478253,1,Prometteurs,0
14779.0,1,0.3732477656286478,0,Potentiellement Fidèles,0
13932.0,1,0.6331067245544895,1,Prometteurs,0
14520.0,1,0.6453415575284487,1,Prometteurs,0
18114.0,1,0.6204145432011084,1,Prometteurs,0
16394.0,0,0.32007542609051337,0,Potentiellement Fidèles,0
13149.0,0,0.6229982127248577,1,Prometteurs,0
13636.0,0,0.33214757896558,0,Potentiellement Fidèles,0
15806.0,0,0.6107368111250081,1,Prometteurs,0
15206.0,0,0.6313558490265575,1,Prometteurs,0
17164.0,0,0.30124325824221937,0,Potentiellement Fidèles,0
13716.0,1,0.6025165411247909,1,Prometteurs,0
16152.0,1,0.5392447401667313,1,Prometteurs,0
13358.0,1,0.5844813699004605,1,Prometteurs,0
13185.0,1,0.6196887282131288,1,Prometteurs,0
15433.0,1,0.31041950879007124,0,Potentiellement Fidèles,0
17102.0,1,0.613552557313702,1,Prometteurs,0
14536.0,1,0.5912797987033298,1,Prometteurs,0
15083.0,1,0.6016787513667641,1,Prometteurs,0
12888.0,1,0.3129360859648434,0,Potentiellement Fidèles,0
13720.0,0,0.3398118781204721,0,Potentiellement Fidèles,0
16657.0,0,0.5396879159611955,1,Prometteurs,0
16162.0,1,0.6008352508922986,1,Prometteurs,0
13525.0,0,0.5878578922960462,1,Prometteurs,0
15230.0,1,0.3482168695874899,0,Potentiellement Fidèles,0
16617.0,1,0.5724710853365177,1,Prometteurs,0
16587.0,1,0.5588732594325662,1,Prometteurs,0
17893.0,1,0.5515040585041269,1,Prometteurs,0
14393.0,1,0.5528739245475229,1,Nouveaux Clients,0
15063.0,1,0.5363188448439701,1,Nouveaux Clients,0
17489.0,0,0.5301896596795038,1,Nouveaux Clients,0
13235.0,1,0.4351339936741848,0,Nouveaux Clients,0
16116.0,1,0.46492151833251244,0,Nouveaux Clients,0
16184.0,0,0.5373013536731693,1,Nouveaux Clients,0
15907.0,0,0.4983624380432131,0,Nouveaux Clients,0
14689.0,1,0.5307948513185025,1,Nouveaux Clients,0
16647.0,0,0.30413807411828536,0,Potentiellement Fidèles,2
13627.0,0,0.22977002620882506,0,Champions,2
13450.0,0,0.19402688362343665,0,Champions,0
18075.0,0,0.12011800909266218,0,Champions,3
16782.0,0,0.012383494935585992,0,Champions,3
16463.0,0,0.4791309152429449,0,Nouveaux Clients,0
15791.0,0,0.20185801816492174,0,Champions,3
16966.0,0,0.28999767340387383,0,Potentiellement Fidèles,0
14825.0,0,0.0965922272129296,0,Champions,3
14292.0,0,0.16504828767523716,0,Champions,3
15809.0,0,0.24777842667964062,0,Champions,0
14551.0,0,0.210512676026632,0,Champions,2
15955.0,0,0.13580630395657997,0,Champions,3
15856.0,0,0.0340238479795012,0,Champions,3
17644.0,0,0.13613138530557395,0,Champions,3
17591.0,0,0.19540441091708513,0,Champions,3
13972.0,0,0.5240831803456057,1,Nouveaux Clients,0
14546.0,0,0.07814136192988666,0,Champions,3
13668.0,0,0.04151243782907819,0,Champions,3
15292.0,1,0.5090493023233974,1,Nouveaux Clients,0
15705.0,1,0.5269468267855736,1,Nouveaux Clients,0
16722.0,0,0.11664616212081771,0,Champions,3
13546.0,0,0.2685028420216013,0,Potentiellement Fidèles,0
12901.0,0,0.23517697957895692,0,Champions,0
15734.0,0,0.298395519681296,0,Potentiellement Fidèles,2
13737.0,1,0.4978372811990327,0,Nouveaux Clients,0
17450.0,0,0.15202823008488334,0,Champions,1
13213.0,0,0.16052206220625267,0,Champions,3
14163.0,0,0.29501988625898645,0,Potentiellement Fidèles,0
14083.0,0,0.18516525092519892,0,Champions,2
13317.0,0,0.08488124091802067,0,Champions,3
12924.0,0,0.17464309892845725,0,Champions,3
15203.0,0,0.13166501705809744,0,Champions,3
16448.0,1,0.33322105965711696,0,Potentiellement Fidèles,2
17550.0,1,0.09911816120839295,0,Champions,3
15241.0,0,0.1813724509102799,0,Champions,3
13015.0,0,0.1098004467440637,0,Champions,3
13135.0,1,0.42305370060115643,0,Potentiellement Fidèles,2
17345.0,0,0.15108385007217828,0,Champions,3
12748.0,0,9.707268894720381e-08,0,Champions,1
16726.0,0,0.188002680548676,0,Champions,0
13018.0,0,0.05778743330608029,0,Champions,3
13232.0,0,0.2308404087105489,0,Potentiellement Fidèles,0
15402.0,0,0.2160626425757469,0,Champions,0
14560.0,0,0.07422122290095434,0,Champions,3
16034.0,1,0.2298584491393591,0,Champions,0
16444.0,0,0.09469453348973568,0,Champions,3
16889.0,1,0.1530817515970743,0,Champions,3
15547.0,0,0.029181295978234524,0,Champions,3
16558.0,0,0.03880468143118383,0,Champions,3
16470.0,0,0.09771807245037653,0,Champions,3
16483.0,1,0.5030455681638759,1,Nouveaux Clients,0
13398.0,1,0.3330072009961364,0,Potentiellement Fidèles,2
17454.0,1,0.14830356724267071,0,Champions,3
13571.0,0,0.0823778848707056,0,Champions,3
18204.0,0,0.42974896006837127,0,Nouveaux Clients,0
15998.0,0,0.03272689895753085,0,Champions,3
15061.0,0,0.0014648016704920603,0,Champions,1
13526.0,1,0.8672566251198021,1,En danger,2
15051.0,0,0.366946847307219,0,Fidèles,2
13110.0,0,0.19732828259234272,0,Champions,3
15485.0,0,0.3753410950215357,0,Fidèles,2
14135.0,0,0.11938238339985703,0,Champions,3
13777.0,0,0.04093767291273032,0,Champions,3
17087.0,1,0.9496264861584516,1,Perdus,2
16550.0,0,0.0935366539879372,0,Champions,3
14425.0,1,0.5670320906472565,1,Sur le point de Partir,2
15353.0,1,0.12721192549010768,0,Champions,3
15542.0,1,0.5127764524784193,1,En danger,2
17377.0,0,0.006943046004728393,0,Champions,3
16797.0,1,0.24970434922033546,0,En danger,3
14396.0,0,0.31809411915994845,0,Fidèles,2
16200.0,0,0.2350404313146906,0,Fidèles,3
14915.0,0,0.24241053648048966,0,Champions,2
13931.0,0,0.17792546172316018,0,Champions,3
14051.0,0,0.09224125276904294,0,Champions,3
15179.0,0,0.1273768389213455,0,Champions,3
14159.0,0,0.06450134331218141,0,Champions,3
17940.0,0,0.24407203291831306,0,Champions,3
17913.0,0,0.1979865719799921,0,Fidèles,3
17764.0,0,0.2434334185467128,0,Champions,2
15550.0,0,0.22500736738157726,0,Fidèles,3
16612.0,0,0.30744767610278567,0,Fidèles,2
14898.0,0,0.15072896159625424,0,Champions,3
17576.0,0,0.03327067178186644,0,Champions,3
17343.0,1,0.386523382662001,0,Fidèles,2
17432.0,0,0.31793423651682023,0,Fidèles,2
17160.0,0,0.11016161494947523,0,Champions,3
14723.0,0,0.2681802318146487,0,Fidèles,2
15999.0,1,0.9522699483627962,1,Perdus,2
13807.0,1,0.505031668810655,1,Besoin d'Attention,2
16710.0,0,0.027864907798354523,0,Champions,3
12970.0,1,0.23690272809851504,0,Fidèles,3
14087.0,1,0.5283514542706212,1,Sur le point de Partir,2
13733.0,1,0.6261579660226965,1,Sur le point de Partir,2
18181.0,0,0.4273646846652409,0,En danger,2
16593.0,0,0.3672891290129551,0,Fidèles,2
12820.0,0,0.2944240517995843,0,Fidèles,2
14867.0,0,0.1523622388763791,0,Champions,3
12975.0,1,0.46709458449614216,0,En danger,2
17150.0,1,0.4121626124809019,0,Fidèles,2
15571.0,0,0.14397426872696825,0,Fidèles,3
17085.0,0,0.03562997141130885,0,Champions,3
13373.0,0,0.20467115343940157,0,Champions,3
15822.0,1,0.42902507643921756,0,Fidèles,2
14003.0,1,0.9476828912377662,1,Perdus,2
15115.0,0,0.9410603484789171,1,Perdus,2
16768.0,0,0.24653453866999725,0,Champions,3
17044.0,0,0.30514425796789363,0,Fidèles,3
17990.0,1,0.2566712052151708,0,Champions,2
13382.0,1,0.30064550744029445,0,Champions,2
18002.0,1,0.4664193889846281,0,Fidèles,2
15079.0,1,0.14739490991597146,0,Champions,3
18271.0,1,0.8127281547960193,1,En danger,2
14290.0,0,0.38757093466895437,0,Fidèles,3
17268.0,0,0.24613143524838962,0,Champions,2
16805.0,0,0.33367688882336044,0,Fidèles,2
13204.0,1,0.9333473935586224,1,Perdus,2
13576.0,0,0.1159332275537183,0,Champions,3
15674.0,0,0.09763455024975687,0,Champions,3
13114.0,1,0.9469854074639603,1,Perdus,2
13768.0,1,0.8213511460609074,1,En danger,2
16912.0,0,0.16726136954509765,0,Champions,3
15302.0,1,0.9393877344519121,1,Perdus,2
17184.0,1,0.7880009882638412,1,En danger,2
13825.0,1,0.8072953182727799,1,En danger,2
15858.0,0,0.15584841371290944,0,Fidèles,3
15085.0,1,0.9472670368122763,1,Perdus,2
15889.0,0,0.2533475090248376,0,Fidèles,3
16901.0,1,0.945598695109291,1,Perdus,2
13542.0,1,0.2612920344636342,0,Fidèles,3
14702.0,0,0.10436897541578388,0,Champions,3
14519.0,1,0.8458447810804194,1,En danger,2
14643.0,0,0.4354198875928356,0,Fidèles,2
16365.0,0,0.22390526603196995,0,Champions,2
12854.0,0,0.17588898816782228,0,Champions,3
16442.0,1,0.20413708960039448,0,Champions,2
16830.0,0,0.5772050285317262,1,Sur le point de Partir,2
16125.0,1,0.22883219149681708,0,Fidèles,3
12992.0,1,0.9484232556324786,1,Perdus,2
13000.0,0,0.3427838043440632,0,Potentiellement Fidèles,2
15838.0,0,0.16630063554249927,0,Champions,3
17251.0,1,0.45559529859187003,0,Besoin d'Attention,2
17082.0,0,0.3446266736465671,0,Fidèles,2
17596.0,0,0.16083027715679774,0,Champions,3
14966.0,0,0.41872461131523026,0,En danger,2
14897.0,0,0.32194134547463593,0,Fidèles,2
12956.0,1,0.3842355275019764,0,Fidèles,2
15312.0,0,0.1563083986882148,0,Champions,3
18286.0,1,0.6496337567663624,1,En danger,2
14869.0,0,0.3865939540409642,0,En danger,2
16641.0,0,0.9362248337887991,1,Perdus,2
14327.0,0,0.40921512396957826,0,Fidèles,2
13044.0,1,0.09873983458872425,0,Fidèles,3
12875.0,0,0.48481773314471427,0,Fidèles,2
15375.0,1,0.9387264281628193,1,Perdus,2
15198.0,0,0.5592443255064579,1,Sur le point de Partir,2
14413.0,1,0.4112017790112987,0,Fidèles,2
14538.0,0,0.3323099623604042,0,Champions,2
13459.0,1,0.7814282231255679,1,En danger,2
12905.0,1,0.7400341627928452,1,En danger,2
15798.0,1,0.6201286780966846,1,En danger,2
16430.0,0,0.47267754013643115,0,Fidèles,2
13048.0,0,0.1987553645119479,0,Champions,3
15013.0,1,0.41679921128483877,0,En danger,2
17137.0,1,0.4174430622832726,0,En danger,2
14306.0,0,0.5024224377820882,1,Fidèles,2
13897.0,0,0.6336467871625536,1,Sur le point de Partir,2
16655.0,0,0.18358823521161857,0,Fidèles,3
13478.0,1,0.520122390623097,1,En danger,2
14821.0,1,0.39551141209536805,0,Fidèles,2
17146.0,0,0.15639836612940697,0,Champions,3
15279.0,1,0.3795852428899421,0,Fidèles,2
17342.0,1,0.4625542036819719,0,Fidèles,2
13497.0,1,0.3023775353142801,0,Champions,2
17319.0,1,0.9329179512328428,1,Perdus,2
14609.0,0,0.347488603390138,0,Fidèles,2
17685.0,0,0.22131251757880013,0,Champions,3
17226.0,1,0.41390954448938827,0,Besoin d'Attention,2
15278.0,1,0.7189341397084826,1,En danger,2
12976.0,1,0.1747335773772505,0,Champions,3
15561.0,0,0.24993137859256934,0,Champions,2
13587.0,0,0.623994312282522,1,Sur le point de Partir,2
14970.0,0,0.22488777081223793,0,Champions,3
18201.0,1,0.9410917440779695,1,Perdus,2
17612.0,0,0.11513832001197277,0,Champions,3
13203.0,0,0.2052591658469297,0,Champions,3
17400.0,0,0.10510618822837373,0,Champions,3
13039.0,1,0.7374397999568829,1,En danger,2
12826.0,0,0.29070850956688016,0,Fidèles,3
17927.0,1,0.9452676203118964,1,Perdus,2
13781.0,1,0.3319365735025106,0,Potentiellement Fidèles,2
17888.0,0,0.10858675492960225,0,Champions,3
16017.0,0,0.49615737730977183,0,En danger,2
18094.0,0,0.20265003040884097,0,Champions,3
13622.0,1,0.9205482867004432,1,Perdus,2
17962.0,0,0.6425895254406017,1,En danger,2
13929.0,0,0.3202553107549909,0,Fidèles,3
16452.0,1,0.8206473522170393,1,En danger,2
17227.0,0,0.2542415694822379,0,Champions,2
16595.0,0,0.2655092915746295,0,Fidèles,3
13907.0,1,0.9388823620466102,1,Perdus,2
14595.0,0,0.43464276321105105,0,Besoin d'Attention,2
12986.0,1,0.4396257633668042,0,En danger,2
15910.0,0,0.07374108631796099,0,Champions,3
13543.0,1,0.8028867789202173,1,En danger,2
17460.0,0,0.14820900567076672,0,Champions,3
14070.0,1,0.9266306797003316,1,Perdus,2
16390.0,1,0.7208138440717059,1,En danger,2
13553.0,1,0.9080999761315623,1,Perdus,2
13107.0,0,0.29891105128965656,0,Fidèles,3
16412.0,0,0.4706170901922499,0,En danger,2
13009.0,1,0.9319859308701322,1,Perdus,2
16704.0,1,0.7952009946207057,1,En danger,2
16714.0,1,0.24242525761690517,0,Champions,3
17285.0,1,0.7966264780884192,1,En danger,2
15964.0,1,0.9245006141577271,1,Perdus,2
16359.0,0,0.16841132333118117,0,Champions,3
12960.0,1,0.5150938771470148,1,En danger,2
14322.0,1,0.5698462220194846,1,En danger,2
14495.0,0,0.9203842797888416,1,Perdus,2
13020.0,1,0.7186895737547018,1,En danger,2
12993.0,0,0.22200298645241934,0,Champions,2
15306.0,0,0.5798284257185066,1,En danger,2
15774.0,0,0.4835561619377134,0,En danger,2
14997.0,0,0.9239798023733009,1,Perdus,2
15058.0,0,0.16022625185971812,0,Champions,3
13469.0,1,0.9261378669435505,1,Perdus,2
16471.0,1,0.32264302327462996,0,Champions,2
16631.0,1,0.5656191196288133,1,En danger,2
14459.0,0,0.8410048129949469,1,Perdus,2
15569.0,0,0.32141457339122664,0,Fidèles,2
15149.0,0,0.7333053997654576,1,En danger,2
17760.0,0,0.44959322946992225,0,Fidèles,2
15664.0,0,0.5675442891219326,1,Sur le point de Partir,2
16511.0,0,0.2359704409556541,0,Champions,2
16521.0,1,0.40169696608383904,0,Sur le point de Partir,2
15603.0,0,0.9158004766958778,1,Perdus,2
13797.0,1,0.5394582790279848,1,Sur le point de Partir,2
13126.0,0,0.18435294512715983,0,Champions,3
15927.0,1,0.9216830546718984,1,Perdus,2
13593.0,0,0.14594345546403562,0,Champions,3
17020.0,1,0.7126003741393192,1,En danger,2
14157.0,0,0.32763388804974286,0,Fidèles,2
15875.0,1,0.9200568396286154,1,Perdus,2
18151.0,0,0.31015172757733667,0,Fidèles,2
16859.0,0,0.2807272349859559,0,Champions,2
17847.0,1,0.7325488412728692,1,En danger,2
16096.0,1,0.3139029651756294,0,Champions,2
17718.0,1,0.4197315049447676,0,Potentiellement Fidèles,2
13280.0,0,0.26186329169073636,0,Fidèles,3
14233.0,0,0.23882847716563158,0,Champions,2
13201.0,1,0.6206206785066807,1,En danger,2
15847.0,0,0.3727817896658487,0,Fidèles,2
17325.0,1,0.3917105596691835,0,Potentiellement Fidèles,2
17542.0,1,0.36078058933244406,0,Potentiellement Fidèles,2
14147.0,0,0.3102966756202565,0,Fidèles,2
16756.0,1,0.212563066463164,0,Champions,3
13316.0,0,0.23261145447995948,0,Champions,3
13484.0,1,0.33073587421888523,0,Potentiellement Fidèles,2
16611.0,0,0.4490337852597731,0,En danger,2
17588.0,0,0.2705688591864192,0,Champions,2
13573.0,0,0.2926994052981871,0,Champions,2
16586.0,1,0.3532690846110945,0,Potentiellement Fidèles,2
15946.0,1,0.6825094520242581,1,En danger,2
14604.0,1,0.9138881018229976,1,Perdus,2
14496.0,1,0.3158229207141407,0,Fidèles,3
14872.0,1,0.6317051740378329,1,En danger,2
17568.0,1,0.8983074298163224,1,Perdus,2
16917.0,1,0.45642240319743316,0,Potentiellement Fidèles,2
18187.0,1,0.8697650348175493,1,Perdus,2
16977.0,1,0.5186277787920548,1,En danger,2
16108.0,0,0.5086384638100289,1,Sur le point de Partir,2
14316.0,1,0.5358564310570781,1,En danger,2
13896.0,1,0.9074826080568996,1,Perdus,2
15086.0,1,0.7649362306771604,1,En danger,2
14026.0,1,0.652096710751889,1,Sur le point de Partir,2
16741.0,1,0.9128414652066172,1,Perdus,2
14202.0,1,0.5284352793810424,1,Besoin d'Attention,2
13849.0,0,0.4529101820839125,0,Sur le point de Partir,2
16090.0,1,0.9099657162290639,1,Perdus,2
18215.0,0,0.5439022210298208,1,En danger,2
14253.0,1,0.7039448759427762,1,En danger,2
17827.0,1,0.1884769052880969,0,Champions,3
13684.0,1,0.3149468729818962,0,Fidèles,2
17046.0,0,0.5569193986256771,1,En danger,2
15029.0,1,0.8965208826986028,1,Perdus,2
13179.0,1,0.8978387248639342,1,Perdus,2
15125.0,0,0.13962571497028298,0,Champions,3
16654.0,0,0.2482857156007489,0,Champions,2
13071.0,1,0.9073358642840867,1,Perdus,2
15252.0,0,0.5063232569259719,1,Sur le point de Partir,2
16941.0,1,0.9110051086055929,1,Perdus,2
12821.0,1,0.41412160336259574,0,Potentiellement Fidèles,2
16454.0,0,0.75909714256116,1,En danger,2
13712.0,1,0.4324182836176618,0,Potentiellement Fidèles,2
13278.0,0,0.5109795303080872,1,Sur le point de Partir,2
13197.0,1,0.9009058763439295,1,Perdus,2
16040.0,0,0.2893328619419841,0,Champions,2
13080.0,0,0.5543406860919278,1,Sur le point de Partir,2
16276.0,0,0.6706972910712439,1,En danger,2
14275.0,1,0.4993919660571522,0,En danger,2
14011.0,1,0.6596154327722953,1,En danger,2
15590.0,1,0.43509130969519033,0,Fidèles,2
14656.0,0,0.29650949469675725,0,Champions,2
15354.0,1,0.7634286385162903,1,En danger,2
12969.0,1,0.9050789728441591,1,Perdus,2
17626.0,1,0.8992946806310655,1,Perdus,2
13346.0,1,0.5982312973383203,1,En danger,2
14788.0,0,0.8900105674522453,1,Perdus,2
14677.0,1,0.8965984932589983,1,Perdus,2
14563.0,1,0.6517521472717531,1,En danger,2
16408.0,1,0.8842783455264714,1,Perdus,2
15101.0,1,0.4124207794907312,0,Fidèles,3
16332.0,0,0.3557669125330585,0,Fidèles,2
16607.0,0,0.10236143164599809,0,Champions,3
17463.0,0,0.2048533090690466,0,Champions,3
16651.0,1,0.8969735621046171,1,Perdus,2
17555.0,0,0.3048983151852602,0,Fidèles,2
18163.0,1,0.8628282863724858,1,Perdus,2
13512.0,1,0.3355771627678017,0,Champions,2
15381.0,1,0.26899974561730905,0,Champions,0
13024.0,1,0.6448830533730499,1,Sur le point de Partir,2
18254.0,1,0.889227919498892,1,Perdus,2
14941.0,1,0.8920214319060116,1,Perdus,2
14014.0,0,0.5710842957146234,1,Besoin d'Attention,2
17705.0,0,0.2618010185646161,0,Champions,0
15012.0,0,0.48546069246415,0,Besoin d'Attention,2
13998.0,1,0.6042609366995799,1,Sur le point de Partir,2
13300.0,0,0.5590758894019824,1,Sur le point de Partir,2
16922.0,1,0.831561504060681,1,Perdus,2
17413.0,1,0.605787314427762,1,Sur le point de Partir,2
15401.0,1,0.6532572008971507,1,Sur le point de Partir,2
14394.0,1,0.8861705459274404,1,Perdus,2
17205.0,0,0.6066337537190072,1,Sur le point de Partir,2
17862.0,1,0.3654871631761089,0,Fidèles,2
15256.0,0,0.8855928144309969,1,Perdus,2
15254.0,0,0.6941827625441112,1,En danger,2
15980.0,0,0.27221308413505974,0,Champions,3
14033.0,1,0.8829448946552249,1,Perdus,2
16896.0,1,0.876355839183354,1,Perdus,2
18234.0,1,0.8679033687884173,1,Perdus,2
13337.0,1,0.7898621626251988,1,Perdus,2
14224.0,0,0.16265759845080066,0,Champions,0
16625.0,1,0.28525341029710477,0,Champions,0
18020.0,1,0.8543500955795986,1,Perdus,2
16500.0,0,0.4276345467451981,0,Fidèles,0
15625.0,0,0.2253607304964158,0,Champions,0
15247.0,0,0.6514136883510646,1,En danger,2
13707.0,1,0.24350991003817016,0,Champions,0
16315.0,1,0.5087892509349627,1,Besoin d'Attention,2
16683.0,1,0.8424214075583234,1,Perdus,2
16961.0,0,0.5136874970772694,1,Sur le point de Partir,2
16529.0,0,0.592684800870752,1,En danger,2
15264.0,0,0.8307136289308918,1,Perdus,2
17812.0,0,0.4394495342293576,0,Fidèles,0
17915.0,1,0.8682288008831877,1,Perdus,2
17987.0,0,0.3880340875002114,0,Fidèles,2
16048.0,1,0.48268352748232446,0,Fidèles,2
14308.0,1,0.7141368122513979,1,En danger,2
13023.0,0,0.8403544535696902,1,Perdus,2
13620.0,1,0.8654463165389034,1,Perdus,2
13739.0,0,0.866256065107802,1,Perdus,2
14693.0,1,0.286372409476141,0,Champions,0
15627.0,1,0.6320749925190785,1,Sur le point de Partir,2
12953.0,1,0.8431402787107576,1,Perdus,2
16576.0,1,0.5446341427119299,1,Sur le point de Partir,2
13909.0,1,0.5934801607033361,1,Sur le point de Partir,2
15056.0,1,0.8596128791199804,1,Perdus,2
18279.0,1,0.8541909194359181,1,Perdus,2
16469.0,0,0.31155110533466407,0,Potentiellement Fidèles,0
17559.0,1,0.8510199793805014,1,Perdus,2
16496.0,1,0.2137660678935346,0,Champions,0
14797.0,1,0.8433751828501939,1,Perdus,2
17643.0,1,0.5398666263004841,1,Besoin d'Attention,2
16165.0,1,0.8529103626921597,1,Perdus,2
17177.0,1,0.8387073988551554,1,Perdus,2
13788.0,1,0.8541697584291529,1,Perdus,2
13665.0,1,0.44581088837566446,0,Besoin d'Attention,0
18244.0,1,0.6044714728384842,1,Sur le point de Partir,2
15228.0,0,0.3056512505549413,0,Besoin d'Attention,0
18207.0,1,0.78263346991115,1,Perdus,2
15021.0,0,0.1362257638782159,0,Champions,3
17109.0,0,0.27681949280791934,0,Champions,0
13617.0,0,0.5119153892729318,1,En danger,0
15200.0,1,0.8219167004183412,1,Perdus,2
18277.0,0,0.48186676386392846,0,En danger,0
15387.0,1,0.8272690479175485,1,Perdus,2
14631.0,0,0.2634358842766011,0,Champions,0
17212.0,1,0.3571727909429592,0,Potentiellement Fidèles,0
13045.0,0,0.5705256987898516,1,Sur le point de Partir,0
14913.0,0,0.2352048191984917,0,Champions,0
13945.0,1,0.5345070499391943,1,Sur le point de Partir,0
15855.0,0,0.2635885454436418,0,Champions,0
17471.0,1,0.8165967710281294,1,Perdus,0
14866.0,0,0.4502820858099044,0,Fidèles,0
14433.0,1,0.7778714448001188,1,en Hibernation,0
16819.0,1,0.6425921072977042,1,Sur le point de Partir,0
16872.0,0,0.5883697156250765,1,Sur le point de Partir,0
14968.0,0,0.7857650804718062,1,en Hibernation,0
13076.0,1,0.8122039532372026,1,en Hibernation,0
18255.0,0,0.8077896468882341,1,en Hibernation,0
17149.0,1,0.8088354177299298,1,en Hibernation,0
18136.0,0,0.2350173984985327,0,Champions,0
14231.0,0,0.2917810408538986,0,Potentiellement Fidèles,0
16522.0,1,0.6073955787546071,1,Sur le point de Partir,0
16264.0,1,0.5655758585653161,1,Sur le point de Partir,0
13702.0,1,0.8045822389794731,1,en Hibernation,0
17284.0,0,0.17378104014483695,0,Champions,3
17567.0,0,0.2354007512003014,0,Champions,0
12871.0,0,0.3715582784266879,0,Potentiellement Fidèles,0
13118.0,0,0.20176981219828163,0,Champions,0
13970.0,1,0.5550955710049069,1,Besoin d'Attention,0
14891.0,0,0.5693605298168372,1,Sur le point de Partir,0
13556.0,1,0.6018545302908349,1,Sur le point de Partir,0
15276.0,0,0.4477290064569198,0,Sur le point de Partir,0
13380.0,1,0.7962182856493082,1,en Hibernation,0
15351.0,0,0.3864977438696242,0,Fidèles,0
16312.0,1,0.7895979628071532,1,en Hibernation,0
13367.0,1,0.7747383966428691,1,en Hibernation,0
18017.0,0,0.47782265366286525,0,Besoin d'Attention,0
13177.0,0,0.7846478572147565,1,en Hibernation,0
13964.0,1,0.5311010583027865,1,Sur le point de Partir,0
15857.0,0,0.785546914737353,1,en Hibernation,0
17354.0,0,0.5479331662662988,1,Sur le point de Partir,0
13776.0,1,0.5069430889759553,1,Sur le point de Partir,3
15708.0,0,0.20497044552869353,0,Champions,0
16122.0,0,0.439681937650351,0,Fidèles,0
13362.0,0,0.19107069653894826,0,Champions,0
16527.0,0,0.7283853473777661,1,en Hibernation,0
15834.0,0,0.19543267504861533,0,Champions,3
17104.0,1,0.7687109345726588,1,en Hibernation,0
17814.0,1,0.4211974604615206,0,Besoin d'Attention,0
17580.0,1,0.2795026964919396,0,Champions,0
15242.0,1,0.7814323054555222,1,en Hibernation,0
15304.0,0,0.28295568003167315,0,Champions,0
15735.0,1,0.7702515092624691,1,en Hibernation,0
16991.0,1,0.7133224085195413,1,en Hibernation,0
17687.0,1,0.7621620262809299,1,en Hibernation,0
15202.0,1,0.5175835837852177,1,Sur le point de Partir,3
17938.0,1,0.7670286573697259,1,en Hibernation,0
17316.0,1,0.7635072941599578,1,en Hibernation,0
14868.0,0,0.2557912062253718,0,Champions,0
14712.0,0,0.7733194399473091,1,en Hibernation,0
17967.0,1,0.4911885119799014,0,Besoin d'Attention,0
16201.0,0,0.7703672242440419,1,en Hibernation,0
13703.0,1,0.4428378454390564,0,Besoin d'Attention,0
14612.0,1,0.754629841312238,1,en Hibernation,0
17924.0,0,0.4054198038671209,0,Besoin d'Attention,0
13746.0,1,0.772775186631738,1,en Hibernation,0
13106.0,0,0.7605104793182488,1,en Hibernation,0
14728.0,1,0.7691800630827669,1,en Hibernation,0
13165.0,0,0.4949435190877087,0,Besoin d'Attention,0
17407.0,1,0.7524522981448952,1,en Hibernation,0
16373.0,1,0.5316650576971895,1,Besoin d'Attention,0
13977.0,1,0.7600874482040361,1,en Hibernation,0
18116.0,0,0.096447638139094,0,Champions,3
16904.0,0,0.0936596590139526,0,Champions,3
14197.0,1,0.7575060529807728,1,en Hibernation,0
16241.0,0,0.10217825477152737,0,Champions,3
17070.0,0,0.7493670538333841,1,en Hibernation,0
15773.0,1,0.7510034354689493,1,en Hibernation,0
15536.0,1,0.7623960537119983,1,en Hibernation,0
17334.0,1,0.41381517978979065,0,Besoin d'Attention,0
14848.0,1,0.7596722970868914,1,en Hibernation,0
13215.0,1,0.7698642768215304,1,en Hibernation,0
15336.0,1,0.755713179789068,1,en Hibernation,0
17254.0,0,0.7421368285070774,1,en Hibernation,0
17702.0,0,0.23051586608834085,0,Potentiellement Fidèles,0
13660.0,1,0.7087489104394055,1,en Hibernation,0
13903.0,1,0.7599550384466316,1,en Hibernation,0
14203.0,1,0.7486047605278389,1,en Hibernation,0
13138.0,0,0.3230155760508595,0,Potentiellement Fidèles,0
17084.0,0,0.5663438912838253,1,en Hibernation,0
17274.0,0,0.7171689499800554,1,en Hibernation,0
17467.0,1,0.7606569759655343,1,en Hibernation,0
16740.0,1,0.7392756152922272,1,en Hibernation,0
15131.0,1,0.7581906467012848,1,en Hibernation,0
15028.0,0,0.4780649879932309,0,Besoin d'Attention,0
17815.0,1,0.7402993044661689,1,en Hibernation,0
18054.0,1,0.751113581200075,1,en Hibernation,0
18007.0,1,0.7249397864983256,1,en Hibernation,0
13094.0,0,0.2502440668079303,0,Champions,0
13789.0,1,0.7405722208178367,1,en Hibernation,0
13158.0,0,0.4403388763320861,0,Besoin d'Attention,0
16386.0,0,0.37949661786966005,0,Potentiellement Fidèles,0
12847.0,0,0.713972418627898,1,en Hibernation,0
13864.0,1,0.7398702267542082,1,Prometteurs,0
16812.0,1,0.4026219775379903,0,Fidèles,0
13651.0,0,0.7164264694496799,1,Prometteurs,0
17237.0,0,0.4962512254585095,0,Besoin d'Attention,0
16357.0,0,0.3503786224980341,0,Potentiellement Fidèles,0
15509.0,1,0.7283470127359173,1,Prometteurs,0
14443.0,0,0.3495606848357611,0,Besoin d'Attention,0
13254.0,1,0.7430018809750604,1,Prometteurs,0
16274.0,1,0.6759941304192586,1,Prometteurs,0
14491.0,0,0.7336892328469237,1,Prometteurs,0
13370.0,1,0.6402363575710085,1,Prometteurs,0
18113.0,1,0.734318613103429,1,Prometteurs,0
18269.0,1,0.6949519198377342,1,Prometteurs,0
18032.0,1,0.6965230213289885,1,Prometteurs,0
14587.0,0,0.17275179642006086,0,Champions,0
15687.0,0,0.3135248407137275,0,Champions,0
13385.0,1,0.6529347432660588,1,Prometteurs,0
14501.0,0,0.6803313244077062,1,Prometteurs,0
15052.0,1,0.6570993184193819,1,Prometteurs,0
17431.0,1,0.6322055789681433,1,Prometteurs,0
16403.0,1,0.6330027040976796,1,Prometteurs,0
13606.0,0,0.35205587651732007,0,Potentiellement Fidèles,0
12929.0,1,0.6661967427878696,1,Prometteurs,0
14411.0,1,0.6314461353069658,1,Prometteurs,0
13675.0,0,0.6214606017362256,1,Prometteurs,0
16427.0,1,0.387236058657249,0,Potentiellement Fidèles,0
15656.0,0,0.3401952133986186,0,Potentiellement Fidèles,0
15676.0,0,0.5264943482376133,1,Prometteurs,0
15319.0,1,0.6225675196722018,1,Prometteurs,0
15087.0,1,0.6177327569539707,1,Prometteurs,0
17856.0,1,0.32836530819668075,0,Potentiellement Fidèles,0
15053.0,0,0.6168663615471325,1,Prometteurs,0
14995.0,0,0.602984785937945,1,Prometteurs,0
14633.0,1,0.5929843442132374,1,Prometteurs,0
14246.0,0,0.5586135038155047,1,Prometteurs,0
12944.0,0,0.7059883644016274,1,Prometteurs,0
17634.0,0,0.2073947798483142,0,Champions,0
16425.0,1,0.6388491286102285,1,Prometteurs,0
13475.0,0,0.2757581928927457,0,Potentiellement Fidèles,0
16431.0,1,0.28507770772739743,0,Potentiellement Fidèles,0
14959.0,0,0.322200881025292,0,Potentiellement Fidèles,0
13744.0,0,0.5875061265477746,1,Prometteurs,0
15146.0,0,0.5373764053918562,1,Prometteurs,0
15397.0,1,0.642023116692574,1,Prometteurs,0
15974.0,0,0.2630638320998373,0,Potentiellement Fidèles,0
17830.0,1,0.38202046253386945,0,Potentiellement Fidèles,0
15234.0,1,0.6157373270133689,1,Prometteurs,0
13908.0,0,0.2872327730563582,0,Potentiellement Fidèles,0
16495.0,1,0.3858380831160775,0,Potentiellement Fidèles,0
16766.0,1,0.371042105312612,0,Potentiellement Fidèles,0
13956.0,0,0.3299427048247094,0,Potentiellement Fidèles,0
15408.0,1,0.5803124612538443,1,Prometteurs,0
13934.0,1,0.5604990577600839,1,Prometteurs,0
15669.0,0,0.60180040592124,1,Prometteurs,0
15457.0,1,0.5586931118522775,1,Prometteurs,0
17698.0,1,0.6020161819466369,1,Prometteurs,0
14267.0,0,0.3072028015838111,0,Potentiellement Fidèles,0
15178.0,1,0.6100536930819219,1,Prometteurs,0
15045.0,0,0.5611364456297147,1,Prometteurs,0
15832.0,1,0.5302683182842062,1,Prometteurs,0
14719.0,0,0.5566403236759699,1,Prometteurs,0
17054.0,0,0.2720037537235993,0,Potentiellement Fidèles,0
15214.0,0,0.542430883781292,1,Prometteurs,0
17574.0,1,0.5777936165573835,1,Prometteurs,0
15935.0,1,0.3397565168614675,0,Potentiellement Fidèles,0
15813.0,1,0.28851080693872455,0,Potentiellement Fidèles,0
13120.0,1,0.5839026433614627,1,Prometteurs,0
18213.0,1,0.5620692965778623,1,Prometteurs,0
17697.0,1,0.5549422363723612,1,Prometteurs,0
15508.0,0,0.29064957437839983,0,Potentiellement Fidèles,0
13389.0,0,0.5532314034591418,1,Prometteurs,0
15952.0,0,0.548478635004542,1,Prometteurs,0
17527.0,0,0.5098171849694842,1,Nouveaux Clients,0
14697.0,1,0.31625506267218867,0,Potentiellement Fidèles,0
14288.0,1,0.4903630531764775,0,Nouveaux Clients,0
14731.0,0,0.3010643480303991,0,Potentiellement Fidèles,0
17658.0,0,0.531725965403528,1,Nouveaux Clients,0
16076.0,0,0.5216699907477294,1,Nouveaux Clients,0
12957.0,0,0.0956881596498132,0,Champions,3
17364.0,0,0.033292584901014395,0,Champions,3
17980.0,0,0.2827110953526367,0,Potentiellement Fidèles,0
14859.0,0,0.365482984219231,0,Potentiellement Fidèles,2
14733.0,0,0.14933413976534504,0,Champions,3
15201.0,0,0.2483567833442866,0,Champions,2
13405.0,0,0.24079210787077146,0,Champions,2
15271.0,0,0.08136082734291243,0,Champions,3
18177.0,0,0.20392067411754114,0,Champions,2
13178.0,0,0.08949623168688589,0,Champions,3
15601.0,0,0.04809660842327069,0,Champions,3
15694.0,0,0.13655154603084008,0,Champions,3
17961.0,0,0.002411480131478223,0,Champions,3
17455.0,1,0.5281370411735249,1,Nouveaux Clients,0
13243.0,1,0.1727059205496097,0,Champions,3
13824.0,0,0.1876116653891117,0,Champions,3
16187.0,0,0.2080175994663249,0,Champions,0
13654.0,0,0.13052269167241848,0,Champions,3
15281.0,0,0.05778145678621015,0,Champions,3
13113.0,0,0.0625348474059901,0,Champions,3
13230.0,0,0.017687106589825495,0,Champions,3
16556.0,0,0.0824079723282579,0,Champions,3
12909.0,0,0.18473730349647882,0,Champions,3
13657.0,1,0.5238706710776314,1,Nouveaux Clients,0
14837.0,0,0.17413280690697625,0,Champions,3
14682.0,0,0.22439213153844634,0,Champions,2
15563.0,0,0.16626520887216378,0,Champions,3
13223.0,1,0.24822835027762713,0,Champions,2
16422.0,0,0.007107112289373726,0,Champions,1
13831.0,0,0.11573747215109899,0,Champions,3
17723.0,0,0.3095192496939835,0,Potentiellement Fidèles,0
16729.0,0,0.17965555046941792,0,Champions,0
13523.0,0,0.21802906760010385,0,Champions,0
18018.0,0,0.2964858210987498,0,Potentiellement Fidèles,0
17058.0,0,0.2907165475194275,0,Potentiellement Fidèles,0
17719.0,0,0.24293272226337148,0,Champions,0
13268.0,0,0.15117541577420618,0,Champions,0
14287.0,1,0.3106566829943055,0,Potentiellement Fidèles,0
14810.0,0,0.16713731376317514,0,Champions,0
17790.0,0,0.12361412015789983,0,Champions,3
16837.0,0,0.20537461999839463,0,Champions,0
14210.0,0,0.10490781103597582,0,Champions,3
15005.0,0,0.011703133044072988,0,Champions,3
16609.0,0,0.2329438624812396,0,Potentiellement Fidèles,0
16525.0,0,0.04631006191335106,0,Champions,3
14735.0,0,0.033750808956737204,0,Champions,3
14338.0,0,0.34819503998825174,0,Potentiellement Fidèles,2
14227.0,0,0.09008810630060124,0,Champions,3
15867.0,0,0.0229141387134815,0,Champions,3
14031.0,0,0.028305419748236808,0,Champions,3
17682.0,0,0.17819279643595262,0,Champions,3
16656.0,0,0.12329459280961826,0,Champions,3
16814.0,0,0.04698776599920492,0,Champions,3
17975.0,0,0.09655438577865366,0,Champions,3
14819.0,0,0.2892892573402077,0,Potentiellement Fidèles,2
17725.0,0,0.23229456743008622,0,Champions,0
18102.0,0,0.00016719453993812737,0,Champions,1
18087.0,0,0.24929259978469218,0,Fidèles,3
17700.0,0,0.10056422314105952,0,Champions,3
16393.0,0,0.0743632589272447,0,Champions,3
12913.0,0,0.25854822021992363,0,Champions,2
17056.0,1,0.9511563787081078,1,Perdus,2
15984.0,0,0.04521718483556096,0,Champions,3
18037.0,0,0.18279889362260712,0,Champions,2
16163.0,1,0.2274842579492979,0,Champions,3
14799.0,0,0.9502373642694816,1,Perdus,2
16467.0,1,0.6437951735557397,1,En danger,2
14106.0,1,0.9515815866298452,1,Perdus,2
14987.0,0,0.4383917257989617,0,Fidèles,2
15615.0,0,0.03654567049574657,0,Champions,3
14841.0,0,0.1634906146551344,0,Champions,3
16156.0,0,0.11437834975831666,0,Champions,3
15255.0,0,0.3751881772006426,0,En danger,2
13800.0,1,0.3838317844987939,0,Besoin d'Attention,2
17035.0,1,0.315059108574468,0,Champions,2
17155.0,0,0.6630323649713787,1,En danger,2
12835.0,1,0.13553041639057464,0,En danger,3
17069.0,0,0.15324360472607795,0,Champions,3
16779.0,0,0.02339088507274428,0,Champions,3
17465.0,1,0.4256317969130594,0,En danger,2
13485.0,1,0.15584931996677873,0,Champions,3
17271.0,1,0.943041053306282,1,Perdus,2
13531.0,1,0.22755481878479739,0,Champions,2
15755.0,0,0.10756693866518513,0,Champions,3
13408.0,0,0.008060271086462643,0,Champions,3
18061.0,0,0.11634282392018595,0,Champions,3
17157.0,0,0.41277764961685937,0,En danger,2
16723.0,0,0.6326776802178069,1,Sur le point de Partir,2
17935.0,0,0.4888952009975637,0,En danger,2
17151.0,1,0.950461255366362,1,Perdus,2
17421.0,1,0.5194787835781383,1,Besoin d'Attention,2
17850.0,1,0.0006755084603239646,0,Fidèles,1
17244.0,0,0.44481295383003105,0,Fidèles,2
17916.0,1,0.8265978763932831,1,En danger,2
14940.0,1,0.641881502292343,1,Sur le point de Partir,2
15691.0,1,0.3357187157544677,0,Champions,2
18219.0,0,0.16372860154863098,0,Champions,3
17270.0,1,0.6801334654891158,1,Sur le point de Partir,2
16732.0,0,0.38606422342475777,0,Sur le point de Partir,3
14494.0,0,0.6433637356092302,1,Sur le point de Partir,2
13410.0,0,0.3028690586412369,0,Champions,2
15298.0,0,0.13906244647369637,0,Champions,3
13557.0,0,0.19491741473378038,0,Champions,3
13136.0,0,0.1407558531470138,0,Champions,3
13727.0,0,0.7311520637391214,1,En danger,2
16755.0,0,0.16505621784888339,0,Champions,3
13770.0,1,0.5321691196131446,1,En danger,2
13426.0,0,0.12771235370865577,0,Champions,3
13498.0,1,0.9461759477011636,1,Perdus,2
16663.0,1,0.9498900885787531,1,Perdus,2
16985.0,0,0.10305454450066738,0,Champions,3
15157.0,0,0.44714592306984585,0,Besoin d'Attention,2
16670.0,0,0.11938339812812487,0,Champions,3
17032.0,1,0.5196312178125685,1,En danger,3
17696.0,0,0.12310096702465954,0,Champions,3
14030.0,0,0.033288429349777285,0,Champions,3
17165.0,1,0.27919066863547337,0,Fidèles,2
18268.0,0,0.730252962250905,1,En danger,2
13953.0,0,0.2255379625281052,0,Champions,2
14298.0,0,0.0004331326994371387,0,Champions,1
15503.0,1,0.5093955968089537,1,Besoin d'Attention,2
17172.0,0,0.6245817065180332,1,Sur le point de Partir,2
17539.0,1,0.6973747734550405,1,En danger,2
17802.0,0,0.23306227072648955,0,Fidèles,3
14751.0,1,0.8604298475646208,1,En danger,2
16409.0,0,0.09739951754914714,0,Champions,3
15534.0,1,0.9476089081262039,1,Perdus,2
15920.0,0,0.5209169344678448,1,En danger,2
17623.0,0,0.4148996763109178,0,En danger,2
14042.0,1,0.9432865984549003,1,Perdus,2
16280.0,1,0.9456043247168818,1,Perdus,2
13577.0,0,0.22437945667091172,0,Champions,3
17213.0,0,0.26642707198007826,0,Fidèles,3
17233.0,0,0.6664691517227893,1,Sur le point de Partir,2
17797.0,0,0.3955274810485411,0,En danger,2
17816.0,0,0.3438744313652687,0,Champions,2
13711.0,1,0.1842544499563379,0,Champions,3
17646.0,1,0.13830977433299724,0,Champions,3
13952.0,1,0.08587693841173885,0,Champions,3
17873.0,0,0.15973666249651317,0,Champions,3
16694.0,1,0.9484126234004012,1,Perdus,2
15586.0,1,0.7614137147544493,1,En danger,2
17323.0,0,0.1773245095591703,0,Champions,3
13762.0,1,0.26184343024385043,0,Champions,2
13709.0,0,0.31547573956592356,0,Fidèles,2
17963.0,1,0.5485906183888244,1,En danger,2
12857.0,1,0.21246982448867147,0,Champions,3
17218.0,0,0.10762923163227947,0,Champions,3
15259.0,1,0.6481309010584394,1,En danger,2
15218.0,0,0.12739388606527255,0,Champions,3
17536.0,0,0.6547632776903355,1,Sur le point de Partir,2
17050.0,0,0.16435973522665237,0,Champions,3
15959.0,1,0.8245540019251226,1,En danger,2
14380.0,1,0.9289472856938015,1,Perdus,2
15695.0,1,0.3237485798302065,0,Champions,2
13101.0,1,0.29212201721781184,0,Champions,2
15564.0,1,0.6963947823097875,1,Sur le point de Partir,2
13870.0,0,0.23970139473675908,0,Fidèles,3
13417.0,1,0.24624576463831088,0,Champions,2
14884.0,1,0.9309755397659034,1,Perdus,2
18070.0,1,0.9195698873294094,1,Perdus,2
15892.0,1,0.9234113350961684,1,Perdus,2
13131.0,0,0.4841190584728207,0,En danger,2
16530.0,1,0.932422803915328,1,Perdus,2
14301.0,0,0.5457744593652908,1,Sur le point de Partir,2
13288.0,1,0.5781825333861249,1,En danger,2
15807.0,0,0.5861193719317132,1,Sur le point de Partir,2
13291.0,0,0.3571199293868359,0,En danger,2
16895.0,0,0.5204483871475567,1,En danger,2
17547.0,1,0.5543750548936569,1,Besoin d'Attention,2
17258.0,1,0.5929371268018456,1,Sur le point de Partir,2
17029.0,0,0.27542462019990976,0,Champions,2
17108.0,1,0.9281656432344538,1,Perdus,2
15272.0,0,0.42060585235682074,0,En danger,2
15498.0,0,0.019390046818561196,0,Champions,3
17662.0,1,0.8480385867016871,1,En danger,2
18097.0,0,0.18032767610616335,0,Champions,3
14422.0,0,0.12472067113074865,0,Champions,3
14095.0,1,0.9491264238884984,1,Perdus,2
16908.0,1,0.9362451420677245,1,Perdus,2
16150.0,0,0.2211641818879927,0,Champions,3
15497.0,0,0.310691452938577,0,Fidèles,3
15409.0,1,0.9392490720215655,1,Perdus,2
13111.0,1,0.9438478455444987,1,Perdus,2
15064.0,1,0.4845863357854284,0,En danger,2
14146.0,0,0.13504378735431238,0,Champions,3
16414.0,0,0.3401207144905442,0,Champions,2
15224.0,1,0.4369243885910189,0,Fidèles,2
17801.0,1,0.5722428809430418,1,Sur le point de Partir,2
17875.0,1,0.9330221901347779,1,Perdus,2
14320.0,1,0.2205135122548923,0,Champions,2
14209.0,0,0.13618411775906747,0,Champions,3
17071.0,0,0.21467579699372,0,Champions,3
17142.0,1,0.2750585303288738,0,Champions,2
16206.0,0,0.12139188828767411,0,Champions,3
17810.0,1,0.81839059111804,1,En danger,2
14613.0,1,0.9365698087501607,1,Perdus,2
16137.0,1,0.9273334515450024,1,Perdus,2
16067.0,1,0.7003862404581063,1,En danger,2
15448.0,1,0.4987863898955427,0,Besoin d'Attention,2
16583.0,1,0.6045125891744728,1,Besoin d'Attention,2
16986.0,0,0.47093421320395157,0,En danger,2
15584.0,0,0.552934979631272,1,Sur le point de Partir,2
14943.0,1,0.929731598661152,1,Perdus,2
13613.0,1,0.5581815526735155,1,En danger,2
13431.0,0,0.44714130166555044,0,En danger,2
16170.0,0,0.09985110231602023,0,Champions,3
13579.0,0,0.43696414084374025,0,Fidèles,2
15693.0,1,0.9299105501208962,1,Perdus,2
17721.0,1,0.9250195300680804,1,Perdus,2
13540.0,1,0.6340853754547093,1,Sur le point de Partir,2
16619.0,1,0.2811887227736444,0,Champions,2
17439.0,1,0.924134577046215,1,Perdus,2
13217.0,0,0.9276671591029666,1,Perdus,2
17195.0,1,0.9155451326901245,1,Perdus,2
17081.0,0,0.42708569528891,0,En danger,2
15754.0,0,0.23263213924315407,0,Champions,3
17259.0,0,0.3455946265883888,0,Fidèles,2
13330.0,0,0.372777291122634,0,Fidèles,2
13104.0,0,0.346285548340547,0,Champions,2
13334.0,0,0.2199133075933348,0,Besoin d'Attention,3
14402.0,1,0.9233806773150718,1,Perdus,2
17207.0,1,0.9099267150734869,1,Perdus,2
15606.0,0,0.1551827043993835,0,Champions,3
16099.0,0,0.2664410387074593,0,Champions,2
14142.0,1,0.5323258610992726,1,Besoin d'Attention,2
17930.0,0,0.23669858418557216,0,Champions,3
15084.0,1,0.5791510237459251,1,Besoin d'Attention,2
15030.0,0,0.3024380719540805,0,Champions,2
15978.0,0,0.5767597416136901,1,Sur le point de Partir,2
16271.0,0,0.34873361469617864,0,Fidèles,2
15443.0,0,0.19042013419094267,0,Fidèles,3
16466.0,0,0.13882008882243893,0,Champions,3
18029.0,1,0.9152242848317879,1,Perdus,2
16984.0,0,0.13804091593774953,0,En danger,3
16754.0,1,0.18398913061073652,0,Fidèles,3
16628.0,0,0.28206036372369475,0,Champions,2
17488.0,1,0.9158067284693785,1,Perdus,2
16681.0,0,0.28128304488755873,0,Champions,2
15921.0,0,0.5200167652278213,1,Sur le point de Partir,2
17338.0,0,0.035046155000728905,0,Champions,3
16387.0,1,0.3630774747771543,0,Fidèles,2
14645.0,0,0.45257695812848503,0,Potentiellement Fidèles,2
18135.0,0,0.4909479270433802,0,En danger,2
17478.0,1,0.5878491351281302,1,Sur le point de Partir,2
16777.0,0,0.26870442558846336,0,Champions,2
16254.0,1,0.489796867056932,0,Besoin d'Attention,2
13406.0,1,0.6389323498873468,1,Sur le point de Partir,2
14400.0,0,0.5686760952011173,1,Sur le point de Partir,2
13057.0,1,0.6938718983038353,1,En danger,2
15496.0,1,0.9124300052046904,1,Perdus,2
16668.0,0,0.22064329018470966,0,Champions,0
13150.0,1,0.6620403510920608,1,En danger,2
16508.0,1,0.9047073708569743,1,Perdus,2
17587.0,1,0.9045525863108063,1,Perdus,2
16397.0,1,0.9151524812154666,1,Perdus,2
14175.0,0,0.2789500155698079,0,Fidèles,3
16077.0,1,0.8746326048479167,1,Perdus,2
16002.0,1,0.9033048865861664,1,Perdus,2
16943.0,1,0.25815262896826435,0,Champions,2
17484.0,1,0.7731332145319426,1,En danger,2
13187.0,1,0.41528327512380697,0,Fidèles,2
17582.0,1,0.24051458909439732,0,Champions,2
13053.0,1,0.9098052934396367,1,Perdus,2
15141.0,1,0.5337361033575693,1,En danger,2
16502.0,1,0.7913119361277186,1,En danger,2
12861.0,1,0.9134576288627052,1,Perdus,2
15715.0,1,0.7052980724778658,1,En danger,2
18025.0,1,0.4094125415642971,0,Fidèles,2
18093.0,0,0.3369865230651533,0,Fidèles,2
17889.0,1,0.1976704906174743,0,Champions,0
17531.0,0,0.6358517475516987,1,En danger,2
13464.0,0,0.4353150328354983,0,En danger,2
13361.0,1,0.6570138360395653,1,En danger,2
15689.0,0,0.5698908642569339,1,Besoin d'Attention,2
18241.0,0,0.23662489402336015,0,Champions,2
13196.0,0,0.284427113952995,0,Champions,2
14200.0,1,0.9039416100053845,1,Perdus,2
17993.0,1,0.8924848263974275,1,Perdus,2
15770.0,1,0.9032502089915495,1,Perdus,2
14035.0,0,0.2903738746463403,0,Champions,2
13640.0,1,0.9063062212053438,1,Perdus,2
17553.0,0,0.6365149909562454,1,En danger,2
14450.0,0,0.27561521144328366,0,Champions,2
17805.0,0,0.9066867858658495,1,Perdus,2
13163.0,1,0.899049849186137,1,Perdus,2
13180.0,1,0.9080606491315599,1,Perdus,2
15268.0,1,0.641967486359555,1,En danger,2
15639.0,0,0.6069952992663057,1,Sur le point de Partir,2
16809.0,0,0.20050615428818605,0,Champions,0
16259.0,1,0.5184727584843544,1,Sur le point de Partir,2
15572.0,0,0.18922351757460568,0,Champions,3
14569.0,1,0.6182246672260798,1,Sur le point de Partir,2
18174.0,1,0.9075091931584006,1,Perdus,2
18236.0,0,0.25393341633929767,0,Champions,0
17709.0,0,0.6133752009784381,1,En danger,2
13661.0,1,0.8992600885062777,1,Perdus,2
15979.0,1,0.8970291052009653,1,Perdus,2
14395.0,0,0.08207277696175756,0,Champions,3
17256.0,0,0.4155794046928663,0,Fidèles,2
13115.0,0,0.3476880857752022,0,Fidèles,3
16231.0,1,0.4514052187160133,0,Fidèles,2
16743.0,0,0.17285004271483084,0,Champions,0
14665.0,0,0.32021983244039215,0,Fidèles,2
13307.0,0,0.6964116581049483,1,En danger,2
17991.0,1,0.32576574149756526,0,Potentiellement Fidèles,2
18273.0,0,0.4684340379398923,0,Potentiellement Fidèles,2
14724.0,1,0.8840933320272572,1,Perdus,2
17605.0,1,0.8962479393758955,1,Perdus,2
17886.0,0,0.21726182360899193,0,Champions,0
17021.0,1,0.5409191938547236,1,En danger,2
16374.0,0,0.19680812366888348,0,Champions,3
15418.0,1,0.5820536927957437,1,Sur le point de Partir,2
17565.0,1,0.8885194268976507,1,Perdus,2
15868.0,1,0.8966874183543296,1,Perdus,2
17225.0,1,0.8948927081485053,1,Perdus,2
17798.0,1,0.8801732863870451,1,Perdus,2
14361.0,1,0.8890733228667156,1,Perdus,2
17169.0,0,0.8704982930979891,1,Perdus,2
18281.0,0,0.8912214111491614,1,Perdus,2
15034.0,0,0.08728283379737156,0,Champions,3
16898.0,0,0.4150945737835667,0,Besoin d'Attention,2
16588.0,1,0.4706918286890338,0,Fidèles,2
16932.0,0,0.5672204319415118,1,Sur le point de Partir,2
17928.0,0,0.4312977689461138,0,Potentiellement Fidèles,2
14304.0,1,0.2698901074944968,0,Potentiellement Fidèles,2
16884.0,0,0.7281053398871786,1,En danger,2
14744.0,0,0.27133252500774835,0,Fidèles,3
16835.0,0,0.42640618458782514,0,Fidèles,2
17490.0,0,0.5600657242330193,1,Sur le point de Partir,2
14220.0,1,0.321455960707878,0,Champions,0
15025.0,0,0.8528722976893164,1,Perdus,2
14850.0,1,0.27746921678860526,0,Fidèles,3
14409.0,0,0.35168028116358935,0,Fidèles,0
17074.0,1,0.8843707521749691,1,Perdus,2
16458.0,0,0.13642478979658154,0,Champions,3
14069.0,1,0.6897694054661131,1,En danger,2
16691.0,1,0.6230259900792636,1,Sur le point de Partir,2
17583.0,1,0.8830436628633904,1,Perdus,2
17617.0,1,0.8581343300183067,1,Perdus,2
15246.0,1,0.32494752484690703,0,Potentiellement Fidèles,2
15305.0,1,0.881623491298463,1,Perdus,2
17235.0,0,0.4328031990156401,0,Fidèles,0
14766.0,0,0.13124692843617486,0,Champions,3
14515.0,0,0.22080123048680936,0,Champions,3
17204.0,0,0.22018605579696357,0,Champions,3
17996.0,1,0.48334683143148227,0,Besoin d'Attention,2
16021.0,1,0.497331211679457,0,Sur le point de Partir,2
17923.0,1,0.4160945623600883,0,Potentiellement Fidèles,2
14581.0,0,0.8559096251203485,1,Perdus,2
15901.0,0,0.5634157642834422,1,En danger,2
17952.0,1,0.44121834428612255,0,Fidèles,0
13567.0,1,0.41550788139902817,0,En danger,2
13586.0,1,0.8667554176969153,1,Perdus,2
14075.0,0,0.3267435919710881,0,Champions,0
17953.0,1,0.8656877727063941,1,Perdus,2
16739.0,0,0.838552289320918,1,Perdus,2
17192.0,1,0.8644770118000837,1,Perdus,2
14793.0,0,0.8565477901900485,1,Perdus,2
17422.0,0,0.19228478077021036,0,Champions,3
14199.0,1,0.29482131483985646,0,Champions,0
17326.0,1,0.5346584640203681,1,Sur le point de Partir,2
18112.0,0,0.5967199508527139,1,Sur le point de Partir,2
15976.0,0,0.14534017832797913,0,Champions,3
14616.0,1,0.32325576247850696,0,Champions,0
14260.0,1,0.6189199543321047,1,En danger,2
17282.0,0,0.29747450054533214,0,Besoin d'Attention,2
14230.0,1,0.5924050267418953,1,Sur le point de Partir,2
17971.0,1,0.8701415053677627,1,Perdus,2
13299.0,1,0.3397084217976753,0,Potentiellement Fidèles,2
17666.0,0,0.6454895921805779,1,En danger,2
15486.0,1,0.8667046089068636,1,Perdus,2
17748.0,1,0.8555693128180163,1,Perdus,2
17187.0,1,0.3951215849025168,0,Potentiellement Fidèles,2
13677.0,1,0.5085136068486867,1,Sur le point de Partir,2
12841.0,0,0.061682470542584925,0,Champions,3
14007.0,1,0.8557236570044734,1,Perdus,2
18021.0,1,0.6781012190950809,1,En danger,0
15452.0,0,0.25822478123144704,0,Champions,0
16861.0,0,0.5099081786300393,1,Sur le point de Partir,0
15788.0,1,0.8278888855694734,1,Perdus,2
16129.0,1,0.4780328380621888,0,Sur le point de Partir,0
18074.0,1,0.5299325580153809,1,Besoin d'Attention,2
17918.0,1,0.6570811122892303,1,En danger,0
17112.0,1,0.8271729715176097,1,Perdus,2
16219.0,1,0.8501902173754244,1,Perdus,2
15873.0,1,0.6688345113887101,1,En danger,0
13384.0,0,0.4530628565527355,0,En danger,0
14463.0,0,0.38685137714618867,0,Potentiellement Fidèles,2
16278.0,0,0.6161231817640233,1,En danger,0
17168.0,1,0.8325454024336247,1,Perdus,2
17735.0,0,0.07620329652760592,0,Champions,3
14219.0,1,0.5778836296175414,1,Sur le point de Partir,0
16334.0,1,0.8124069520509746,1,Perdus,2
16196.0,1,0.8394275215367152,1,Perdus,2
14996.0,1,0.651948890404083,1,En danger,0
13063.0,1,0.8276480562527019,1,Perdus,0
14379.0,0,0.36877027871494794,0,Besoin d'Attention,0
17627.0,1,0.8046396999108383,1,Perdus,2
16675.0,1,0.6061221769952206,1,Sur le point de Partir,0
16562.0,1,0.8117622537942901,1,Perdus,0
16235.0,0,0.3264486408367905,0,Fidèles,0
14482.0,0,0.2255226160137746,0,Champions,0
15936.0,1,0.5507261684314928,1,Besoin d'Attention,0
13714.0,1,0.8062569065169876,1,Sur le point de Partir,0
13785.0,1,0.5656825419883498,1,En danger,0
13683.0,1,0.8091337344779604,1,Sur le point de Partir,0
15752.0,0,0.15234351630859622,0,Champions,3
14445.0,1,0.7952879221442175,1,Sur le point de Partir,0
14635.0,1,0.8038059543479609,1,Sur le point de Partir,0
15006.0,0,0.7820133081628061,1,Sur le point de Partir,0
13784.0,0,0.25894209358080905,0,Champions,0
16005.0,0,0.1827807068553562,0,Champions,0
15685.0,1,0.8034339600291823,1,Sur le point de Partir,0
16589.0,0,0.8049106048753047,1,Sur le point de Partir,0
17743.0,1,0.784184216265978,1,Sur le point de Partir,0
18089.0,1,0.7968795094899891,1,Sur le point de Partir,0
15870.0,0,0.49966038890051484,0,Sur le point de Partir,0
17055.0,1,0.7910037527219289,1,Sur le point de Partir,0
15041.0,0,0.7860957453623919,1,Sur le point de Partir,0
16546.0,1,0.3323912415387716,0,Fidèles,0
16692.0,1,0.3744760374818378,0,Champions,0
16140.0,0,0.5251252204464586,1,Besoin d'Attention,0
17062.0,1,0.33143871440154116,0,Fidèles,0
16211.0,0,0.5866959617656738,1,Sur le point de Partir,0
16362.0,0,0.7679378889285762,1,Sur le point de Partir,0
16269.0,1,0.727436032007437,1,Sur le point de Partir,0
14410.0,0,0.12026022623358222,0,Champions,3
13927.0,0,0.759750103347487,1,Sur le point de Partir,0
12946.0,1,0.7835590495166288,1,Sur le point de Partir,0
13804.0,0,0.3679408803002317,0,Besoin d'Attention,0
17257.0,1,0.6103392241188189,1,Sur le point de Partir,0
14829.0,0,0.4131306062070189,0,Fidèles,0
16489.0,1,0.5554348645161362,1,Besoin d'Attention,0
14004.0,0,0.3295894672769955,0,Fidèles,0
13962.0,0,0.3972668028282098,0,Potentiellement Fidèles,0
14800.0,0,0.09946320239180236,0,Champions,3
16606.0,1,0.5699948753591908,1,Sur le point de Partir,0
13198.0,0,0.17349452350923905,0,Champions,3
16476.0,1,0.7250579468638434,1,Sur le point de Partir,0
16061.0,1,0.7468684646549789,1,Sur le point de Partir,0
16348.0,0,0.27934860315202364,0,Potentiellement Fidèles,0
17196.0,1,0.730590328763608,1,Sur le point de Partir,0
16579.0,1,0.753612902035792,1,Sur le point de Partir,0
14412.0,0,0.7504074047123749,1,Sur le point de Partir,0
14981.0,1,0.3826408153927379,0,Potentiellement Fidèles,0
17708.0,0,0.4147541820479969,0,Besoin d'Attention,0
16643.0,1,0.3438775588884416,0,Potentiellement Fidèles,0
13832.0,0,0.7437568533329779,1,Sur le point de Partir,0
14696.0,0,0.2760465105921983,0,Champions,0
13194.0,0,0.7760896604213248,1,Sur le point de Partir,0
14929.0,0,0.7608219508140293,1,Sur le point de Partir,0
16935.0,1,0.48725863673928954,0,Besoin d'Attention,0
17629.0,0,0.23353472960862895,0,Champions,0
17796.0,0,0.2812493950517681,0,Fidèles,0
15772.0,1,0.7704798531479264,1,Sur le point de Partir,0
13516.0,0,0.3838655630763381,0,Potentiellement Fidèles,0
16069.0,1,0.7593189485726408,1,Sur le point de Partir,0
16141.0,0,0.7656006217809149,1,Sur le point de Partir,0
13134.0,0,0.29105099630566533,0,Champions,0
16776.0,0,0.7470577256531318,1,Sur le point de Partir,0
16903.0,0,0.4379142344717093,0,Besoin d'Attention,0
13195.0,1,0.751008285327249,1,Sur le point de Partir,0
13565.0,0,0.4770432964146194,0,Besoin d'Attention,0
15174.0,1,0.461164230059043,0,Besoin d'Attention,0
14718.0,1,0.7674637109261202,1,Sur le point de Partir,0
16785.0,1,0.7425244281289916,1,Sur le point de Partir,0
13363.0,0,0.7324441357390671,1,Sur le point de Partir,0
15328.0,1,0.7693973398360663,1,Sur le point de Partir,0
16343.0,0,0.7508444219246291,1,Sur le point de Partir,0
16183.0,0,0.5419268322967763,1,Sur le point de Partir,0
13780.0,0,0.7444739340083047,1,Sur le point de Partir,0
17934.0,0,0.7546697384511474,1,Sur le point de Partir,0
16058.0,1,0.7734146854894379,1,Sur le point de Partir,0
17363.0,1,0.5362061583929724,1,Sur le point de Partir,0
15233.0,1,0.7694385603717683,1,Sur le point de Partir,0
15675.0,0,0.43364968829073897,0,Potentiellement Fidèles,0
15729.0,1,0.305223655487743,0,Potentiellement Fidèles,0
13607.0,0,0.7199519649367631,1,Sur le point de Partir,0
15379.0,0,0.1684637412936403,0,Champions,0
13996.0,1,0.5193012867250466,1,Besoin d'Attention,0
16640.0,1,0.7546296797369084,1,Sur le point de Partir,0
17033.0,0,0.30436618997037307,0,Potentiellement Fidèles,0
14927.0,1,0.745574590672154,1,Sur le point de Partir,0
14193.0,0,0.38639886241790833,0,Potentiellement Fidèles,0
13671.0,1,0.7165802141579739,1,Sur le point de Partir,0
16358.0,0,0.7098381966168344,1,Sur le point de Partir,0
16662.0,1,0.741530217284961,1,Sur le point de Partir,0
16786.0,1,0.7619568008580604,1,Sur le point de Partir,0
18050.0,1,0.5111393616285538,1,Besoin d'Attention,0
15269.0,0,0.5115843249737955,1,Besoin d'Attention,0
17544.0,1,0.4847820828427553,0,Sur le point de Partir,0
17170.0,1,0.5181394446144076,1,Besoin d'Attention,0
14675.0,0,0.6601207926037927,1,Sur le point de Partir,0
15235.0,1,0.12224566962585054,0,Champions,0
17203.0,0,0.4910985124632808,0,En danger,0
16006.0,1,0.30766756171381227,0,Potentiellement Fidèles,0
14811.0,1,0.7341308082212773,1,Sur le point de Partir,0
15649.0,1,0.4581169910095393,0,Fidèles,0
17995.0,1,0.38856920883407653,0,Potentiellement Fidèles,0
17433.0,0,0.7214196191569778,1,Besoin d'Attention,0
18035.0,0,0.5589959068360668,1,Besoin d'Attention,0
16346.0,1,0.7400102663660727,1,Besoin d'Attention,0
15350.0,1,0.5128297316581593,1,Besoin d'Attention,0
17782.0,1,0.5364402402653049,1,Besoin d'Attention,0
13086.0,1,0.707451089039492,1,Besoin d'Attention,0
14419.0,0,0.3270575683192243,0,Potentiellement Fidèles,0
16424.0,0,0.7127434076210215,1,Besoin d'Attention,0
14176.0,1,0.3673478983210267,0,Fidèles,0
13843.0,1,0.7312462431807784,1,Besoin d'Attention,0
17601.0,1,0.3378316850431322,0,Potentiellement Fidèles,0
16988.0,1,0.7344195872661623,1,Besoin d'Attention,0
14721.0,1,0.7300814837156836,1,Besoin d'Attention,0
18161.0,0,0.34359133590678653,0,Potentiellement Fidèles,0
16545.0,0,0.7336098362067457,1,Besoin d'Attention,0
18034.0,0,0.661390644918352,1,Besoin d'Attention,0
16194.0,1,0.7325202527126208,1,Besoin d'Attention,0
17912.0,1,0.3629307974601669,0,Fidèles,0
15880.0,1,0.6147102289367314,1,Besoin d'Attention,0
15881.0,1,0.39159540504544166,0,Fidèles,0
17303.0,1,0.6843309443946707,1,Besoin d'Attention,0
17214.0,0,0.3036900685384955,0,Champions,0
15780.0,0,0.36819522023101553,0,Potentiellement Fidèles,0
17114.0,0,0.25517441319316564,0,Champions,0
15171.0,1,0.6266696963547929,1,Besoin d'Attention,0
15835.0,0,0.3801693532592113,0,Potentiellement Fidèles,0
14659.0,0,0.25316523354137177,0,Champions,0
16745.0,0,0.17842360144553532,0,Champions,0
13494.0,1,0.651976188362453,1,Besoin d'Attention,0
15589.0,1,0.34400525515664426,0,Potentiellement Fidèles,0
17337.0,0,0.08388287256947688,0,Potentiellement Fidèles,3
16030.0,1,0.640614398184043,1,Besoin d'Attention,0
16339.0,1,0.625884835394918,1,Besoin d'Attention,0
14620.0,1,0.30080227747396204,0,Potentiellement Fidèles,0
16462.0,0,0.6407423445703808,1,Potentiellement Fidèles,0
16957.0,1,0.3600279685188682,0,Potentiellement Fidèles,0
17652.0,0,0.338954717219477,0,Potentiellement Fidèles,0
17060.0,1,0.6098131444814028,1,Potentiellement Fidèles,0
12878.0,1,0.32890142730804467,0,Potentiellement Fidèles,0
14964.0,1,0.5791220444150736,1,Potentiellement Fidèles,0
16144.0,1,0.5896190982342352,1,Potentiellement Fidèles,0
17277.0,1,0.3118321532892551,0,Potentiellement Fidèles,0
14778.0,0,0.6477967893775419,1,Besoin d'Attention,0
17517.0,1,0.6590648675419756,1,Besoin d'Attention,0
15407.0,0,0.3152756879754566,0,Potentiellement Fidèles,0
16842.0,0,0.6243859612598939,1,Besoin d'Attention,0
13171.0,0,0.6384000912772161,1,Besoin d'Attention,0
16084.0,1,0.6162635611214212,1,Besoin d'Attention,0
15236.0,1,0.6384908385874012,1,Besoin d'Attention,0
16738.0,1,0.6586593302512773,1,Besoin d'Attention,0
13893.0,1,0.6165896937595492,1,Besoin d'Attention,0
13865.0,0,0.6402789065810442,1,Besoin d'Attention,0
13973.0,1,0.6300363289354081,1,Besoin d'Attention,0
14012.0,1,0.6155043741745035,1,Potentiellement Fidèles,0
14586.0,1,0.5438198676504253,1,Potentiellement Fidèles,0
18086.0,1,0.6223197299713921,1,Potentiellement Fidèles,0
13216.0,1,0.6079495846597817,1,Potentiellement Fidèles,0
13341.0,1,0.551261685857423,1,Potentiellement Fidèles,0
16245.0,0,0.5338245644213183,1,Potentiellement Fidèles,0
18010.0,1,0.5908947822407726,1,Potentiellement Fidèles,0
15624.0,0,0.3166373794727297,0,Potentiellement Fidèles,0
17775.0,1,0.601903988899811,1,Potentiellement Fidèles,0
16698.0,1,0.33189146081964366,0,Potentiellement Fidèles,0
14886.0,1,0.575995837671552,1,Potentiellement Fidèles,0
14023.0,1,0.5781580118574033,1,Potentiellement Fidèles,0
15655.0,1,0.5092924358400823,1,Potentiellement Fidèles,0
16697.0,1,0.567969698013488,1,Potentiellement Fidèles,0
14262.0,0,0.5661641916384553,1,Potentiellement Fidèles,0
15491.0,0,0.2663080570971402,0,Potentiellement Fidèles,0
15517.0,1,0.5460001515917998,1,Potentiellement Fidèles,0
17670.0,1,0.5547500140428812,1,Potentiellement Fidèles,0
13637.0,0,0.5010794811128104,1,Potentiellement Fidèles,0
15376.0,0,0.49086171098414033,0,Potentiellement Fidèles,0
18146.0,0,0.5561421681804083,1,Potentiellement Fidèles,0
15258.0,0,0.5333076042478887,1,Potentiellement Fidèles,0
14005.0,0,0.5367240223582761,1,Potentiellement Fidèles,0
13404.0,1,0.5363395204193371,1,Potentiellement Fidèles,0
15116.0,0,0.5115078812306543,1,Potentiellement Fidèles,0
16133.0,0,0.04524678568106945,0,Champions,3
14896.0,1,0.14437891846532497,0,Champions,3
12897.0,1,0.2891622806516365,0,Champions,0
15599.0,0,0.31481449244062176,0,Potentiellement Fidèles,0
13050.0,0,0.025022129707510683,0,Champions,3
15648.0,1,0.28139834867045,0,Potentiellement Fidèles,0
16839.0,0,0.08729594789344047,0,Champions,3
17560.0,0,0.2358641526638465,0,Champions,2
14056.0,0,0.11726650480469587,0,Champions,0
18055.0,0,0.1143844695416578,0,Champions,3
16182.0,0,0.22984829564550768,0,Champions,2
13324.0,0,0.16256310636610172,0,Champions,3
15410.0,0,0.2118896332888245,0,Champions,0
15095.0,0,0.18814896691139063,0,Champions,2
13631.0,0,0.30312054965431723,0,Champions,0
16690.0,0,0.3128962527598973,0,Potentiellement Fidèles,0
17007.0,0,0.24744275014740483,0,Champions,0
16038.0,0,0.5091816815214059,1,Potentiellement Fidèles,0
13885.0,0,0.5014247292272359,1,Potentiellement Fidèles,0
15046.0,0,0.07616069061639938,0,Champions,3
16266.0,0,0.17697637882234937,0,Champions,2
16086.0,0,0.18341433639751603,0,Champions,3
17920.0,0,0.009364211801137707,0,Champions,3
14047.0,0,0.14849918396406758,0,Champions,3
16919.0,0,0.06812208106054984,0,Champions,3
14606.0,0,1.3984434467715535e-05,0,Champions,1
13168.0,0,0.20672832464390953,0,Champions,0
15314.0,1,0.27423420957504147,0,Potentiellement Fidèles,0
14593.0,0,0.0584251542858105,0,Champions,3
16763.0,1,0.39810176621178384,0,Potentiellement Fidèles,2
14680.0,0,0.01870110879412184,0,Champions,1
14985.0,1,0.28472960451088386,0,Potentiellement Fidèles,0
14336.0,0,0.2642546820473895,0,Potentiellement Fidèles,0
12910.0,0,0.19681810148789258,0,Champions,3
18232.0,0,0.2890664252600749,0,Potentiellement Fidèles,0
18073.0,0,0.30866097712787205,0,Potentiellement Fidèles,0
14280.0,1,0.5187386422951289,1,Potentiellement Fidèles,0
17819.0,0,0.16266090767386623,0,Champions,3
16567.0,1,0.3093068667658554,0,Potentiellement Fidèles,0
16686.0,0,0.05451501329280287,0,Champions,3
17340.0,0,0.09231761980904188,0,Champions,3
17648.0,0,0.21930293522834568,0,Champions,0
18190.0,1,0.23252445159590027,0,Champions,2
16810.0,1,0.2992802512814972,0,Potentiellement Fidèles,0
13085.0,0,0.30391874788391526,0,Fidèles,2
15362.0,1,0.6608176688273292,1,Sur le point de Partir,2
14110.0,0,0.080993366637512,0,Champions,3
17519.0,0,0.1290677334695662,0,Champions,3
16011.0,0,0.10511583263375394,0,Champions,3
14543.0,0,0.07198347797326694,0,Champions,3
15380.0,0,0.42977109147447573,0,Fidèles,2
13585.0,1,0.7024992069129596,1,En danger,2
17243.0,0,0.014982343417566298,0,Champions,3
15265.0,0,0.26300294702185556,0,Potentiellement Fidèles,2
15750.0,0,0.11226571373575454,0,Champions,3
16563.0,0,0.4757921805557123,0,En danger,2
16701.0,0,0.10415133582327747,0,Champions,3
16823.0,1,0.16949246106703184,0,Champions,3
15680.0,0,0.3127390582685912,0,Fidèles,3
13740.0,1,0.243381202609028,0,Champions,2
14467.0,0,0.2504358206083855,0,Fidèles,2
18108.0,1,0.35231004877022387,0,Potentiellement Fidèles,2
16210.0,0,0.07798708794011423,0,Champions,3
16233.0,0,0.34027451616029697,0,Fidèles,2
14549.0,1,0.3243746076569722,0,Fidèles,2
14122.0,1,0.5610567366681634,1,Sur le point de Partir,2
16987.0,0,0.19028374684265723,0,Champions,2
18001.0,0,0.5492483030234333,1,En danger,2
14347.0,1,0.9512871554106949,1,Perdus,2
17314.0,0,0.17273386703615728,0,Champions,3
14952.0,0,0.05239306054637753,0,Champions,3
14662.0,0,0.19594427833438724,0,Champions,2
17679.0,0,0.6299213613635567,1,En danger,2
17851.0,1,0.3688217100063805,0,En danger,2
17076.0,0,0.33031358680398015,0,Champions,2
16192.0,1,0.9484591052551313,1,Perdus,2
13162.0,0,0.11368969106903346,0,Champions,3
17593.0,0,0.2669591619633528,0,Fidèles,3
13174.0,0,0.057587862477433624,0,Fidèles,3
16351.0,1,0.23256305123578572,0,Fidèles,3
13487.0,0,0.28383144116681036,0,Champions,2
17018.0,0,0.39685319069480995,0,Fidèles,2
13589.0,0,0.5840957739197533,1,En danger,2
15751.0,1,0.44555060858746526,0,En danger,2
13319.0,0,0.025062164857606116,0,Champions,3
13890.0,0,0.39642896107069947,0,Fidèles,2
15641.0,0,0.1284791694429313,0,Champions,3
17610.0,1,0.5975100081902118,1,En danger,2
14037.0,0,0.3844354882380309,0,Fidèles,2
14471.0,1,0.7846131585146845,1,En danger,2
18162.0,1,0.9408553225524615,1,Perdus,2
16018.0,0,0.6271817444532363,1,Sur le point de Partir,2
15421.0,0,0.13691004008506513,0,Champions,3
15971.0,0,0.24485660918312158,0,Champions,3
18203.0,0,0.5252562953820846,1,Besoin d'Attention,2
14063.0,1,0.5526942824148618,1,En danger,3
14605.0,1,0.4333233805785929,0,Fidèles,2
14285.0,0,0.6609555329610547,1,En danger,2
15823.0,1,0.4575913347338946,0,Besoin d'Attention,3
13855.0,1,0.6128687327915975,1,En danger,2
13883.0,1,0.10701242343385654,0,Champions,3
16204.0,0,0.573290149486493,1,Besoin d'Attention,2
15181.0,0,0.37902891351515755,0,Potentiellement Fidèles,2
17188.0,0,0.25356568031118903,0,Fidèles,3
14291.0,0,0.09534525228003589,0,Champions,3
14173.0,0,0.33495469060566,0,Potentiellement Fidèles,2
17954.0,0,0.06163612939618397,0,Champions,3
14990.0,1,0.8006141254286873,1,En danger,2
17296.0,1,0.9431985765881636,1,Perdus,2
14293.0,0,0.3082920468351339,0,Fidèles,2
14099.0,0,0.09139837446303649,0,Champions,3
17027.0,0,0.27809730851119774,0,Champions,2
13173.0,1,0.28194602349194825,0,Fidèles,3
14648.0,1,0.20002719559829651,0,En danger,3
15573.0,0,0.7399741543678099,1,En danger,2
14062.0,0,0.11422690170445438,0,Champions,3
15032.0,1,0.2751276868781432,0,Champions,3
17351.0,0,0.2630623827896814,0,Champions,2
15169.0,1,0.5799257122207102,1,Besoin d'Attention,2
13026.0,0,0.25402859848753884,0,Champions,2
15944.0,1,0.3505500835136022,0,Champions,2
13735.0,0,0.09082229733176635,0,Champions,3
17799.0,0,0.05409360615767595,0,Champions,3
12346.0,1,0.9598238280642598,1,Fidèles,1
15188.0,1,0.943748711720526,1,Perdus,2
16098.0,0,0.19657650457630685,0,Champions,3
16554.0,0,0.18967560321393767,0,Champions,3
13823.0,0,0.40111839025107543,0,Fidèles,2
15637.0,0,0.5450120367017576,1,En danger,2
13473.0,0,0.3426051926457684,0,Fidèles,2
13074.0,1,0.6526481623150157,1,En danger,2
16119.0,0,0.46928602062122143,0,En danger,2
17776.0,1,0.5556681040110342,1,Besoin d'Attention,2
16569.0,1,0.7902106085387812,1,En danger,2
17469.0,0,0.12158917604490713,0,Champions,3
14055.0,0,0.7842359615055401,1,En danger,2
15044.0,0,0.04334355355884846,0,Champions,3
15266.0,1,0.40147321436512473,0,Fidèles,2
15152.0,0,0.9245791073289074,1,Perdus,2
18170.0,0,0.21916198487857688,0,Champions,2
16787.0,1,0.44888639203615294,0,En danger,2
18057.0,1,0.4593594512845439,0,Sur le point de Partir,2
13397.0,0,0.29111915913520414,0,Fidèles,2
17794.0,1,0.8589702064392236,1,En danger,2
14079.0,0,0.9358857018216227,1,Perdus,2
17672.0,0,0.28335143311881283,0,Fidèles,3
16014.0,0,0.2898026736328768,0,Besoin d'Attention,2
13156.0,1,0.46657218783116045,0,Besoin d'Attention,2
16246.0,1,0.636295916664765,1,Sur le point de Partir,2
13834.0,1,0.7691265748897839,1,En danger,2
15082.0,1,0.9313394034854293,1,Perdus,2
17083.0,0,0.3048511732004982,0,Fidèles,2
12932.0,1,0.61720241940146,1,En danger,2
13164.0,1,0.7710726430111117,1,En danger,2
14115.0,1,0.7199750380932349,1,En danger,2
16978.0,0,0.8382667792708506,1,En danger,2
16608.0,1,0.5913292057569816,1,Sur le point de Partir,2
14484.0,0,0.5487844312338674,1,Sur le point de Partir,2
16439.0,1,0.9456200948245075,1,Perdus,2
15428.0,0,0.5267574179462474,1,Sur le point de Partir,2
15879.0,1,0.39750369422084975,0,En danger,2
14555.0,0,0.30637113108666836,0,Fidèles,2
13995.0,0,0.17723160850892775,0,Champions,3
16600.0,0,0.21782428861769312,0,Champions,3
13847.0,1,0.9428259602145155,1,Perdus,2
15518.0,0,0.10755750021299479,0,Champions,3
15865.0,0,0.26196375842856257,0,Potentiellement Fidèles,2
16841.0,0,0.15987119826265903,0,Champions,3
15002.0,0,0.19782621349115428,0,Fidèles,3
18134.0,1,0.7934373788944153,1,En danger,2
17681.0,1,0.75874733665459,1,En danger,2
14421.0,0,0.23483957276116357,0,Champions,2
13982.0,0,0.3023286274976438,0,Fidèles,3
14530.0,0,0.13833495414510422,0,Champions,3
15885.0,0,0.2527760681798156,0,Fidèles,3
15682.0,1,0.7826855233650363,1,En danger,2
17242.0,0,0.6106477734561122,1,Sur le point de Partir,2
14701.0,0,0.07888482891869447,0,Champions,3
16255.0,0,0.15126521318960673,0,Champions,3
14628.0,0,0.287633016477663,0,Champions,2
14672.0,1,0.2589511981102335,0,Champions,2
18194.0,0,0.5635795062300653,1,En danger,2
14469.0,1,0.45094534041150675,0,En danger,2
14068.0,1,0.3479007457405786,0,Fidèles,2
16840.0,1,0.7956128477296942,1,En danger,2
16834.0,1,0.40652231548964596,0,Potentiellement Fidèles,2
15023.0,0,0.05449233268507734,0,Champions,3
14497.0,1,0.4922025509809231,0,Besoin d'Attention,2
17309.0,0,0.6053471507394078,1,Besoin d'Attention,2
13874.0,1,0.38806388731416414,0,Fidèles,2
18267.0,1,0.9189981657078884,1,Perdus,2
17241.0,1,0.3138424026041594,0,Fidèles,2
16584.0,0,0.28988925757263134,0,Champions,2
17778.0,1,0.9269974421167418,1,Perdus,2
17931.0,0,0.1079907931839656,0,Champions,3
16911.0,1,0.8003687092030725,1,En danger,2
14244.0,1,0.9133797603235151,1,Perdus,2
16447.0,0,0.7792802978095044,1,En danger,2
13773.0,1,0.6160092990347953,1,Sur le point de Partir,2
14152.0,0,0.22322353982692306,0,Champions,3
12891.0,0,0.23289130716781994,0,Champions,2
18257.0,0,0.1488838227085992,0,Champions,3
17145.0,1,0.5202898059323817,1,En danger,3
13552.0,0,0.12036936191358814,0,Champions,3
13761.0,0,0.6337021423997572,1,En danger,2
16693.0,0,0.2778883073980105,0,Champions,2
16948.0,0,0.31180182913739934,0,Champions,2
17332.0,1,0.6249848709983411,1,En danger,2
15928.0,1,0.9240283266812472,1,Perdus,2
16450.0,0,0.7631061273758482,1,En danger,2
13434.0,0,0.5331209676552039,1,Besoin d'Attention,2
13513.0,0,0.6325632524796094,1,Sur le point de Partir,2
15493.0,0,0.15534826391957388,0,Champions,3
13052.0,1,0.1578120208476015,0,Champions,3
13772.0,0,0.11471155917809164,0,Champions,3
13490.0,1,0.9253420281190312,1,Perdus,2
14681.0,0,0.292672509128563,0,Champions,2
18009.0,1,0.1710881797848575,0,Champions,3
17863.0,0,0.20466380729699557,0,Champions,3
13561.0,1,0.1462696926710955,0,Champions,3
17373.0,0,0.387878427766161,0,Fidèles,2
17477.0,1,0.7481901866516424,1,En danger,2
16960.0,0,0.12745533251345822,0,Champions,3
13663.0,0,0.44992060361895225,0,Fidèles,2
16285.0,1,0.9157793529150912,1,Perdus,2
13835.0,0,0.28046029939735717,0,Champions,2
13881.0,0,0.06586548370305448,0,Champions,3
13515.0,0,0.3526599412524225,0,Potentiellement Fidèles,2
15929.0,1,0.9192068052111811,1,Perdus,2
14172.0,1,0.7661941381057957,1,En danger,2
18253.0,1,0.9194756294973061,1,Perdus,2
17734.0,0,0.29137373679984624,0,Champions,2
14493.0,0,0.32154685885111517,0,En danger,3
13157.0,0,0.2067802477016223,0,Champions,3
17960.0,0,0.7368124224355449,1,En danger,2
16568.0,1,0.6410484362524308,1,Sur le point de Partir,2
16854.0,1,0.6106770902196722,1,Sur le point de Partir,2
17348.0,0,0.22676501785233258,0,Fidèles,3
13566.0,0,0.4629518420712777,0,Sur le point de Partir,2
13715.0,1,0.0977339254227246,0,Champions,3
15941.0,1,0.9059178960719002,1,Perdus,2
13688.0,1,0.9166488563149803,1,Perdus,2
15117.0,0,0.27139026393704685,0,Champions,2
16242.0,0,0.10366432740657447,0,Champions,3
13600.0,1,0.5009775278856822,1,Besoin d'Attention,2
18196.0,0,0.29136845004560336,0,Besoin d'Attention,2
13128.0,1,0.9172795292748812,1,Perdus,2
18247.0,1,0.5364866735127823,1,Sur le point de Partir,2
12908.0,0,0.4139762612373338,0,Fidèles,2
17133.0,0,0.2683295674559228,0,Champions,3
17472.0,0,0.308848995679997,0,Besoin d'Attention,2
15869.0,1,0.39245832536600644,0,Potentiellement Fidèles,2
17072.0,1,0.9089657943127634,1,Perdus,2
15374.0,0,0.9142354548690499,1,Perdus,2
17353.0,0,0.678197141746674,1,En danger,2
15698.0,1,0.9163395615976062,1,Perdus,2
16286.0,1,0.6646212833872589,1,En danger,2
14994.0,1,0.28679513406966783,0,Fidèles,3
16833.0,1,0.2880523855439919,0,Champions,2
14572.0,0,0.14472179580683173,0,Champions,3
15231.0,1,0.8975415969698192,1,Perdus,2
13051.0,1,0.77926385431656,1,En danger,2
12990.0,0,0.4014894884508942,0,Fidèles,2
13676.0,1,0.7298425058730097,1,En danger,2
17669.0,0,0.21625632146665819,0,Champions,0
15112.0,1,0.9075523542001948,1,Perdus,2
18246.0,0,0.44207234369118575,0,Potentiellement Fidèles,2
17609.0,0,0.18923194791108613,0,Fidèles,3
17608.0,0,0.5909109402540181,1,Sur le point de Partir,2
15524.0,0,0.9056281487004235,1,Perdus,2
16292.0,0,0.4658154457868006,0,Fidèles,2
16174.0,0,0.6464988826031588,1,En danger,2
13262.0,1,0.3543178918300078,0,Potentiellement Fidèles,2
14506.0,0,0.2767354450878326,0,Champions,2
16548.0,1,0.904431948605961,1,Perdus,2
14926.0,1,0.5832709188171774,1,Besoin d'Attention,2
15970.0,1,0.501344490092614,1,Besoin d'Attention,2
17185.0,1,0.7552279821761584,1,En danger,2
15886.0,0,0.5482677253855955,1,Sur le point de Partir,2
13625.0,1,0.8947321192863275,1,Perdus,2
14182.0,1,0.5595975402458744,1,En danger,2
17057.0,1,0.8850199734984016,1,Perdus,2
15548.0,1,0.8953140272783462,1,Perdus,2
16538.0,1,0.7093188383949336,1,En danger,2
16868.0,1,0.5205264626678487,1,Sur le point de Partir,2
13760.0,0,0.28609026562212303,0,Champions,2
12838.0,0,0.2876798637462742,0,Fidèles,3
14743.0,1,0.901900775239334,1,Perdus,2
15384.0,0,0.44860499854272895,0,Besoin d'Attention,2
16354.0,0,0.46055604868592814,0,Besoin d'Attention,2
16138.0,1,0.5059554457736447,1,Besoin d'Attention,2
14978.0,0,0.16214789343467448,0,Champions,3
18049.0,1,0.5764512287959359,1,Sur le point de Partir,2
12863.0,0,0.4689574804730703,0,Fidèles,2
16827.0,1,0.5141515480016131,1,En danger,2
17005.0,1,0.657503186066629,1,Sur le point de Partir,2
14201.0,0,0.2483887031622831,0,Champions,0
13143.0,1,0.8720111606950154,1,Perdus,2
17597.0,1,0.22014048562224545,0,Champions,3
13891.0,1,0.45435637660711714,0,Besoin d'Attention,2
17808.0,1,0.7099047464351552,1,En danger,2
13838.0,0,0.2595995974626555,0,Fidèles,3
14129.0,0,0.3062628956827767,0,Champions,0
17003.0,1,0.46550995630506253,0,En danger,2
16737.0,0,0.8906396212951737,1,Perdus,2
17545.0,0,0.45935233007091897,0,Sur le point de Partir,2
13295.0,1,0.40657789641601416,0,Fidèles,3
14707.0,1,0.6485245585264557,1,Sur le point de Partir,2
16906.0,0,0.19089740678601153,0,Champions,0
14982.0,1,0.8758398633908461,1,Perdus,2
13857.0,1,0.41463979194887474,0,En danger,2
13605.0,1,0.5556826770909058,1,Sur le point de Partir,2
16915.0,0,0.2756998543635762,0,Champions,0
15777.0,1,0.2682815800873771,0,Champions,0
15559.0,1,0.8496344386488182,1,Perdus,2
15826.0,0,0.3240652189260836,0,Potentiellement Fidèles,2
17898.0,0,0.2989150229476522,0,Potentiellement Fidèles,2
18208.0,1,0.8788480555102107,1,Perdus,2
16831.0,1,0.8861972335219919,1,Perdus,2
15681.0,0,0.280642255055802,0,Champions,0
13989.0,0,0.3011217451069464,0,Champions,0
16328.0,1,0.8787994737128331,1,Perdus,2
16153.0,0,0.18416166247705176,0,Champions,3
16392.0,1,0.2965693904142452,0,Potentiellement Fidèles,2
17741.0,1,0.612649751600493,1,Sur le point de Partir,2
15670.0,1,0.46405646094196656,0,Besoin d'Attention,2
16401.0,0,0.14389163353501247,0,Champions,3
15502.0,0,0.21388370233596796,0,Champions,3
15731.0,1,0.8788846553411754,1,Perdus,2
14028.0,1,0.6259145987178147,1,En danger,3
15872.0,0,0.5241821943562445,1,Besoin d'Attention,2
14498.0,0,0.3266994456871553,0,Fidèles,0
17784.0,1,0.872893651460579,1,Perdus,2
12928.0,0,0.22024432487945847,0,Champions,0
16679.0,1,0.5086364188304142,1,Besoin d'Attention,2
16499.0,1,0.3438500512369227,0,Fidèles,3
14228.0,1,0.5819174785264553,1,Sur le point de Partir,2
13794.0,1,0.8744335396945963,1,Perdus,2
14727.0,1,0.3659547618649894,0,Potentiellement Fidèles,2
18022.0,0,0.3424627797777569,0,Fidèles,2
13601.0,0,0.24448311267490386,0,Potentiellement Fidèles,2
14139.0,0,0.652117212155074,1,En danger,2
15040.0,1,0.876464740872773,1,Perdus,2
16492.0,1,0.8608670962935193,1,Perdus,2
16134.0,0,0.41912065972230694,0,Fidèles,0
17341.0,0,0.3722342362208843,0,Besoin d'Attention,2
14840.0,1,0.43641882982972185,0,Potentiellement Fidèles,2
15248.0,1,0.4885044086676257,0,Sur le point de Partir,2
16539.0,1,0.1954581535059226,0,Champions,0
16012.0,0,0.46851429267163247,0,Sur le point de Partir,2
13614.0,0,0.4104918071393915,0,Besoin d'Attention,2
13056.0,1,0.8724781606915295,1,Perdus,2
15958.0,0,0.5313394489008363,1,Sur le point de Partir,2
18103.0,1,0.8760698386400784,1,Perdus,2
15352.0,1,0.8653279607205937,1,Perdus,2
14774.0,1,0.8599125201874946,1,Perdus,2
14217.0,0,0.15681640414910633,0,Champions,3
16926.0,1,0.43112042329085865,0,Fidèles,0
17080.0,0,0.3266500597258158,0,Champions,0
14452.0,0,0.5409848009068666,1,Sur le point de Partir,2
15133.0,0,0.3258958836286864,0,Champions,0
14516.0,1,0.8428062494741249,1,Perdus,2
13428.0,1,0.6639674403371423,1,En danger,0
17034.0,0,0.38656210592827916,0,Besoin d'Attention,0
16251.0,1,0.8478950909429928,1,Perdus,2
12977.0,0,0.650728285328349,1,En danger,0
16128.0,0,0.25900758213974684,0,Champions,3
15151.0,1,0.5440235246784424,1,Sur le point de Partir,2
16089.0,1,0.5443128318030932,1,Besoin d'Attention,2
14858.0,1,0.8464757605936996,1,Perdus,2
13796.0,1,0.8347989860725678,1,Perdus,2
16428.0,1,0.46921277229902064,0,Sur le point de Partir,0
15666.0,1,0.6126317722077268,1,En danger,0
16060.0,1,0.5495697384487341,1,Sur le point de Partir,0
16880.0,0,0.8364318417155082,1,Perdus,2
16417.0,1,0.8447576385475961,1,Perdus,2
13155.0,0,0.3941641073430712,0,Fidèles,0
17156.0,1,0.7922291960428983,1,Perdus,2
15262.0,1,0.44599446336209236,0,Besoin d'Attention,0
17732.0,1,0.37564027874505584,0,Fidèles,0
13594.0,0,0.8153567263129599,1,Perdus,2
15652.0,0,0.45362654938694963,0,En danger,0
14153.0,1,0.826437623735758,1,Perdus,2
15893.0,1,0.8319731586547494,1,Perdus,0
14531.0,1,0.8139475511468279,1,Perdus,0
15506.0,0,0.4623455553800601,0,Besoin d'Attention,0
16396.0,1,0.7853816784685247,1,Perdus,2
13884.0,0,0.2639092682409338,0,Champions,0
16870.0,1,0.8047770508997549,1,Sur le point de Partir,0
15574.0,0,0.31861442320645483,0,Fidèles,0
15092.0,1,0.2942916280725054,0,Potentiellement Fidèles,0
13046.0,0,0.4119903323193271,0,Potentiellement Fidèles,0
17473.0,1,0.5403033158836794,1,Sur le point de Partir,0
16042.0,0,0.40362986694246217,0,Fidèles,0
15406.0,0,0.3550699744349708,0,Besoin d'Attention,0
17308.0,1,0.628826606361073,1,Sur le point de Partir,0
13440.0,1,0.5176504396373631,1,En danger,0
15748.0,0,0.6299053205563704,1,Sur le point de Partir,0
16983.0,0,0.26329899568763476,0,Champions,0
13701.0,1,0.780115012173079,1,Sur le point de Partir,0
13554.0,1,0.3413443098302894,0,Fidèles,0
17255.0,0,0.32438135743335733,0,Besoin d'Attention,0
15462.0,0,0.7814228195537147,1,Sur le point de Partir,0
15728.0,1,0.5453289148750303,1,Besoin d'Attention,0
16857.0,1,0.7938270030876001,1,Sur le point de Partir,0
16775.0,0,0.18291409164718644,0,Champions,0
13281.0,1,0.7349220815668006,1,Sur le point de Partir,0
17524.0,1,0.46962203619753223,0,Besoin d'Attention,0
16198.0,0,0.7788431466770522,1,Sur le point de Partir,0
12964.0,1,0.7850037096898442,1,Sur le point de Partir,0
14843.0,1,0.7928488121356838,1,Sur le point de Partir,0
14510.0,1,0.46613273166325947,0,Besoin d'Attention,0
14742.0,1,0.7677296808763977,1,Sur le point de Partir,0
16958.0,1,0.7379802619319351,1,Sur le point de Partir,0
15960.0,1,0.4877042102348795,0,Fidèles,0
15243.0,0,0.7636767807212312,1,Sur le point de Partir,0
16044.0,1,0.7829135679363898,1,Sur le point de Partir,0
13035.0,0,0.40267157034088424,0,Potentiellement Fidèles,0
14991.0,1,0.777661126074861,1,Sur le point de Partir,0
15490.0,1,0.7549659047761541,1,Sur le point de Partir,0
16760.0,1,0.7821727316687771,1,Sur le point de Partir,0
14266.0,1,0.7944187943702332,1,Sur le point de Partir,0
14904.0,0,0.5267021212295837,1,Sur le point de Partir,0
14846.0,1,0.7534742442252821,1,Sur le point de Partir,0
13083.0,0,0.7888283919624022,1,Sur le point de Partir,0
17004.0,0,0.5391408158789122,1,Sur le point de Partir,0
15024.0,0,0.2567621317163053,0,Fidèles,0
13368.0,1,0.32464239835308534,0,Champions,0
14240.0,0,0.3656101929393315,0,Potentiellement Fidèles,0
18239.0,1,0.23062580618146647,0,Champions,0
15134.0,0,0.29195729533035725,0,Champions,0
16120.0,0,0.5852664892760092,1,Sur le point de Partir,0
15160.0,1,0.4762365440877416,0,Fidèles,0
15114.0,0,0.24596473658272283,0,Champions,0
13829.0,1,0.7632033905769515,1,Sur le point de Partir,0
14088.0,0,0.42855103722946436,0,Fidèles,3
13692.0,0,0.2482497152811146,0,Champions,0
16676.0,0,0.22021378228578142,0,Champions,0
17703.0,0,0.7655004704412905,1,Sur le point de Partir,0
13088.0,1,0.7686125255870456,1,Sur le point de Partir,0
17655.0,0,0.24420192483847628,0,Champions,0
14332.0,0,0.5114280554405484,1,Besoin d'Attention,0
15995.0,1,0.6886666163843778,1,Sur le point de Partir,0
14216.0,0,0.7393049990230212,1,Sur le point de Partir,0
13581.0,1,0.4466135110433698,0,Besoin d'Attention,0
16540.0,1,0.7619672312577219,1,Sur le point de Partir,0
16010.0,1,0.19056419052918958,0,Champions,0
16920.0,1,0.7572858649897002,1,Sur le point de Partir,0
15294.0,1,0.7393049021391873,1,Sur le point de Partir,0
14690.0,0,0.5227528076130313,1,Sur le point de Partir,0
17767.0,0,0.7648219955310991,1,Sur le point de Partir,0
16757.0,1,0.4731323885945309,0,Besoin d'Attention,0
14475.0,0,0.4319316186220193,0,Besoin d'Attention,0
14294.0,1,0.7528502593409835,1,Sur le point de Partir,0
12855.0,1,0.4580053477557343,0,Fidèles,0
15158.0,0,0.7386313342165862,1,Sur le point de Partir,0
13172.0,1,0.7682500041047836,1,Sur le point de Partir,0
16228.0,1,0.4894196340504585,0,Besoin d'Attention,0
17756.0,1,0.4754876362314288,0,Besoin d'Attention,0
13096.0,1,0.7540089323590858,1,Sur le point de Partir,0
14024.0,0,0.7406261290613568,1,Sur le point de Partir,0
14052.0,0,0.7075232181454911,1,Sur le point de Partir,0
14526.0,1,0.7243295111083795,1,Sur le point de Partir,0
17106.0,1,0.7106862930356898,1,Sur le point de Partir,0
15968.0,1,0.6969199391822116,1,Sur le point de Partir,0
13237.0,1,0.7247188777594813,1,Sur le point de Partir,0
16250.0,1,0.36125935636947226,0,Potentiellement Fidèles,0
14614.0,1,0.7363724158147217,1,Besoin d'Attention,0
13124.0,0,0.22561250009256306,0,Potentiellement Fidèles,0
17036.0,1,0.7413041863500658,1,Besoin d'Attention,0
16252.0,1,0.7031808244691804,1,Besoin d'Attention,0
17458.0,0,0.7237622661489174,1,Besoin d'Attention,0
18118.0,0,0.061641618523237615,0,Champions,3
15020.0,1,0.7255828871013026,1,Besoin d'Attention,0
17882.0,1,0.4977105327260937,0,Besoin d'Attention,0
17516.0,0,0.2323498374177334,0,Champions,0
17999.0,0,0.4599578495032904,0,Besoin d'Attention,0
18003.0,1,0.7212355770723801,1,Besoin d'Attention,0
17722.0,0,0.32208330662069234,0,Besoin d'Attention,0
13955.0,0,0.40090136011733946,0,Besoin d'Attention,0
12947.0,0,0.27451680685001695,0,Potentiellement Fidèles,0
17925.0,1,0.7298003430627449,1,Besoin d'Attention,0
16752.0,1,0.7258466514948504,1,Besoin d'Attention,0
17787.0,0,0.36541388999848284,0,Besoin d'Attention,0
15545.0,0,0.7121615457597003,1,Besoin d'Attention,0
15018.0,0,0.3721563946786151,0,Potentiellement Fidèles,0
16850.0,1,0.6768510554380757,1,Besoin d'Attention,0
15749.0,1,0.2309116833661754,0,Potentiellement Fidèles,1
15510.0,1,0.6901691601323195,1,Besoin d'Attention,0
15820.0,1,0.6656566453222673,1,Besoin d'Attention,0
13396.0,0,0.6309309324640039,1,Besoin d'Attention,0
16730.0,0,0.32934112353783435,0,Potentiellement Fidèles,0
13328.0,1,0.6287516089248336,1,Besoin d'Attention,0
13894.0,0,0.6310319447278908,1,Besoin d'Attention,0
16667.0,0,0.6203730722724149,1,Besoin d'Attention,0
16976.0,1,0.6131785888978977,1,Potentiellement Fidèles,0
13072.0,1,0.6098472823289443,1,Potentiellement Fidèles,0
14059.0,1,0.6087622358551154,1,Potentiellement Fidèles,0
16626.0,0,0.5201622580209135,1,Potentiellement Fidèles,0
16031.0,0,0.5522325415919891,1,Potentiellement Fidèles,0
17906.0,1,0.5843147975070602,1,Potentiellement Fidèles,0
15090.0,1,0.6421232357903549,1,Besoin d'Attention,0
15781.0,0,0.6625507368435387,1,Besoin d'Attention,0
17162.0,0,0.29862896577424153,0,Champions,0
17859.0,1,0.6443003562127744,1,Besoin d'Attention,0
16951.0,0,0.5744795638361383,1,Besoin d'Attention,0
14386.0,1,0.6482637264890134,1,Besoin d'Attention,0
17175.0,0,0.6195145246759579,1,Besoin d'Attention,0
13718.0,1,0.37301448024245326,0,Potentiellement Fidèles,0
14162.0,0,0.63718504876535,1,Besoin d'Attention,0
13301.0,0,0.3203661364535063,0,Potentiellement Fidèles,0
13184.0,0,0.27272457703658054,0,Champions,0
17711.0,1,0.6321574288869505,1,Besoin d'Attention,0
13751.0,1,0.6320325352343041,1,Besoin d'Attention,0
14504.0,0,0.2913040654310299,0,Potentiellement Fidèles,0
16621.0,0,0.33448529438720687,0,Potentiellement Fidèles,0
14214.0,0,0.5153187916382169,1,Potentiellement Fidèles,0
16426.0,0,0.6142537276458939,1,Potentiellement Fidèles,0
12881.0,1,0.6174471446137406,1,Potentiellement Fidèles,0
15671.0,0,0.2989477166959927,0,Potentiellement Fidèles,0
14636.0,0,0.6005426613211191,1,Potentiellement Fidèles,0
18224.0,1,0.6039495871868603,1,Potentiellement Fidèles,0
14245.0,1,0.22957552972964432,0,Potentiellement Fidèles,0
17979.0,0,0.332775420134702,0,Potentiellement Fidèles,0
17874.0,0,0.2895284536791428,0,Champions,0
13588.0,0,0.5969305258917583,1,Potentiellement Fidèles,0
16398.0,0,0.47564785985042674,0,Potentiellement Fidèles,0
15756.0,0,0.27049067818401784,0,Potentiellement Fidèles,0
14747.0,1,0.5397246094767078,1,Potentiellement Fidèles,0
15442.0,1,0.5778507296326094,1,Potentiellement Fidèles,0
13570.0,1,0.5600952466668739,1,Potentiellement Fidèles,0
18129.0,1,0.5769360864662126,1,Potentiellement Fidèles,0
15737.0,0,0.5153893234683882,1,Potentiellement Fidèles,0
16309.0,0,0.5585383358574537,1,Potentiellement Fidèles,0
13122.0,0,0.5094082843967355,1,Potentiellement Fidèles,0
14323.0,0,0.5251195641262763,1,Potentiellement Fidèles,0
15891.0,1,0.4977085569040272,0,Potentiellement Fidèles,0
14973.0,0,0.5429054582574935,1,Potentiellement Fidèles,0
17501.0,1,0.3277061358186356,0,Potentiellement Fidèles,0
16230.0,0,0.5358346890300026,1,Potentiellement Fidèles,0
12886.0,0,0.4582323166083017,0,Potentiellement Fidèles,0
16319.0,1,0.5423604597636286,1,Potentiellement Fidèles,0
13365.0,0,0.4653911754157182,0,Potentiellement Fidèles,0
13003.0,0,0.5487987755948968,1,Potentiellement Fidèles,0
14591.0,0,0.5144341434332241,1,Potentiellement Fidèles,0
14883.0,0,0.522724082594827,1,Potentiellement Fidèles,0
17932.0,0,0.49222880229705046,0,Potentiellement Fidèles,0
17970.0,1,0.5063327887696703,1,Potentiellement Fidèles,0
14888.0,1,0.5145317221911903,1,Potentiellement Fidèles,0
15660.0,0,0.18353581220469667,0,Champions,3
15630.0,0,0.3675776180853389,0,Potentiellement Fidèles,2
17245.0,1,0.41049186080383226,0,Potentiellement Fidèles,2
13529.0,0,0.5287618797912117,1,Potentiellement Fidèles,0
17675.0,0,0.019200712045491834,0,Champions,3
15854.0,0,0.11043019687467086,0,Champions,3
17841.0,0,2.3854554441115856e-06,0,Champions,1
15122.0,0,0.14056563758700505,0,Champions,3
17166.0,0,0.4924633607875948,0,Potentiellement Fidèles,0
17615.0,0,0.24478436496534323,0,Champions,0
17416.0,0,0.05903308620636318,0,Champions,3
13391.0,1,0.5369605242495866,1,Potentiellement Fidèles,0
14794.0,0,0.2153087583891659,0,Champions,0
12935.0,0,0.17066951651414405,0,Champions,3
12916.0,0,0.19422825035984254,0,Champions,3
18150.0,0,0.5167631583285697,1,Potentiellement Fidèles,0
17315.0,0,0.048898244224364215,0,Champions,3
16700.0,0,0.06653043179596044,0,Champions,3
17690.0,0,0.10978723162934684,0,Champions,3
13339.0,1,0.45756932654800964,0,Potentiellement Fidèles,0
14189.0,0,0.16682494539406564,0,Champions,3
13798.0,0,0.0043787900419765486,0,Champions,1
14364.0,0,0.3043255725349874,0,Potentiellement Fidèles,0
16033.0,0,0.05695646931764251,0,Champions,3
14191.0,0,0.2610563332649333,0,Champions,2
13267.0,0,0.0690590646238764,0,Champions,3
15719.0,0,0.03195856248087092,0,Champions,3
16709.0,0,0.09384979760280758,0,Champions,3
15513.0,0,0.04754297280606868,0,Champions,3
14057.0,0,0.09651688191645237,0,Champions,3
14738.0,0,0.22110336024016303,0,Champions,2
16923.0,0,0.047929776470930434,0,Champions,3
15194.0,0,0.06422395209668737,0,Champions,3
13069.0,0,0.01836406932485073,0,Champions,3
13599.0,0,0.09454393711584243,0,Champions,3
14415.0,0,0.0505296751150475,0,Champions,3
14101.0,0,0.18102609625366323,0,Champions,3
12987.0,0,0.249105795604312,0,Champions,2
17059.0,0,0.109131439692994,0,Champions,3
15622.0,0,0.07378768040837616,0,Champions,3
13911.0,0,0.09728102813617258,0,Champions,3
16275.0,1,0.23265900430031938,0,Potentiellement Fidèles,2
14092.0,0,0.1006971359584309,0,Champions,3
14625.0,1,0.11238546855221494,0,Champions,3
14976.0,0,0.27102877332117853,0,Potentiellement Fidèles,0
14451.0,0,0.09591848397380726,0,Champions,3
15897.0,1,0.2928292764911151,0,Potentiellement Fidèles,0
16333.0,0,0.1701400156690758,0,Champions,0
16434.0,0,0.17438573222095982,0,Champions,3
13481.0,0,0.14446780216488125,0,Champions,3
13635.0,0,0.5364260707210933,1,Sur le point de Partir,2
15413.0,1,0.8268833207955179,1,En danger,2
16329.0,1,0.4979449046893723,0,En danger,2
17804.0,1,0.46185461817325807,0,Besoin d'Attention,2
17063.0,0,0.23321648035880893,0,Fidèles,3
15793.0,0,0.3153345939045168,0,Champions,2
14478.0,1,0.45904761686883644,0,Fidèles,2
15967.0,0,0.14279632775412096,0,Fidèles,3
12921.0,0,0.021211275638669466,0,Champions,3
15945.0,1,0.4777433203853348,0,Fidèles,2
14061.0,1,0.6882841758139091,1,En danger,2
15759.0,1,0.24459281010033956,0,Champions,2
17511.0,0,0.0045202818946603685,0,Champions,1
13564.0,0,0.03373440594032193,0,Fidèles,3
15287.0,0,0.5418485984799787,1,Besoin d'Attention,2
15794.0,1,0.8885950234590039,1,En danger,2
14771.0,1,0.7895260133053823,1,En danger,2
17209.0,1,0.8129820638731631,1,En danger,2
17411.0,0,0.32299228459480245,0,Potentiellement Fidèles,2
16918.0,0,0.1687072806321871,0,Fidèles,3
17287.0,0,0.0692365511824202,0,Champions,3
13786.0,1,0.37076008809420463,0,Fidèles,2
13037.0,0,0.1249418233514813,0,Champions,3
14961.0,0,0.0703290943530166,0,Champions,3
16883.0,0,0.22010079237194535,0,Fidèles,3
13175.0,1,0.7553125633289818,1,En danger,2
18223.0,0,0.09199422784295738,0,Champions,3
14979.0,1,0.9419120766475475,1,Perdus,2
15382.0,0,0.10364027280631775,0,Champions,3
13329.0,0,0.3959993001693179,0,Fidèles,3
18071.0,1,0.2768848846105388,0,Champions,2
15223.0,1,0.26984910320502453,0,Champions,2
13021.0,0,0.15172145379341714,0,Champions,3
17115.0,0,0.22412780397310286,0,Champions,3
15860.0,0,0.12174018939101393,0,Champions,3
14454.0,1,0.3994132133680557,0,Fidèles,2
16773.0,0,0.657781450964068,1,Sur le point de Partir,2
17858.0,0,0.1133538188136705,0,Champions,3
17530.0,0,0.10015710927687639,0,Champions,3
17707.0,0,0.3930977486811205,0,Fidèles,2
17436.0,1,0.30549066598663566,0,Champions,2
14670.0,1,0.29278351586047896,0,Potentiellement Fidèles,2
16702.0,1,0.47695783596316765,0,En danger,2
18259.0,0,0.4377081317262673,0,Fidèles,2
14215.0,0,0.28539075400471653,0,Fidèles,2
13025.0,1,0.9472196995153078,1,Perdus,2
17067.0,1,0.8763382783628072,1,En danger,2
14861.0,0,0.38429908979847865,0,Fidèles,3
17852.0,1,0.5078819327575191,1,Sur le point de Partir,2
13081.0,0,0.01218844175305431,0,Champions,3
16892.0,0,0.747797327340348,1,En danger,2
17178.0,1,0.9429839541902333,1,Perdus,2
13202.0,1,0.4271189839269138,0,En danger,2
13672.0,1,0.40722228034494024,0,Besoin d'Attention,2
17929.0,0,0.25768336621301546,0,Champions,2
13983.0,0,0.10129903070373068,0,Champions,3
18065.0,0,0.08942570515449078,0,Champions,3
17880.0,1,0.49475902175024766,0,Besoin d'Attention,2
13848.0,0,0.3410188403861104,0,Fidèles,2
15465.0,0,0.09660071598163615,0,Champions,3
16596.0,0,0.521102082057517,1,Besoin d'Attention,2
12933.0,0,0.2248098106681722,0,Champions,3
18276.0,0,0.4371333474530292,0,En danger,2
14081.0,1,0.07479710573036805,0,Fidèles,3
16905.0,0,0.1575397218487246,0,Champions,3
13077.0,1,0.1845547875931351,0,Fidèles,3
16191.0,0,0.15953138160176883,0,Champions,3
17344.0,0,0.9341536363922156,1,Perdus,2
15898.0,1,0.054017830185817635,0,Champions,3
14130.0,1,0.2736820749325,0,Fidèles,2
15196.0,1,0.6506459379635092,1,Sur le point de Partir,2
15956.0,1,0.7642992333409809,1,En danger,2
14685.0,1,0.6221089190550564,1,En danger,3
17211.0,0,0.14344677062730993,0,Champions,3
13087.0,1,0.9455550580986789,1,Perdus,2
16725.0,1,0.1372699313359562,0,Fidèles,3
13872.0,1,0.6554757802197398,1,En danger,2
17075.0,0,0.18031315962720645,0,Champions,3
12926.0,1,0.3724211801973671,0,En danger,2
17866.0,0,0.7242495278296963,1,En danger,2
16858.0,1,0.33624214004924696,0,Fidèles,3
14607.0,0,0.22691724029170626,0,Champions,3
18220.0,1,0.24957746208955267,0,Champions,3
17625.0,0,0.11983729058536365,0,Champions,3
15812.0,0,0.23461495804799687,0,Champions,3
18260.0,0,0.0668917243798543,0,Champions,3
15393.0,0,0.3565645671434106,0,Champions,2
14460.0,0,0.344680265021829,0,Fidèles,2
17677.0,0,0.03605809178292999,0,Champions,3
16197.0,1,0.5181459446446551,1,En danger,2
13289.0,1,0.9445703446804067,1,Perdus,2
17091.0,0,0.11136460766607477,0,Champions,3
13008.0,1,0.4118470414983271,0,Besoin d'Attention,2
16862.0,1,0.702155198216325,1,En danger,2
14045.0,0,0.30074642097985993,0,Fidèles,3
13360.0,1,0.5209029351497318,1,En danger,2
16103.0,0,0.12364863415835362,0,Champions,3
15607.0,1,0.2980193402387141,0,Fidèles,3
14091.0,1,0.7750401478325092,1,En danger,2
17147.0,0,0.18740382551274914,0,Champions,3
17529.0,1,0.7703277861894877,1,En danger,2
14441.0,0,0.2253683341009837,0,Champions,3
15697.0,1,0.9352100135489322,1,Perdus,2
17769.0,0,0.14802107472329218,0,Champions,3
16087.0,1,0.49581334947193223,0,En danger,2
13315.0,1,0.9328665834861811,1,Perdus,2
17307.0,1,0.42118971239811603,0,En danger,3
13027.0,0,0.1813784276450675,0,Champions,3
16727.0,1,0.3524286717895186,0,Fidèles,2
14376.0,1,0.9328061638063677,1,Perdus,2
16481.0,1,0.9109755752086353,1,Perdus,2
15943.0,1,0.8308477861044042,1,En danger,2
16955.0,0,0.4000042441441156,0,Fidèles,2
14481.0,0,0.29788863757758527,0,Fidèles,2
15416.0,0,0.23072235868020902,0,Champions,3
15803.0,0,0.5834485065298368,1,Sur le point de Partir,2
14562.0,0,0.14569817630427598,0,Champions,3
16212.0,0,0.3600857454226007,0,Potentiellement Fidèles,2
13304.0,1,0.4001185065692241,0,Fidèles,2
13976.0,1,0.25609416503922683,0,Champions,2
18058.0,1,0.7490451255123614,1,En danger,2
17575.0,1,0.9305681230281706,1,Perdus,2
14190.0,1,0.9319524221057209,1,Perdus,2
15244.0,0,0.4282953902725145,0,Potentiellement Fidèles,2
16553.0,0,0.04763742924862024,0,Champions,3
15372.0,0,0.5522865689381123,1,En danger,2
18006.0,0,0.5227130850228613,1,Besoin d'Attention,2
16296.0,1,0.7524740196682411,1,En danger,2
17028.0,1,0.7228206176771607,1,En danger,2
18252.0,0,0.6843631452728574,1,En danger,2
13871.0,0,0.1551451758958267,0,Champions,3
17182.0,1,0.6649554133955106,1,Sur le point de Partir,2
13287.0,1,0.7333084620163175,1,En danger,2
16792.0,1,0.293976680256835,0,Champions,2
17807.0,1,0.48880369032097165,0,Sur le point de Partir,2
14839.0,1,0.5421200071487544,1,Sur le point de Partir,2
15521.0,0,0.11142806625152034,0,Champions,3
14969.0,1,0.934674325203156,1,Perdus,2
13610.0,0,0.1430461879888315,0,Champions,3
14954.0,0,0.9343089274440084,1,Perdus,2
17362.0,1,0.21088522158835526,0,Champions,2
17941.0,0,0.7752662012829018,1,En danger,2
15299.0,0,0.2993216718617643,0,Champions,3
14225.0,1,0.511845914616897,1,En danger,2
14423.0,1,0.32752523778520143,0,Potentiellement Fidèles,2
16524.0,1,0.6464331686007277,1,Sur le point de Partir,2
17335.0,1,0.5953442238540112,1,Besoin d'Attention,2
17780.0,1,0.8014817253403124,1,En danger,2
14870.0,1,0.27965855294362785,0,Champions,2
16004.0,1,0.5753999470700661,1,En danger,2
14279.0,1,0.7466570090694347,1,En danger,2
15544.0,0,0.10965679165886576,0,Champions,3
13583.0,0,0.9208243086872622,1,Perdus,2
14249.0,1,0.29927902501863474,0,En danger,3
16300.0,1,0.4272667094190486,0,Sur le point de Partir,2
17092.0,0,0.18058124762640584,0,Champions,3
15091.0,0,0.8189711426360653,1,En danger,2
16928.0,0,0.11451503780868853,0,Champions,3
16147.0,0,0.4411702962706839,0,En danger,2
13700.0,0,0.19954030583269808,0,Champions,3
15422.0,1,0.3220884203256372,0,Fidèles,2
17136.0,1,0.9260459802562894,1,Perdus,2
14369.0,1,0.8183923126017223,1,En danger,2
13407.0,1,0.6996829417370473,1,En danger,2
17171.0,1,0.4941935927571109,0,Besoin d'Attention,2
14639.0,0,0.25015819724653343,0,Fidèles,3
17789.0,1,0.4830622765509634,0,Potentiellement Fidèles,2
13604.0,1,0.9072032837951878,1,Perdus,2
13340.0,0,0.23320091757122877,0,Champions,3
14726.0,1,0.9238057640063388,1,Perdus,2
16208.0,0,0.20119571158986055,0,Fidèles,3
13944.0,1,0.9172663538790715,1,Perdus,2
13010.0,1,0.5942755475092788,1,Besoin d'Attention,2
14131.0,1,0.9124317531785311,1,Perdus,2
17305.0,1,0.9019783826862482,1,Perdus,2
16731.0,1,0.9140442751847762,1,Perdus,2
16520.0,0,0.16232119104027348,0,Champions,3
14097.0,1,0.6788379765389116,1,En danger,2
13879.0,1,0.9148468291859235,1,Perdus,2
14186.0,1,0.4921961039256982,0,En danger,2
14852.0,0,0.1830698161139232,0,Champions,3
13508.0,1,0.4399197733711064,0,Potentiellement Fidèles,2
17589.0,0,0.03318915524376374,0,Champions,3
17298.0,0,0.4965834849012733,0,Besoin d'Attention,2
17025.0,0,0.49615668057175544,0,Fidèles,2
17438.0,1,0.28994202112429257,0,Champions,2
15722.0,0,0.2849637708926659,0,Fidèles,3
16707.0,1,0.4887038248025148,0,En danger,2
14676.0,0,0.20121349365683455,0,Champions,3
16846.0,0,0.7575672128432498,1,En danger,2
16347.0,0,0.30905236014428333,0,En danger,3
18149.0,0,0.23100645563763433,0,Champions,2
15123.0,1,0.21608854201127706,0,Champions,2
14873.0,1,0.3799271764199149,0,Potentiellement Fidèles,2
17933.0,1,0.9160784033692407,1,Perdus,2
18131.0,1,0.916842126824791,1,Perdus,2
16571.0,0,0.23055314332852078,0,Champions,3
17349.0,0,0.4596485810191946,0,Fidèles,2
17838.0,0,0.22446354661964218,0,Fidèles,3
17738.0,0,0.20720606141505785,0,Champions,3
18078.0,1,0.26222222457369526,0,Champions,2
13357.0,1,0.15268761765333533,0,Champions,3
14355.0,1,0.4673726960653446,0,Besoin d'Attention,2
14762.0,1,0.4589772271562938,0,Potentiellement Fidèles,2
13969.0,0,0.05091407685959923,0,Champions,3
13705.0,0,0.4520024582818332,0,Fidèles,2
18166.0,1,0.9122593374924315,1,Perdus,2
15552.0,1,0.4068962716109564,0,Potentiellement Fidèles,2
15848.0,1,0.9043615326939579,1,Perdus,2
15068.0,0,0.2723943773563734,0,Potentiellement Fidèles,2
15570.0,0,0.03768893852370037,0,Champions,3
16570.0,0,0.14410386958380852,0,Champions,3
17676.0,0,0.4209667818465605,0,Fidèles,2
17217.0,1,0.42341495058186196,0,Potentiellement Fidèles,2
14235.0,0,0.2227460457401157,0,Champions,2
14492.0,1,0.4697516261474165,0,En danger,2
14882.0,0,0.4013524650074112,0,En danger,2
16658.0,1,0.41759520457727434,0,Fidèles,2
15792.0,1,0.5599861157756537,1,Sur le point de Partir,2
13219.0,1,0.91086770734634,1,Perdus,2
14835.0,1,0.7297070484267645,1,En danger,2
15215.0,0,0.46949258424566986,0,En danger,2
14855.0,0,0.5184841450046164,1,En danger,3
14918.0,0,0.44155788738187907,0,En danger,2
17110.0,0,0.7093476242871035,1,En danger,2
15331.0,1,0.6513217745360897,1,En danger,2
17221.0,0,0.7436122696144113,1,En danger,2
12943.0,1,0.7250831907483304,1,En danger,2
14624.0,0,0.5408843339095524,1,En danger,2
13878.0,0,0.6959150122659025,1,En danger,2
17678.0,1,0.42813703873516085,0,Potentiellement Fidèles,2
13734.0,1,0.6799860646920552,1,En danger,3
14907.0,0,0.32412712690150824,0,Fidèles,3
18095.0,1,0.37986301187757454,0,Fidèles,2
14372.0,1,0.6187392666920245,1,Sur le point de Partir,2
16864.0,1,0.6421296013980031,1,Sur le point de Partir,2
18062.0,0,0.25072565654287954,0,Champions,2
13963.0,1,0.1871114279331301,0,Fidèles,3
17729.0,1,0.892297832756849,1,Perdus,2
18091.0,1,0.8910293505719338,1,Perdus,2
12925.0,0,0.9014221040059822,1,Perdus,2
16623.0,1,0.30188525887374396,0,Champions,2
16543.0,1,0.8797098758378278,1,Perdus,2
15445.0,1,0.4624892695232391,0,Potentiellement Fidèles,2
18111.0,1,0.8733194139825656,1,Perdus,2
17771.0,0,0.4422446622197851,0,Besoin d'Attention,2
15180.0,1,0.4858518968476028,0,Besoin d'Attention,2
18141.0,1,0.5432932534565574,1,Sur le point de Partir,2
14683.0,1,0.8926189682012088,1,Perdus,2
15229.0,1,0.8956418456507107,1,Perdus,2
14025.0,1,0.5240962088479707,1,En danger,2
12958.0,1,0.577685786323503,1,Sur le point de Partir,2
17199.0,1,0.8941734334607169,1,Perdus,2
14814.0,1,0.8862137520167724,1,Perdus,2
17031.0,0,0.5276492335380916,1,Fidèles,2
14678.0,1,0.868606014307795,1,Perdus,2
17579.0,0,0.8767504197569175,1,Perdus,2
14588.0,1,0.8893771523767463,1,Perdus,2
13296.0,0,0.5182645861614229,1,En danger,2
13103.0,0,0.6370923238542872,1,Sur le point de Partir,2
15470.0,1,0.8930573159383639,1,Perdus,2
12923.0,0,0.5806852823753167,1,Sur le point de Partir,2
15478.0,0,0.8786225773237925,1,Perdus,2
18258.0,1,0.5749852052204215,1,En danger,2
13719.0,0,0.15048187233846191,0,Champions,3
14598.0,0,0.8591148327691711,1,Perdus,2
14010.0,1,0.7411322753781641,1,En danger,2
14168.0,1,0.6133455802788699,1,Sur le point de Partir,2
16229.0,0,0.19937329112662686,0,Champions,0
14993.0,1,0.885277536405933,1,Perdus,2
17694.0,0,0.6694554047568239,1,En danger,2
17179.0,0,0.25439615821289513,0,Champions,0
16715.0,0,0.880795926105593,1,Perdus,2
16101.0,0,0.5090072579904379,1,Sur le point de Partir,2
18038.0,1,0.8734436107262377,1,Perdus,2
17745.0,1,0.6699336992094553,1,En danger,2
15714.0,0,0.6251464164846121,1,Sur le point de Partir,2
18206.0,1,0.8717036598091706,1,Perdus,2
13699.0,0,0.849499472590684,1,Perdus,2
15720.0,0,0.8699536304437397,1,Perdus,2
17869.0,0,0.24721075441043258,0,Champions,0
15757.0,0,0.1982593889657892,0,Champions,0
13438.0,1,0.8793446295204183,1,Perdus,2
15102.0,1,0.7100830412134878,1,En danger,2
13559.0,1,0.7123681507313553,1,En danger,2
15432.0,0,0.8389111559907791,1,Perdus,2
17401.0,1,0.8708077277689342,1,Perdus,2
13112.0,1,0.843173146009554,1,Perdus,2
12746.0,1,0.8306400518200666,1,Perdus,2
17692.0,0,0.18173044558622603,0,Champions,3
18128.0,1,0.8496099139364107,1,Perdus,2
16062.0,0,0.22716748618075594,0,Champions,0
15991.0,1,0.8681330995870656,1,Perdus,2
15629.0,1,0.5878467628497037,1,En danger,0
14326.0,1,0.3146466478364643,0,Potentiellement Fidèles,2
13129.0,1,0.6456514898437411,1,Sur le point de Partir,2
14020.0,0,0.6325776829942318,1,En danger,2
13109.0,0,0.8519928722578115,1,Perdus,2
15888.0,0,0.5825339056673361,1,Sur le point de Partir,2
17651.0,0,0.5699761963544875,1,En danger,2
13029.0,0,0.4924123502893639,0,Besoin d'Attention,0
17376.0,0,0.418996724524093,0,Besoin d'Attention,0
16649.0,1,0.8503448031623105,1,Perdus,2
14610.0,1,0.5869724933324058,1,Sur le point de Partir,2
17714.0,1,0.34582587682014726,0,Fidèles,0
16172.0,0,0.2998864555577415,0,Champions,0
13959.0,0,0.3117854108852011,0,Champions,0
14674.0,1,0.8479226444767107,1,Perdus,2
14599.0,1,0.5155555215780628,1,Sur le point de Partir,2
13509.0,0,0.3368288849422042,0,Champions,0
15617.0,1,0.5284643870263951,1,Sur le point de Partir,0
13913.0,1,0.8532755423359665,1,Perdus,2
15378.0,1,0.6507741730782798,1,Sur le point de Partir,0
17224.0,1,0.8465186720323824,1,Perdus,2
15142.0,0,0.45600983513678883,0,En danger,0
18264.0,1,0.8207360161368805,1,Perdus,2
13766.0,1,0.8367232565173252,1,Perdus,2
13090.0,0,0.1462062628013533,0,Champions,3
16440.0,0,0.34281927356441116,0,Potentiellement Fidèles,2
18154.0,0,0.5301058102533723,1,Sur le point de Partir,0
15595.0,1,0.8339203215269996,1,Perdus,2
14053.0,0,0.5845636929418365,1,Sur le point de Partir,0
14144.0,1,0.8406010931658707,1,Perdus,2
15837.0,0,0.8191281831589877,1,Perdus,2
12959.0,1,0.8136987900337928,1,Perdus,2
17300.0,1,0.5457594281836188,1,Sur le point de Partir,0
16043.0,0,0.2321094996032705,0,Champions,0
16468.0,0,0.6408195873841668,1,Sur le point de Partir,0
14183.0,1,0.5758354299569977,1,Sur le point de Partir,0
15154.0,0,0.5739401667863195,1,En danger,0
12851.0,0,0.8163136853930326,1,Perdus,0
16299.0,1,0.804771806023039,1,Perdus,2
16294.0,1,0.8278924780264691,1,Perdus,0
17689.0,1,0.5586450990592451,1,Sur le point de Partir,0
14565.0,0,0.2276769134767957,0,Potentiellement Fidèles,0
14342.0,0,0.2929580289807458,0,Potentiellement Fidèles,0
14544.0,0,0.41797139306152525,0,Besoin d'Attention,0
16065.0,1,0.2725725779064468,0,Fidèles,3
15424.0,1,0.3474491897441056,0,Potentiellement Fidèles,0
13032.0,0,0.4060054852229576,0,En danger,0
15543.0,1,0.4187809789800692,0,Besoin d'Attention,0
17366.0,1,0.48193754461549054,0,Sur le point de Partir,0
16799.0,1,0.5225313752577523,1,Sur le point de Partir,0
17728.0,0,0.5054705452056806,1,Sur le point de Partir,0
15107.0,1,0.34176182204950434,0,Fidèles,0
14381.0,0,0.7719662127302093,1,Sur le point de Partir,0
16371.0,1,0.8031432850475158,1,Sur le point de Partir,0
17765.0,0,0.2791528418357295,0,Potentiellement Fidèles,0
15026.0,0,0.27606276203398167,0,Champions,0
13067.0,0,0.5800359899020967,1,Sur le point de Partir,0
14212.0,0,0.7788550124351463,1,Sur le point de Partir,0
14906.0,1,0.7625898515964866,1,Sur le point de Partir,0
13375.0,0,0.7660605491968954,1,Sur le point de Partir,0
15473.0,0,0.8019907434653151,1,Sur le point de Partir,0
13689.0,0,0.8004166814958127,1,Sur le point de Partir,0
14169.0,1,0.5735701024682294,1,Sur le point de Partir,0
13205.0,1,0.7439027852802162,1,Sur le point de Partir,0
17134.0,0,0.40762121188001016,0,Potentiellement Fidèles,0
17919.0,0,0.7824999383677516,1,Sur le point de Partir,0
13687.0,1,0.41962951422725575,0,Sur le point de Partir,3
14597.0,0,0.4963687840156488,0,Fidèles,0
16237.0,1,0.7965506241200901,1,Sur le point de Partir,0
16148.0,1,0.43537474248156244,0,Besoin d'Attention,0
13257.0,1,0.747609130779735,1,Sur le point de Partir,0
13002.0,1,0.43964910284082764,0,Besoin d'Attention,0
14392.0,1,0.7850064006487899,1,Sur le point de Partir,0
14462.0,0,0.18031639401371238,0,Champions,0
16817.0,0,0.19472504574209482,0,Champions,0
15159.0,0,0.11116462614128393,0,Champions,3
17621.0,0,0.3749603700360152,0,Fidèles,0
17657.0,1,0.7906610269131847,1,Sur le point de Partir,0
13055.0,0,0.2929989817578268,0,Potentiellement Fidèles,0
17008.0,1,0.794409082497595,1,Sur le point de Partir,0
13423.0,1,0.7837527949378031,1,Sur le point de Partir,0
17249.0,1,0.7776135977667464,1,Sur le point de Partir,0
14490.0,1,0.511748122599505,1,Sur le point de Partir,0
16411.0,0,0.409165651891083,0,Besoin d'Attention,0
16111.0,1,0.7349117100006075,1,Sur le point de Partir,0
17864.0,0,0.3528653291182538,0,Potentiellement Fidèles,0
14263.0,1,0.774194820820156,1,Sur le point de Partir,0
16238.0,1,0.7855252258069984,1,Sur le point de Partir,0
14956.0,1,0.7564583226522041,1,Sur le point de Partir,0
17026.0,0,0.5410308333081929,1,Besoin d'Attention,0
17219.0,0,0.7665081918081087,1,Sur le point de Partir,0
17397.0,0,0.7432178237376621,1,Sur le point de Partir,0
18066.0,0,0.526371404960395,1,Besoin d'Attention,0
13166.0,1,0.374191177044818,0,Potentiellement Fidèles,0
12973.0,1,0.7698617434218838,1,Sur le point de Partir,0
17435.0,1,0.7632683416230671,1,Sur le point de Partir,0
15646.0,0,0.2966769014740247,0,Champions,0
16639.0,0,0.28397717981123977,0,Potentiellement Fidèles,0
17000.0,1,0.5408365497446035,1,Sur le point de Partir,0
12608.0,1,0.7536989731629523,1,Sur le point de Partir,0
18278.0,0,0.7586624130249767,1,Sur le point de Partir,0
16178.0,0,0.7500470532964035,1,Sur le point de Partir,0
17121.0,1,0.7569351826209851,1,Sur le point de Partir,0
17977.0,0,0.6454090851580693,1,Sur le point de Partir,0
16559.0,1,0.7517322565764276,1,Sur le point de Partir,0
13967.0,0,0.7620355773181223,1,Sur le point de Partir,0
16223.0,1,0.43550930242066604,0,Besoin d'Attention,0
14077.0,0,0.3131052496968129,0,Potentiellement Fidèles,0
15529.0,0,0.10439443323937497,0,Champions,3
18280.0,1,0.3965863750798046,0,Potentiellement Fidèles,0
16824.0,0,0.749508619779589,1,Sur le point de Partir,0
16284.0,0,0.7380065029200257,1,Sur le point de Partir,0
12868.0,0,0.21867659258035027,0,Champions,0
17803.0,1,0.7396606521310632,1,Sur le point de Partir,0
16687.0,1,0.7516616637658333,1,Sur le point de Partir,0
14784.0,0,0.47185999435237125,0,Besoin d'Attention,0
17418.0,0,0.4601344645759703,0,Besoin d'Attention,0
17532.0,1,0.7517245934632358,1,Besoin d'Attention,0
17269.0,1,0.657612606148671,1,Besoin d'Attention,0
16885.0,0,0.4567609834694791,0,Besoin d'Attention,0
17386.0,0,0.7460266017937701,1,Besoin d'Attention,0
12967.0,1,0.4768671014286164,0,Besoin d'Attention,0
15155.0,1,0.727288132569602,1,Besoin d'Attention,0
15634.0,0,0.7328382895332757,1,Besoin d'Attention,0
17870.0,0,0.5130774608796723,1,Besoin d'Attention,0
17570.0,1,0.7225320914491588,1,Besoin d'Attention,0
18047.0,1,0.48717724347362307,0,Besoin d'Attention,0
14458.0,1,0.7115198368535625,1,Besoin d'Attention,0
16874.0,1,0.7222425486265255,1,Besoin d'Attention,0
12996.0,1,0.7209897948909271,1,Besoin d'Attention,0
16552.0,1,0.37876450809981244,0,Potentiellement Fidèles,0
14589.0,1,0.7378699609294003,1,Besoin d'Attention,0
15048.0,0,0.32137468220171,0,Potentiellement Fidèles,0
13270.0,1,0.7047564012304327,1,Besoin d'Attention,0
15211.0,0,0.6980359217735878,1,Besoin d'Attention,0
16665.0,1,0.7225726350694628,1,Besoin d'Attention,0
17937.0,0,0.33928596908791114,0,Champions,0
13221.0,1,0.33153169184467884,0,Potentiellement Fidèles,0
15139.0,1,0.37396693081072335,0,Potentiellement Fidèles,0
14270.0,1,0.661596081719591,1,Besoin d'Attention,0
13284.0,1,0.6518000484371105,1,Besoin d'Attention,0
14782.0,1,0.6748639467904944,1,Besoin d'Attention,0
15415.0,1,0.622633508662061,1,Besoin d'Attention,0
17619.0,1,0.6105577371110162,1,Besoin d'Attention,0
15226.0,1,0.6639302102557545,1,Besoin d'Attention,0
14046.0,1,0.6270912041971526,1,Besoin d'Attention,0
15733.0,1,0.6278334040055404,1,Potentiellement Fidèles,0
16216.0,1,0.5605171621762547,1,Potentiellement Fidèles,0
14041.0,1,0.5985754245878814,1,Potentiellement Fidèles,0
16728.0,0,0.2975965301569034,0,Potentiellement Fidèles,0
16997.0,1,0.4106778654561395,0,Besoin d'Attention,0
15395.0,1,0.6837046755807019,1,Besoin d'Attention,0
14438.0,1,0.6589859223662812,1,Besoin d'Attention,0
17881.0,1,0.6573742453699004,1,Besoin d'Attention,0
14760.0,1,0.6213427551334352,1,Besoin d'Attention,0
18138.0,1,0.6458889235131609,1,Besoin d'Attention,0
12852.0,1,0.5999757071542559,1,Besoin d'Attention,0
13489.0,0,0.42100445413175885,0,Besoin d'Attention,0
13951.0,0,0.34047869272281367,0,Potentiellement Fidèles,0
14803.0,0,0.40074561990744,0,Potentiellement Fidèles,0
12988.0,1,0.5710560423392804,1,Besoin d'Attention,0
18155.0,0,0.6421680035142465,1,Besoin d'Attention,0
13038.0,0,0.6262861797200389,1,Besoin d'Attention,0
18068.0,1,0.646036154203498,1,Besoin d'Attention,0
13630.0,0,0.32263661514617376,0,Potentiellement Fidèles,0
13344.0,0,0.520921962489312,1,Potentiellement Fidèles,0
14730.0,0,0.2810016219758656,0,Potentiellement Fidèles,0
14367.0,0,0.19684236194485535,0,Champions,0
16572.0,0,0.6037136785120102,1,Potentiellement Fidèles,0
15308.0,1,0.5723221647579618,1,Potentiellement Fidèles,0
16778.0,0,0.6243128713390889,1,Potentiellement Fidèles,0
15047.0,1,0.5951004299886681,1,Potentiellement Fidèles,0
14223.0,0,0.5603027170151788,1,Potentiellement Fidèles,0
14632.0,1,0.6058481243350123,1,Potentiellement Fidèles,0
17733.0,0,0.5977719277533055,1,Potentiellement Fidèles,0
13132.0,1,0.6101654293583605,1,Potentiellement Fidèles,0
16022.0,1,0.5321980716415358,1,Potentiellement Fidèles,0
16063.0,1,0.5828393067936977,1,Potentiellement Fidèles,0
13743.0,0,0.33655093465008157,0,Potentiellement Fidèles,0
14273.0,0,0.32988357088849124,0,Potentiellement Fidèles,0
15414.0,0,0.5853095336646273,1,Potentiellement Fidèles,0
14111.0,0,0.5848489074310764,1,Potentiellement Fidèles,0
16097.0,1,0.5733949051412002,1,Potentiellement Fidèles,0
15147.0,1,0.5087678818106397,1,Potentiellement Fidèles,0
17704.0,0,0.5600570521726411,1,Potentiellement Fidèles,0
17367.0,1,0.5503374180560922,1,Potentiellement Fidèles,0
15436.0,0,0.450446296331292,0,Potentiellement Fidèles,0
17630.0,0,0.5497754032126885,1,Potentiellement Fidèles,0
16750.0,0,0.5650756870418591,1,Potentiellement Fidèles,0
16942.0,0,0.28780638965115013,0,Potentiellement Fidèles,0
16965.0,1,0.5398079757598979,1,Potentiellement Fidèles,0
13229.0,1,0.5544902666543257,1,Potentiellement Fidèles,0
16370.0,0,0.5036825930440995,1,Potentiellement Fidèles,0
14948.0,0,0.5399516649556139,1,Potentiellement Fidèles,0
16644.0,0,0.47805064668630254,0,Potentiellement Fidèles,0
15440.0,0,0.5239024582830871,1,Potentiellement Fidèles,0
16877.0,0,0.5208669174212966,1,Potentiellement Fidèles,0
