customer_id,churn,churn_label,churn_probability,churn_prediction,prediction_label,risk_level,recency,frequency,monetary,avg_basket,n_distinct_products,tenure_days,n_cancellations,cancellation_rate,segment_rfm,kmeans_cluster
16175.0,0,Actif,0.24234138254420276,0,Va rester,3 - Risque faible,13,5,1265.83,253.17,45,372,0,0.0,Champions,0
17865.0,0,Actif,0.02682062652896457,0,Va rester,3 - Risque faible,13,33,20009.73,606.36,326,547,12,0.3636,Champions,3
15189.0,0,Actif,0.12966781529762042,0,Va rester,3 - Risque faible,6,20,6220.44,311.02,54,318,9,0.45,Champions,3
14505.0,0,Actif,0.012615792052022531,0,Va rester,3 - Risque faible,13,16,9288.96,580.56,737,539,7,0.4375,Champions,3
13658.0,0,Actif,0.17226478793509017,0,Va rester,3 - Risque faible,13,5,4319.63,863.93,119,481,3,0.6,Champions,3
12951.0,0,Actif,0.1373339183504823,0,Va rester,3 - Risque faible,13,13,2774.53,213.43,101,507,4,0.3077,Champions,3
18109.0,0,Actif,0.07274768708069708,0,Va rester,3 - Risque faible,3,23,4325.42,188.06,183,335,4,0.1739,Champions,3
17926.0,0,Actif,0.2769394294764574,0,Va rester,3 - Risque faible,12,4,849.93,212.48,21,388,0,0.0,Potentiellement Fidèles,2
17381.0,0,Actif,0.10982539129989816,0,Va rester,3 - Risque faible,12,25,33544.89,1341.8,49,357,0,0.0,Champions,3
16832.0,0,Actif,0.28229339291480676,0,Va rester,3 - Risque faible,12,4,355.11,88.78,19,267,0,0.0,Potentiellement Fidèles,0
16931.0,0,Actif,0.08821167800602375,0,Va rester,3 - Risque faible,3,11,2532.51,230.23,277,206,0,0.0,Champions,3
16801.0,0,Actif,0.24150547010141935,0,Va rester,3 - Risque faible,1,3,1478.88,492.96,70,82,1,0.3333,Potentiellement Fidèles,0
15716.0,0,Actif,0.12340785678833963,0,Va rester,3 - Risque faible,10,10,2840.44,284.04,175,541,0,0.0,Champions,3
16341.0,0,Actif,0.22934508256805256,0,Va rester,3 - Risque faible,10,4,2676.57,669.14,81,418,2,0.5,Potentiellement Fidèles,3
13549.0,0,Actif,0.2556916725042525,0,Va rester,3 - Risque faible,1,4,600.15,150.04,34,196,1,0.25,Potentiellement Fidèles,0
14711.0,0,Actif,0.20368362181915067,0,Va rester,3 - Risque faible,10,5,1443.84,288.77,115,71,1,0.2,Champions,0
13758.0,0,Actif,0.09181860822320277,0,Va rester,3 - Risque faible,10,13,8577.95,659.84,199,547,4,0.3077,Champions,3
16818.0,0,Actif,0.2612958187797646,0,Va rester,3 - Risque faible,10,2,726.24,363.12,45,14,2,1.0,Potentiellement Fidèles,0
15288.0,0,Actif,0.16430571600602065,0,Va rester,3 - Risque faible,9,8,3200.61,400.08,114,474,0,0.0,Champions,3
13479.0,1,Churné,0.24683008740453355,0,Va rester,3 - Risque faible,9,4,851.37,212.84,45,286,3,0.75,Potentiellement Fidèles,0
12989.0,0,Actif,0.10446538370569812,0,Va rester,3 - Risque faible,9,25,9955.58,398.22,23,538,4,0.16,Champions,3
16523.0,0,Actif,0.12212428267899902,0,Va rester,3 - Risque faible,8,15,5333.46,355.56,107,493,5,0.3333,Champions,3
14258.0,0,Actif,0.08530032883669622,0,Va rester,3 - Risque faible,8,22,26989.18,1226.78,87,544,6,0.2727,Champions,3
15987.0,0,Actif,0.2470065438552267,0,Va rester,3 - Risque faible,8,5,746.93,149.39,50,188,0,0.0,Champions,0
16992.0,0,Actif,0.12198197786761399,0,Va rester,3 - Risque faible,8,10,4533.34,453.33,184,475,2,0.2,Champions,3
17365.0,0,Actif,0.07420141349191631,0,Va rester,3 - Risque faible,8,11,5320.61,483.69,311,485,1,0.0909,Champions,3
18202.0,1,Churné,0.2691767801302921,0,Va rester,3 - Risque faible,8,3,1396.99,465.66,55,120,0,0.0,Potentiellement Fidèles,0
17272.0,0,Actif,0.2540746822480259,0,Va rester,3 - Risque faible,8,2,1409.44,704.72,59,71,1,0.5,Potentiellement Fidèles,0
16327.0,0,Actif,0.06907360848848086,0,Va rester,3 - Risque faible,8,14,9356.76,668.34,270,534,4,0.2857,Champions,3
14289.0,0,Actif,0.28577470547195505,0,Va rester,3 - Risque faible,8,3,594.22,198.07,30,98,0,0.0,Potentiellement Fidèles,0
16091.0,0,Actif,0.51878770577202,1,Risque churn,2 - Risque moyen,7,1,157.25,157.25,10,7,0,0.0,Nouveaux Clients,0
12747.0,0,Actif,0.10170484445690478,0,Va rester,3 - Risque faible,7,21,7171.93,341.52,79,541,6,0.2857,Champions,3
13728.0,0,Actif,0.14612374631636252,0,Va rester,3 - Risque faible,7,13,2332.96,179.46,65,539,0,0.0,Champions,3
18229.0,0,Actif,0.13570221249201458,0,Va rester,3 - Risque faible,7,16,6385.51,399.09,41,545,0,0.0,Champions,3
15882.0,1,Churné,0.19499267168322132,0,Va rester,3 - Risque faible,7,8,1495.98,187.0,49,538,2,0.25,Champions,3
12839.0,0,Actif,0.10684549354995657,0,Va rester,3 - Risque faible,7,16,5876.2,367.26,122,541,4,0.25,Champions,3
18226.0,0,Actif,0.061248891436788355,0,Va rester,3 - Risque faible,7,20,8863.75,443.19,249,453,10,0.5,Champions,3
14522.0,0,Actif,0.24620167096754988,0,Va rester,3 - Risque faible,7,5,1062.71,212.54,27,493,0,0.0,Champions,2
16092.0,0,Actif,0.22202561441792254,0,Va rester,3 - Risque faible,6,5,1363.81,272.76,55,388,2,0.4,Champions,0
15249.0,0,Actif,0.10294025920038695,0,Va rester,3 - Risque faible,5,10,5418.91,541.89,214,432,2,0.2,Champions,3
15104.0,1,Churné,0.27378353721525395,0,Va rester,3 - Risque faible,5,2,1027.44,513.72,66,91,0,0.0,Potentiellement Fidèles,0
17152.0,1,Churné,0.2825344602673516,0,Va rester,3 - Risque faible,3,4,2016.5,504.13,9,234,1,0.25,Potentiellement Fidèles,0
16746.0,0,Actif,0.025858960016120557,0,Va rester,3 - Risque faible,3,32,14257.92,445.56,314,544,3,0.0938,Champions,3
16168.0,0,Actif,0.030018181290673275,0,Va rester,3 - Risque faible,1,48,8100.68,168.76,112,545,6,0.125,Champions,3
16013.0,0,Actif,0.020954961487521375,0,Va rester,3 - Risque faible,1,59,32734.46,554.82,35,540,5,0.0847,Champions,3
13070.0,1,Churné,0.2658828921252233,0,Va rester,3 - Risque faible,1,4,751.7,187.93,12,541,1,0.25,Potentiellement Fidèles,2
18231.0,1,Churné,0.046182713767692694,0,Va rester,3 - Risque faible,1,28,6880.97,245.75,218,507,2,0.0714,Champions,3
16023.0,0,Actif,0.27504062114995786,0,Va rester,3 - Risque faible,1,2,500.69,250.35,59,75,0,0.0,Potentiellement Fidèles,0
17238.0,0,Actif,0.03195138616859278,0,Va rester,3 - Risque faible,15,23,5402.05,234.87,397,547,0,0.0,Champions,3
14040.0,0,Actif,0.03845139956267667,0,Va rester,3 - Risque faible,24,28,10480.03,374.29,298,547,4,0.1429,Champions,3
14341.0,0,Actif,0.12680420885186997,0,Va rester,3 - Risque faible,24,14,2988.19,213.44,126,547,2,0.1429,Champions,3
13097.0,0,Actif,0.04644417652257748,0,Va rester,3 - Risque faible,42,23,10383.06,451.44,338,547,9,0.3913,Champions,3
16887.0,0,Actif,0.5923355790401985,1,Risque churn,2 - Risque moyen,209,2,465.84,232.92,65,547,0,0.0,Sur le point de Partir,2
12836.0,0,Actif,0.09000712110036514,0,Va rester,3 - Risque faible,28,13,5634.16,433.4,243,547,2,0.1538,Champions,3
14865.0,1,Churné,0.5434832148975067,1,Risque churn,2 - Risque moyen,181,3,114.72,38.24,3,547,0,0.0,Besoin d'Attention,2
17246.0,1,Churné,0.7768961141382096,1,Risque churn,1 - Risque élevé,355,2,38.92,19.46,6,547,0,0.0,Perdus,2
14108.0,0,Actif,0.8786382584413888,1,Risque churn,1 - Risque élevé,540,2,447.05,223.53,18,547,0,0.0,Perdus,2
13648.0,1,Churné,0.3893601239909238,0,Va rester,3 - Risque faible,209,8,1764.02,220.5,95,547,3,0.375,En danger,3
16202.0,1,Churné,0.3151980829786732,0,Va rester,3 - Risque faible,169,9,2501.99,278.0,105,546,2,0.2222,Fidèles,3
12980.0,0,Actif,0.14207181758953083,0,Va rester,3 - Risque faible,19,18,13437.24,746.51,7,546,3,0.1667,Champions,3
13269.0,0,Actif,0.08916440916954725,0,Va rester,3 - Risque faible,27,18,5593.7,310.76,185,546,1,0.0556,Champions,3
14653.0,0,Actif,0.29254396953505696,0,Va rester,3 - Risque faible,147,6,2011.8,335.3,150,546,0,0.0,Fidèles,2
17019.0,1,Churné,0.10326436021997235,0,Va rester,3 - Risque faible,70,10,3735.52,373.55,308,546,2,0.2,Champions,3
17476.0,1,Churné,0.5892711033582487,1,Risque churn,2 - Risque moyen,204,2,489.86,244.93,29,546,2,1.0,Sur le point de Partir,2
14440.0,0,Actif,0.2894976439662433,0,Va rester,3 - Risque faible,125,10,5466.76,546.68,55,546,2,0.2,Fidèles,3
16711.0,0,Actif,0.3538832197995066,0,Va rester,3 - Risque faible,111,6,1816.25,302.71,11,546,1,0.1667,Fidèles,2
16126.0,0,Actif,0.2064512851574577,0,Va rester,3 - Risque faible,105,12,9250.38,770.87,125,546,0,0.0,Fidèles,3
15917.0,1,Churné,0.22917137914117183,0,Va rester,3 - Risque faible,56,5,560.63,112.13,127,546,0,0.0,Champions,2
14080.0,0,Actif,0.4894430831463879,0,Va rester,2 - Risque moyen,222,4,1070.08,267.52,70,546,1,0.25,Sur le point de Partir,2
17660.0,0,Actif,0.9444407800068526,1,Risque churn,1 - Risque élevé,546,1,163.47,163.47,42,546,0,0.0,Perdus,2
12934.0,1,Churné,0.9513665536274117,1,Risque churn,1 - Risque élevé,545,1,181.65,181.65,2,545,0,0.0,Perdus,2
15291.0,0,Actif,0.07438612001737231,0,Va rester,3 - Risque faible,56,34,11857.85,348.76,103,545,12,0.3529,Champions,3
17322.0,1,Churné,0.37678581670107814,0,Va rester,3 - Risque faible,185,5,922.59,184.52,115,545,2,0.4,Fidèles,2
13416.0,0,Actif,0.9502111316322427,1,Risque churn,1 - Risque élevé,545,1,228.3,228.3,7,545,0,0.0,Perdus,2
13895.0,0,Actif,0.6833382139039796,1,Risque churn,2 - Risque moyen,324,2,1415.45,707.73,67,545,1,0.5,Perdus,2
17293.0,0,Actif,0.2593543953739492,0,Va rester,3 - Risque faible,117,10,2368.47,236.85,91,545,0,0.0,Fidèles,2
17329.0,0,Actif,0.36944221172908986,0,Va rester,3 - Risque faible,124,4,724.68,181.17,73,545,0,0.0,Besoin d'Attention,2
17414.0,0,Actif,0.5669996094350729,1,Risque churn,2 - Risque moyen,232,4,1471.52,367.88,6,545,0,0.0,Sur le point de Partir,2
14755.0,0,Actif,0.08492564398036834,0,Va rester,3 - Risque faible,16,18,6824.78,379.15,184,545,5,0.2778,Champions,3
14710.0,0,Actif,0.2675351956413892,0,Va rester,3 - Risque faible,188,9,1316.46,146.27,203,545,0,0.0,Fidèles,3
16791.0,0,Actif,0.0785206623894796,0,Va rester,3 - Risque faible,22,12,2893.06,241.09,294,545,2,0.1667,Champions,3
14713.0,0,Actif,0.10010890748452227,0,Va rester,3 - Risque faible,27,16,3954.54,247.16,179,545,4,0.25,Champions,3
13154.0,1,Churné,0.48962300187289587,0,Va rester,2 - Risque moyen,208,3,1624.84,541.61,78,544,1,0.3333,Sur le point de Partir,2
16335.0,1,Churné,0.5196075326743281,1,Risque churn,2 - Risque moyen,360,7,2774.0,396.29,193,544,1,0.1429,En danger,2
13666.0,0,Actif,0.3839602325932367,0,Va rester,3 - Risque faible,96,4,107.3,26.83,15,544,0,0.0,Besoin d'Attention,2
16891.0,0,Actif,0.2492462225561951,0,Va rester,3 - Risque faible,180,7,1479.38,211.34,245,544,0,0.0,Fidèles,3
16699.0,1,Churné,0.4164718027707049,0,Va rester,2 - Risque moyen,189,7,994.6,142.09,51,544,1,0.1429,Fidèles,2
16451.0,0,Actif,0.7419804450877591,1,Risque churn,1 - Risque élevé,370,2,746.18,373.09,50,544,1,0.5,Perdus,2
15684.0,1,Churné,0.7188344704508851,1,Risque churn,1 - Risque élevé,356,3,173.95,57.98,9,544,3,1.0,En danger,2
15240.0,0,Actif,0.18438556240814463,0,Va rester,3 - Risque faible,50,9,3382.51,375.83,100,543,8,0.8889,Champions,3
15057.0,1,Churné,0.2991003440234819,0,Va rester,3 - Risque faible,84,5,3255.96,651.19,62,543,1,0.2,Champions,2
17642.0,0,Actif,0.5562845061159107,1,Risque churn,2 - Risque moyen,238,3,1112.2,370.73,58,543,0,0.0,Sur le point de Partir,2
15059.0,0,Actif,0.08515333371613325,0,Va rester,3 - Risque faible,24,14,2754.87,196.78,249,542,7,0.5,Champions,3
13782.0,0,Actif,0.1647664053377126,0,Va rester,3 - Risque faible,43,9,1243.02,138.11,141,542,1,0.1111,Champions,3
16718.0,1,Churné,0.36165971746329584,0,Va rester,3 - Risque faible,178,5,3647.53,729.51,123,542,0,0.0,Fidèles,2
14479.0,1,Churné,0.2519311029805261,0,Va rester,3 - Risque faible,62,4,1299.11,324.78,127,542,0,0.0,Potentiellement Fidèles,2
14123.0,1,Churné,0.9449242929314603,1,Risque churn,1 - Risque élevé,542,1,436.18,436.18,24,542,0,0.0,Perdus,2
16436.0,1,Churné,0.8212319463997828,1,Risque churn,1 - Risque élevé,477,3,329.34,109.78,37,542,1,0.3333,En danger,2
18077.0,0,Actif,0.16647819013020487,0,Va rester,3 - Risque faible,35,11,2584.93,234.99,95,541,0,0.0,Champions,3
14307.0,0,Actif,0.16866482302033484,0,Va rester,3 - Risque faible,28,7,3770.29,538.61,150,541,1,0.1429,Champions,3
14590.0,1,Churné,0.28203071713270456,0,Va rester,3 - Risque faible,233,20,3006.62,150.33,124,541,8,0.4,En danger,3
13393.0,1,Churné,0.7193564637543017,1,Risque churn,1 - Risque élevé,392,4,1131.45,282.86,53,541,2,0.5,En danger,2
16400.0,0,Actif,0.30174845516922655,0,Va rester,3 - Risque faible,204,8,2855.51,356.94,187,540,0,0.0,En danger,3
17978.0,1,Churné,0.44517873786246454,0,Va rester,2 - Risque moyen,174,4,1461.76,365.44,62,540,0,0.0,Besoin d'Attention,2
15031.0,0,Actif,0.15556066623749798,0,Va rester,3 - Risque faible,91,11,2639.27,239.93,205,540,2,0.1818,Champions,3
15633.0,1,Churné,0.49724622416004055,0,Va rester,2 - Risque moyen,318,13,4352.46,334.8,77,540,5,0.3846,En danger,3
14732.0,0,Actif,0.13588676367512967,0,Va rester,3 - Risque faible,29,14,3795.06,271.08,112,539,3,0.2143,Champions,3
14171.0,0,Actif,0.9494495802437766,1,Risque churn,1 - Risque élevé,539,1,135.0,135.0,6,539,0,0.0,Perdus,2
16933.0,1,Churné,0.1461728128413791,0,Va rester,3 - Risque faible,48,8,2842.75,355.34,193,539,6,0.75,Champions,3
15841.0,0,Actif,0.21867492492039292,0,Va rester,3 - Risque faible,27,7,2131.61,304.52,47,538,1,0.1429,Champions,2
14942.0,1,Churné,0.5307660062300551,1,Risque churn,2 - Risque moyen,210,4,746.56,186.64,12,538,1,0.25,Sur le point de Partir,2
16293.0,0,Actif,0.14848889947645752,0,Va rester,3 - Risque faible,16,9,3538.7,393.19,130,537,2,0.2222,Champions,3
15197.0,1,Churné,0.2891611035498317,0,Va rester,3 - Risque faible,61,5,1571.15,314.23,35,537,3,0.6,Champions,2
13415.0,1,Churné,0.5640847819787369,1,Risque churn,2 - Risque moyen,281,4,800.67,200.17,85,537,1,0.25,En danger,2
15144.0,0,Actif,0.11619001441692457,0,Va rester,3 - Risque faible,26,17,7274.89,427.93,121,535,4,0.2353,Champions,3
12843.0,0,Actif,0.08962029463722497,0,Va rester,3 - Risque faible,22,25,5513.21,220.53,105,535,3,0.12,Champions,3
16127.0,0,Actif,0.9428264557222407,1,Risque churn,1 - Risque élevé,535,1,145.06,145.06,35,535,0,0.0,Perdus,2
17066.0,1,Churné,0.9457542318839987,1,Risque churn,1 - Risque élevé,535,1,228.34,228.34,17,535,0,0.0,Perdus,2
17290.0,0,Actif,0.3976556588756066,0,Va rester,3 - Risque faible,190,6,976.2,162.7,96,535,0,0.0,Fidèles,2
15562.0,1,Churné,0.4875555507966269,0,Va rester,2 - Risque moyen,160,3,673.38,224.46,32,535,0,0.0,Besoin d'Attention,2
14466.0,0,Actif,0.2488764998675628,0,Va rester,3 - Risque faible,89,9,3410.15,378.91,73,535,0,0.0,Champions,2
14977.0,1,Churné,0.9491779078372365,1,Risque churn,1 - Risque élevé,534,1,31.93,31.93,4,534,0,0.0,Perdus,2
17825.0,1,Churné,0.7646330439028589,1,Risque churn,1 - Risque élevé,407,4,731.96,182.99,24,534,0,0.0,En danger,2
12920.0,0,Actif,0.7466103307283457,1,Risque churn,1 - Risque élevé,380,3,323.86,107.95,32,534,0,0.0,En danger,2
16713.0,0,Actif,0.034217975636364056,0,Va rester,3 - Risque faible,44,25,10249.19,409.97,410,533,7,0.28,Champions,3
12941.0,1,Churné,0.9421876508894798,1,Risque churn,1 - Risque élevé,533,1,377.49,377.49,27,533,0,0.0,Perdus,2
15070.0,1,Churné,0.5141391995692897,1,Risque churn,2 - Risque moyen,181,3,843.25,281.08,26,533,0,0.0,Besoin d'Attention,2
16308.0,0,Actif,0.2773534898669705,0,Va rester,3 - Risque faible,26,5,3520.0,704.0,1,533,0,0.0,Champions,2
15713.0,0,Actif,0.47628590268490245,0,Va rester,2 - Risque moyen,175,3,825.24,275.08,39,532,2,0.6667,Besoin d'Attention,2
16366.0,0,Actif,0.73837227185851,1,Risque churn,1 - Risque élevé,391,3,1220.83,406.94,57,532,0,0.0,En danger,2
15499.0,1,Churné,0.9408142232623103,1,Risque churn,1 - Risque élevé,532,1,161.6,161.6,40,532,0,0.0,Perdus,2
18012.0,1,Churné,0.9464557920698226,1,Risque churn,1 - Risque élevé,532,1,115.3,115.3,13,532,0,0.0,Perdus,2
13403.0,0,Actif,0.6314774480960627,1,Risque churn,2 - Risque moyen,196,2,154.5,77.25,6,532,0,0.0,Sur le point de Partir,2
17833.0,1,Churné,0.9419477694888048,1,Risque churn,1 - Risque élevé,532,1,342.36,342.36,28,532,0,0.0,Perdus,2
15222.0,1,Churné,0.2504692511371621,0,Va rester,3 - Risque faible,127,11,3550.91,322.81,98,532,6,0.5455,Fidèles,3
14329.0,0,Actif,0.12421861939374745,0,Va rester,3 - Risque faible,82,10,7037.98,703.8,265,532,9,0.9,Champions,3
16888.0,1,Churné,0.5361730548712397,1,Risque churn,2 - Risque moyen,209,3,437.15,145.72,44,510,0,0.0,Sur le point de Partir,2
16057.0,0,Actif,0.1726402845292431,0,Va rester,3 - Risque faible,20,6,2651.27,441.88,128,510,6,1.0,Champions,3
15827.0,0,Actif,0.10869015891452181,0,Va rester,3 - Risque faible,24,23,2869.67,124.77,90,509,12,0.5217,Champions,3
16027.0,0,Actif,0.20263292477527237,0,Va rester,3 - Risque faible,27,12,1630.41,135.87,14,509,3,0.25,Champions,3
17113.0,1,Churné,0.6338107594918643,1,Risque churn,2 - Risque moyen,383,6,2322.59,387.1,122,506,2,0.3333,En danger,2
17139.0,0,Actif,0.05124829263916821,0,Va rester,3 - Risque faible,19,17,13621.89,801.29,348,506,2,0.1176,Champions,3
15747.0,0,Actif,0.39781631468346756,0,Va rester,3 - Risque faible,184,6,1588.57,264.76,78,499,1,0.1667,Fidèles,2
17048.0,0,Actif,0.2738167588846031,0,Va rester,3 - Risque faible,91,6,1906.73,317.79,83,499,3,0.5,Champions,3
17220.0,0,Actif,0.08110747529155646,0,Va rester,3 - Risque faible,15,12,2748.28,229.02,277,497,0,0.0,Champions,3
13650.0,0,Actif,0.1931471236964759,0,Va rester,3 - Risque faible,16,6,2197.18,366.2,84,491,6,1.0,Champions,3
15950.0,0,Actif,0.25797130393654155,0,Va rester,3 - Risque faible,168,7,5844.02,834.86,194,491,2,0.2857,Fidèles,3
15845.0,0,Actif,0.21110450761920765,0,Va rester,3 - Risque faible,19,6,2251.67,375.28,77,491,2,0.3333,Champions,3
15766.0,0,Actif,0.6664523005240505,1,Risque churn,2 - Risque moyen,265,2,516.0,258.0,15,491,1,0.5,Sur le point de Partir,2
16051.0,1,Churné,0.9335185279259329,1,Risque churn,1 - Risque élevé,490,1,188.44,188.44,12,490,0,0.0,Perdus,2
18016.0,0,Actif,0.36991031545882674,0,Va rester,3 - Risque faible,124,4,801.65,200.41,68,490,0,0.0,Fidèles,2
15588.0,1,Churné,0.9307696500766843,1,Risque churn,1 - Risque élevé,486,1,579.6,579.6,4,486,0,0.0,Perdus,2
15338.0,1,Churné,0.9202031775420135,1,Risque churn,1 - Risque élevé,486,1,283.43,283.43,56,486,0,0.0,Perdus,2
15317.0,1,Churné,0.9254238744762143,1,Risque churn,1 - Risque élevé,486,1,129.75,129.75,5,486,1,1.0,Perdus,2
13511.0,1,Churné,0.9236390789008767,1,Risque churn,1 - Risque élevé,485,1,282.76,282.76,5,485,1,1.0,Perdus,2
13584.0,1,Churné,0.3764049175173818,0,Va rester,3 - Risque faible,115,3,392.45,130.82,74,484,2,0.6667,Besoin d'Attention,2
16225.0,0,Actif,0.17859906332050218,0,Va rester,3 - Risque faible,86,12,2187.7,182.31,149,479,3,0.25,Champions,3
16078.0,1,Churné,0.4831957739329262,0,Va rester,2 - Risque moyen,92,2,362.99,181.5,39,478,0,0.0,Potentiellement Fidèles,2
13293.0,1,Churné,0.45154071075788454,0,Va rester,2 - Risque moyen,201,6,1192.94,198.82,51,477,1,0.1667,En danger,2
13985.0,0,Actif,0.17693594538098897,0,Va rester,3 - Risque faible,23,9,3601.53,400.17,85,477,1,0.1111,Champions,3
16577.0,1,Churné,0.9238516994169929,1,Risque churn,1 - Risque élevé,475,1,380.0,380.0,23,475,0,0.0,Perdus,2
15504.0,0,Actif,0.6813947927044428,1,Risque churn,2 - Risque moyen,329,3,371.02,123.67,33,474,1,0.3333,En danger,2
13875.0,0,Actif,0.17258688328099261,0,Va rester,3 - Risque faible,66,11,3711.26,337.39,126,531,0,0.0,Champions,3
17103.0,1,Churné,0.9402293540874171,1,Risque churn,1 - Risque élevé,531,1,424.3,424.3,32,531,0,0.0,Perdus,2
15270.0,0,Actif,0.14691132153496325,0,Va rester,3 - Risque faible,47,18,7459.12,414.4,65,531,9,0.5,Champions,3
16772.0,1,Churné,0.5218268664384976,1,Risque churn,2 - Risque moyen,232,3,3723.55,1241.18,54,530,2,0.6667,Sur le point de Partir,2
16222.0,1,Churné,0.43649947222968105,0,Va rester,2 - Risque moyen,127,2,1345.22,672.61,133,530,0,0.0,Besoin d'Attention,2
14949.0,1,Churné,0.6101093944694526,1,Risque churn,2 - Risque moyen,278,4,515.0,128.75,16,530,2,0.5,En danger,2
17324.0,0,Actif,0.2906252587462898,0,Va rester,3 - Risque faible,140,10,2013.87,201.39,85,530,1,0.1,Fidèles,2
14480.0,1,Churné,0.5235799203872238,1,Risque churn,2 - Risque moyen,211,3,1020.47,340.16,43,527,1,0.3333,Sur le point de Partir,2
14151.0,1,Churné,0.8216522135111168,1,Risque churn,1 - Risque élevé,482,2,679.45,339.73,44,525,1,0.5,Perdus,2
16875.0,0,Actif,0.235328238176564,0,Va rester,3 - Risque faible,105,9,2944.09,327.12,115,512,7,0.7778,Fidèles,3
13901.0,0,Actif,0.14584917359147812,0,Va rester,3 - Risque faible,65,12,3457.44,288.12,178,512,5,0.4167,Champions,3
18171.0,0,Actif,0.24493078198220528,0,Va rester,3 - Risque faible,47,6,1670.59,278.43,58,512,1,0.1667,Champions,2
13338.0,0,Actif,0.6144187142698343,1,Risque churn,2 - Risque moyen,350,3,1958.6,652.87,101,512,4,1.3333,En danger,2
17945.0,1,Churné,0.8282758208891439,1,Risque churn,1 - Risque élevé,505,3,360.35,120.12,66,505,0,0.0,En danger,2
17352.0,1,Churné,0.9409318523225584,1,Risque churn,1 - Risque élevé,505,1,36.25,36.25,5,505,0,0.0,Perdus,2
16585.0,1,Churné,0.7980110692770344,1,Risque churn,1 - Risque élevé,402,2,341.59,170.8,16,504,0,0.0,Perdus,2
17496.0,1,Churné,0.4263925576469485,0,Va rester,2 - Risque moyen,167,4,1412.89,353.22,54,503,1,0.25,Fidèles,2
13233.0,0,Actif,0.44205519846246766,0,Va rester,2 - Risque moyen,145,3,875.58,291.86,49,503,0,0.0,Besoin d'Attention,2
15359.0,1,Churné,0.7998240139971432,1,Risque churn,1 - Risque élevé,471,8,181.35,22.67,10,502,1,0.125,En danger,2
18106.0,1,Churné,0.30530330556772944,0,Va rester,3 - Risque faible,138,6,1461.46,243.58,126,502,0,0.0,Fidèles,2
12860.0,1,Churné,0.9375479969187479,1,Risque churn,1 - Risque élevé,502,1,55.47,55.47,16,502,0,0.0,Perdus,2
13869.0,0,Actif,0.07293892914508307,0,Va rester,3 - Risque faible,71,9,6591.58,732.4,425,500,0,0.0,Champions,3
13616.0,1,Churné,0.7677191281373801,1,Risque churn,1 - Risque élevé,377,2,288.1,144.05,31,500,0,0.0,Perdus,2
14854.0,0,Actif,0.19104341585791942,0,Va rester,3 - Risque faible,36,7,2754.36,393.48,110,495,2,0.2857,Champions,3
17618.0,1,Churné,0.1406291722452888,0,Va rester,3 - Risque faible,57,10,3768.44,376.84,196,493,2,0.2,Champions,3
13209.0,0,Actif,0.16181149556621016,0,Va rester,3 - Risque faible,36,8,4980.34,622.54,170,493,2,0.25,Champions,3
14986.0,1,Churné,0.5337332726419073,1,Risque churn,2 - Risque moyen,185,2,566.9,283.45,87,493,0,0.0,Besoin d'Attention,2
18199.0,1,Churné,0.9217558758172097,1,Risque churn,1 - Risque élevé,492,1,344.75,344.75,20,492,1,1.0,Perdus,2
17695.0,0,Actif,0.532705265258497,1,Risque churn,2 - Risque moyen,203,3,980.7,326.9,20,489,1,0.3333,Sur le point de Partir,2
13820.0,1,Churné,0.5153669166224617,1,Risque churn,2 - Risque moyen,227,3,660.65,220.22,68,489,2,0.6667,Sur le point de Partir,2
13615.0,1,Churné,0.1770490135538152,0,Va rester,3 - Risque faible,127,8,6272.53,784.07,259,489,4,0.5,Fidèles,3
15192.0,0,Actif,0.49218568713983585,0,Va rester,2 - Risque moyen,174,3,1252.07,417.36,40,488,0,0.0,Besoin d'Attention,2
13480.0,1,Churné,0.6271729547543945,1,Risque churn,2 - Risque moyen,225,2,627.82,313.91,40,488,0,0.0,Sur le point de Partir,2
15251.0,0,Actif,0.1320401980368566,0,Va rester,3 - Risque faible,19,12,13935.27,1161.27,137,488,7,0.5833,Champions,3
16673.0,1,Churné,0.9312068009840081,1,Risque churn,1 - Risque élevé,488,1,188.83,188.83,19,488,0,0.0,Perdus,2
17876.0,1,Churné,0.5662094309187646,1,Risque churn,2 - Risque moyen,208,3,3424.02,1141.34,3,484,0,0.0,Sur le point de Partir,2
13975.0,0,Actif,0.08065784981175511,0,Va rester,3 - Risque faible,24,8,3794.17,474.27,345,484,2,0.25,Champions,3
15321.0,0,Actif,0.17232840768870428,0,Va rester,3 - Risque faible,100,10,5120.89,512.09,206,483,5,0.5,Fidèles,3
14399.0,1,Churné,0.36226540150466807,0,Va rester,3 - Risque faible,203,8,2113.16,264.15,119,483,1,0.125,En danger,2
18101.0,0,Actif,0.4837325761400509,0,Va rester,2 - Risque moyen,183,3,405.51,135.17,62,483,0,0.0,Besoin d'Attention,2
13619.0,1,Churné,0.7389074923382147,1,Risque churn,1 - Risque élevé,353,2,231.69,115.85,39,483,0,0.0,Perdus,2
14545.0,1,Churné,0.9270777176873891,1,Risque churn,1 - Risque élevé,483,1,349.25,349.25,23,483,0,0.0,Perdus,2
15365.0,0,Actif,0.31436659619248186,0,Va rester,3 - Risque faible,124,7,2451.42,350.2,87,482,0,0.0,Fidèles,2
15580.0,1,Churné,0.3127478824114676,0,Va rester,3 - Risque faible,185,8,1381.19,172.65,150,479,6,0.75,Fidèles,3
13421.0,0,Actif,0.22351066625383403,0,Va rester,3 - Risque faible,99,7,3077.08,439.58,157,472,3,0.4286,Fidèles,3
14909.0,1,Churné,0.5475638491514166,1,Risque churn,2 - Risque moyen,246,3,1404.68,468.23,61,472,2,0.6667,Sur le point de Partir,2
16330.0,0,Actif,0.518873473995167,1,Risque churn,2 - Risque moyen,233,4,382.42,95.6,71,471,0,0.0,En danger,2
16544.0,1,Churné,0.6812557860663372,1,Risque churn,2 - Risque moyen,328,4,376.7,94.18,8,471,2,0.5,En danger,2
16860.0,1,Churné,0.5885802137758985,1,Risque churn,2 - Risque moyen,261,3,1610.62,536.87,35,471,1,0.3333,Sur le point de Partir,2
17442.0,0,Actif,0.14225413837578693,0,Va rester,3 - Risque faible,29,11,3186.57,289.69,145,471,6,0.5455,Champions,3
14989.0,1,Churné,0.9236267329046046,1,Risque churn,1 - Risque élevé,470,1,342.4,342.4,18,470,0,0.0,Perdus,2
16774.0,0,Actif,0.5208736435261888,1,Risque churn,2 - Risque moyen,232,4,932.93,233.23,60,470,0,0.0,En danger,2
14276.0,0,Actif,0.3162447358504172,0,Va rester,3 - Risque faible,98,5,1324.14,264.83,50,469,5,1.0,Fidèles,3
17426.0,0,Actif,0.21327734343706967,0,Va rester,3 - Risque faible,91,8,4234.39,529.3,151,469,3,0.375,Champions,3
12898.0,1,Churné,0.6707166803583423,1,Risque churn,2 - Risque moyen,272,2,310.96,155.48,27,468,0,0.0,Sur le point de Partir,2
17763.0,1,Churné,0.3526843568350287,0,Va rester,3 - Risque faible,72,4,86.15,21.54,11,468,1,0.25,Champions,2
18153.0,1,Churné,0.9240315307377304,1,Risque churn,1 - Risque élevé,468,1,246.22,246.22,17,468,0,0.0,Perdus,2
14686.0,1,Churné,0.3762225533696944,0,Va rester,3 - Risque faible,223,5,885.83,177.17,185,468,1,0.2,En danger,2
13957.0,1,Churné,0.5761134658102047,1,Risque churn,2 - Risque moyen,226,3,458.25,152.75,21,467,0,0.0,Sur le point de Partir,2
13662.0,0,Actif,0.16062130778082978,0,Va rester,3 - Risque faible,21,10,1885.29,188.53,109,467,4,0.4,Champions,3
12945.0,1,Churné,0.46079568960888895,0,Va rester,2 - Risque moyen,97,2,900.11,450.06,47,465,0,0.0,Besoin d'Attention,2
15673.0,0,Actif,0.15804739034113055,0,Va rester,3 - Risque faible,23,7,5319.5,759.93,147,464,1,0.1429,Champions,3
17358.0,1,Churné,0.29064685490267644,0,Va rester,3 - Risque faible,112,5,866.05,173.21,126,462,0,0.0,Fidèles,2
13240.0,0,Actif,0.2158072805754339,0,Va rester,3 - Risque faible,66,6,1517.28,252.88,147,461,1,0.1667,Champions,3
14770.0,1,Churné,0.16786064779789958,0,Va rester,3 - Risque faible,41,8,3637.64,454.71,152,461,1,0.125,Champions,3
17011.0,0,Actif,0.821671961981762,1,Risque churn,1 - Risque élevé,456,2,400.8,200.4,12,460,1,0.5,Perdus,2
13598.0,0,Actif,0.6315178184648913,1,Risque churn,2 - Risque moyen,304,4,609.42,152.35,46,460,0,0.0,En danger,2
14177.0,0,Actif,0.34723691571297227,0,Va rester,3 - Risque faible,190,9,1669.93,185.55,118,460,0,0.0,Fidèles,2
16913.0,1,Churné,0.42062255219932465,0,Va rester,2 - Risque moyen,99,3,423.91,141.3,18,460,0,0.0,Besoin d'Attention,2
15477.0,1,Churné,0.923044591541536,1,Risque churn,1 - Risque élevé,458,1,368.4,368.4,2,458,0,0.0,Perdus,2
14807.0,1,Churné,0.5902559306503754,1,Risque churn,2 - Risque moyen,199,2,519.29,259.65,37,458,0,0.0,Sur le point de Partir,2
18046.0,1,Churné,0.918278943889074,1,Risque churn,1 - Risque élevé,458,1,189.63,189.63,26,458,0,0.0,Perdus,2
15990.0,0,Actif,0.27940883268558336,0,Va rester,3 - Risque faible,96,6,1619.31,269.89,95,458,0,0.0,Fidèles,2
16939.0,1,Churné,0.6456349230631659,1,Risque churn,2 - Risque moyen,297,3,449.0,149.67,38,458,0,0.0,En danger,2
16283.0,0,Actif,0.11360293806075544,0,Va rester,3 - Risque faible,17,4,3110.82,777.7,312,458,2,0.5,Champions,3
14798.0,0,Actif,0.3642126946182657,0,Va rester,3 - Risque faible,119,6,626.25,104.38,26,457,1,0.1667,Fidèles,2
17359.0,1,Churné,0.9190370738709387,1,Risque churn,1 - Risque élevé,457,1,156.6,156.6,23,457,0,0.0,Perdus,2
14818.0,0,Actif,0.303867840643108,0,Va rester,3 - Risque faible,62,4,630.86,157.71,62,456,0,0.0,Champions,2
16947.0,1,Churné,0.2632950197370843,0,Va rester,3 - Risque faible,44,5,955.21,191.04,50,455,5,1.0,Champions,3
18148.0,1,Churné,0.9224526241279595,1,Risque churn,1 - Risque élevé,455,1,114.1,114.1,9,455,0,0.0,Perdus,2
14018.0,1,Churné,0.9185279266701105,1,Risque churn,1 - Risque élevé,454,1,367.15,367.15,13,454,0,0.0,Perdus,2
17190.0,0,Actif,0.17170182535835662,0,Va rester,3 - Risque faible,16,6,1493.3,248.88,144,453,0,0.0,Champions,3
14205.0,0,Actif,0.2447698781883319,0,Va rester,3 - Risque faible,73,8,2170.4,271.3,70,451,2,0.25,Champions,3
17158.0,0,Actif,0.2698285724330308,0,Va rester,3 - Risque faible,41,4,1411.58,352.9,61,451,1,0.25,Champions,2
17289.0,0,Actif,0.35956586926986384,0,Va rester,3 - Risque faible,185,6,1134.98,189.16,130,450,1,0.1667,Fidèles,2
13454.0,1,Churné,0.915567888614972,1,Risque churn,1 - Risque élevé,450,1,219.87,219.87,23,450,0,0.0,Perdus,2
17266.0,0,Actif,0.6896224172891671,1,Risque churn,2 - Risque moyen,308,2,207.09,103.55,43,449,0,0.0,Perdus,2
14924.0,1,Churné,0.3439518577168316,0,Va rester,3 - Risque faible,54,3,931.01,310.34,30,448,0,0.0,Potentiellement Fidèles,2
14060.0,0,Actif,0.11287611929270298,0,Va rester,3 - Risque faible,14,21,6335.76,301.7,72,447,1,0.0476,Champions,3
14745.0,0,Actif,0.2912139675698161,0,Va rester,3 - Risque faible,94,8,1592.15,199.02,43,446,5,0.625,Fidèles,3
17228.0,0,Actif,0.15323124899458448,0,Va rester,3 - Risque faible,16,9,1958.73,217.64,132,446,0,0.0,Champions,3
14315.0,0,Actif,0.3482671378529527,0,Va rester,3 - Risque faible,75,3,1247.09,415.7,46,443,1,0.3333,Potentiellement Fidèles,2
17479.0,1,Churné,0.9114658553839567,1,Risque churn,1 - Risque élevé,441,1,389.26,389.26,18,441,0,0.0,Perdus,2
13275.0,1,Churné,0.5709045303107897,1,Risque churn,2 - Risque moyen,192,2,241.66,120.83,48,441,0,0.0,Besoin d'Attention,2
14651.0,0,Actif,0.13959661048800232,0,Va rester,3 - Risque faible,20,8,1795.84,224.48,185,440,0,0.0,Champions,3
16303.0,0,Actif,0.3427513153982616,0,Va rester,3 - Risque faible,142,5,3394.82,678.96,82,440,1,0.2,Fidèles,2
16716.0,1,Churné,0.3963666814701994,0,Va rester,3 - Risque faible,75,3,2149.68,716.56,7,439,1,0.3333,Potentiellement Fidèles,2
17673.0,0,Actif,0.1746934139690213,0,Va rester,3 - Risque faible,75,9,3384.52,376.06,176,439,1,0.1111,Champions,3
18085.0,1,Churné,0.41002943880168885,0,Va rester,2 - Risque moyen,139,4,1645.75,411.44,42,437,0,0.0,Fidèles,2
16039.0,1,Churné,0.6139093514724341,1,Risque churn,2 - Risque moyen,232,2,456.4,228.2,27,437,1,0.5,Sur le point de Partir,2
13151.0,1,Churné,0.3099255784559228,0,Va rester,3 - Risque faible,104,3,2580.74,860.25,131,436,2,0.6667,Besoin d'Attention,2
16441.0,0,Actif,0.34338109936443584,0,Va rester,3 - Risque faible,100,4,864.23,216.06,60,436,1,0.25,Fidèles,2
13706.0,1,Churné,0.4813002580553327,0,Va rester,2 - Risque moyen,111,2,631.17,315.58,38,435,0,0.0,Besoin d'Attention,2
12918.0,1,Churné,0.6666544150208968,1,Risque churn,2 - Risque moyen,435,1,10953.5,10953.5,1,435,2,2.0,Perdus,3
14729.0,1,Churné,0.43219732133854427,0,Va rester,2 - Risque moyen,182,3,907.38,302.46,126,434,0,0.0,Besoin d'Attention,2
15447.0,1,Churné,0.4049300380865773,0,Va rester,2 - Risque moyen,139,5,492.88,98.58,27,434,1,0.2,Fidèles,2
13285.0,0,Actif,0.23401565399677854,0,Va rester,3 - Risque faible,35,4,1828.74,457.18,112,433,0,0.0,Champions,2
14013.0,0,Actif,0.37763997969016705,0,Va rester,3 - Risque faible,84,3,730.05,243.35,35,432,1,0.3333,Potentiellement Fidèles,2
15789.0,1,Churné,0.35205465638294137,0,Va rester,3 - Risque faible,167,6,1962.01,327.0,110,432,1,0.1667,Fidèles,2
16493.0,0,Actif,0.32888799026241494,0,Va rester,3 - Risque faible,94,5,1148.26,229.65,54,432,0,0.0,Fidèles,2
14074.0,1,Churné,0.9129779177948409,1,Risque churn,1 - Risque élevé,432,1,219.4,219.4,6,432,0,0.0,Perdus,2
16807.0,0,Actif,0.21092884358125977,0,Va rester,3 - Risque faible,24,5,1654.12,330.82,94,432,2,0.4,Champions,3
15289.0,0,Actif,0.3322693325335277,0,Va rester,3 - Risque faible,58,3,1028.76,342.92,45,430,1,0.3333,Potentiellement Fidèles,2
14378.0,1,Churné,0.9121698341049991,1,Risque churn,1 - Risque élevé,430,1,131.25,131.25,9,430,0,0.0,Perdus,2
17994.0,0,Actif,0.16679057755470922,0,Va rester,3 - Risque faible,82,9,1963.98,218.22,212,429,2,0.2222,Champions,3
15216.0,0,Actif,0.9039652460327166,1,Risque churn,1 - Risque élevé,427,1,389.49,389.49,22,427,0,0.0,Perdus,2
13803.0,1,Churné,0.3159308192265881,0,Va rester,3 - Risque faible,64,3,1338.91,446.3,73,427,1,0.3333,Potentiellement Fidèles,2
13059.0,1,Churné,0.16884785901615437,0,Va rester,3 - Risque faible,58,10,2303.17,230.32,155,427,2,0.2,Champions,3
16845.0,1,Churné,0.9061435317286274,1,Risque churn,1 - Risque élevé,427,1,253.88,253.88,20,427,0,0.0,Perdus,2
16377.0,1,Churné,0.45971582199492883,0,Va rester,2 - Risque moyen,76,2,1308.48,654.24,6,426,0,0.0,Potentiellement Fidèles,2
13939.0,0,Actif,0.34531140527565435,0,Va rester,3 - Risque faible,120,5,1176.91,235.38,62,421,3,0.6,Fidèles,2
13710.0,0,Actif,0.6420551355648123,1,Risque churn,2 - Risque moyen,232,2,329.04,164.52,7,421,0,0.0,Sur le point de Partir,2
13432.0,1,Churné,0.7079638340500547,1,Risque churn,1 - Risque élevé,380,2,439.1,219.55,98,421,0,0.0,Perdus,2
13632.0,0,Actif,0.2224223026028878,0,Va rester,3 - Risque faible,42,5,2139.91,427.98,110,420,1,0.2,Champions,2
17497.0,1,Churné,0.6087874887109312,1,Risque churn,2 - Risque moyen,199,2,287.25,143.63,7,419,0,0.0,Sur le point de Partir,2
14533.0,0,Actif,0.4172800368849944,0,Va rester,2 - Risque moyen,161,5,1950.15,390.03,32,419,2,0.4,Fidèles,2
15613.0,1,Churné,0.8979818904157479,1,Risque churn,1 - Risque élevé,419,1,433.72,433.72,27,419,0,0.0,Perdus,2
14114.0,1,Churné,0.2715198236864507,0,Va rester,3 - Risque faible,82,7,1364.09,194.87,72,415,0,0.0,Champions,0
15982.0,1,Churné,0.8905207971897801,1,Risque churn,1 - Risque élevé,414,1,324.51,324.51,45,414,0,0.0,Perdus,2
14998.0,0,Actif,0.3007858214431765,0,Va rester,3 - Risque faible,50,3,524.5,174.83,85,414,0,0.0,Potentiellement Fidèles,2
17039.0,1,Churné,0.8674651540767783,1,Risque churn,1 - Risque élevé,413,1,1954.99,1954.99,44,413,0,0.0,Perdus,2
16105.0,1,Churné,0.25060107768150236,0,Va rester,3 - Risque faible,57,5,2386.19,477.24,92,413,0,0.0,Champions,2
13388.0,0,Actif,0.8910779019493609,1,Risque churn,1 - Risque élevé,412,1,508.55,508.55,34,412,0,0.0,Perdus,2
13414.0,0,Actif,0.3758604538364277,0,Va rester,3 - Risque faible,105,4,1493.64,373.41,27,412,1,0.25,Fidèles,2
16094.0,0,Actif,0.18943189508343583,0,Va rester,3 - Risque faible,28,8,2869.43,358.68,81,411,8,1.0,Champions,3
17842.0,1,Churné,0.8971578458908843,1,Risque churn,1 - Risque élevé,411,1,430.69,430.69,18,411,0,0.0,Perdus,2
15972.0,1,Churné,0.5121409183902963,1,Risque churn,2 - Risque moyen,265,5,1810.27,362.05,104,409,0,0.0,En danger,2
17041.0,0,Actif,0.4377075542634364,0,Va rester,2 - Risque moyen,169,4,909.21,227.3,58,409,1,0.25,Fidèles,2
13286.0,1,Churné,0.8819868262990064,1,Risque churn,1 - Risque élevé,409,1,734.91,734.91,46,409,0,0.0,Perdus,2
17540.0,0,Actif,0.3838710783385899,0,Va rester,3 - Risque faible,125,5,1280.5,256.1,35,408,0,0.0,Fidèles,2
14812.0,1,Churné,0.8919096313578591,1,Risque churn,1 - Risque élevé,407,1,185.8,185.8,36,407,0,0.0,Perdus,2
17622.0,1,Churné,0.7674893858711068,1,Risque churn,1 - Risque élevé,406,2,1130.21,565.1,19,407,1,0.5,Perdus,2
15455.0,1,Churné,0.9046970281827489,1,Risque churn,1 - Risque élevé,406,1,38.25,38.25,2,406,0,0.0,Perdus,2
13461.0,0,Actif,0.5614470049052526,1,Risque churn,2 - Risque moyen,216,3,2715.0,905.0,25,406,2,0.6667,Sur le point de Partir,2
15600.0,1,Churné,0.5240505713630998,1,Risque churn,2 - Risque moyen,237,4,1199.31,299.83,55,402,1,0.25,En danger,2
12844.0,0,Actif,0.6236148675695247,1,Risque churn,2 - Risque moyen,251,2,322.64,161.32,43,402,0,0.0,Sur le point de Partir,2
13863.0,1,Churné,0.28161027337709926,0,Va rester,3 - Risque faible,56,4,1239.55,309.89,59,402,2,0.5,Champions,2
14999.0,1,Churné,0.8989711983754292,1,Risque churn,1 - Risque élevé,401,1,129.48,129.48,9,401,0,0.0,Perdus,2
15111.0,0,Actif,0.4745296185411624,0,Va rester,2 - Risque moyen,181,3,1451.89,483.96,60,401,0,0.0,Besoin d'Attention,2
14552.0,0,Actif,0.5213090860329098,1,Risque churn,2 - Risque moyen,189,2,346.21,173.1,80,401,0,0.0,Besoin d'Attention,2
17959.0,1,Churné,0.9011695122809468,1,Risque churn,1 - Risque élevé,401,1,140.75,140.75,2,401,0,0.0,Perdus,2
13655.0,0,Actif,0.25701015027988744,0,Va rester,3 - Risque faible,50,5,1731.19,346.24,73,400,2,0.4,Champions,2
16117.0,0,Actif,0.5657953832015266,1,Risque churn,2 - Risque moyen,211,2,422.19,211.1,46,400,1,0.5,Sur le point de Partir,2
17635.0,1,Churné,0.5305638679120626,1,Risque churn,2 - Risque moyen,233,3,1265.58,421.86,60,399,1,0.3333,Sur le point de Partir,2
17491.0,0,Actif,0.22878455259799713,0,Va rester,3 - Risque faible,69,10,3612.06,361.21,70,399,0,0.0,Champions,0
16384.0,0,Actif,0.3290793130139428,0,Va rester,3 - Risque faible,72,3,1183.55,394.52,71,399,0,0.0,Potentiellement Fidèles,2
15253.0,0,Actif,0.49048167868513187,0,Va rester,2 - Risque moyen,212,3,1136.89,378.96,58,395,3,1.0,Sur le point de Partir,2
15183.0,1,Churné,0.705241573827538,1,Risque churn,1 - Risque élevé,356,3,639.93,213.31,33,393,1,0.3333,En danger,2
16526.0,0,Actif,0.8872592377646846,1,Risque churn,1 - Risque élevé,393,1,426.85,426.85,20,393,0,0.0,Perdus,2
14437.0,1,Churné,0.4480884891887316,0,Va rester,2 - Risque moyen,174,5,958.84,191.77,34,392,1,0.2,Fidèles,2
13713.0,1,Churné,0.5149092447994886,1,Risque churn,2 - Risque moyen,217,3,743.26,247.75,70,392,0,0.0,Sur le point de Partir,2
13400.0,1,Churné,0.8722113784199749,1,Risque churn,1 - Risque élevé,391,1,310.83,310.83,23,391,1,1.0,Perdus,2
16632.0,1,Churné,0.6763101521747049,1,Risque churn,2 - Risque moyen,294,2,406.4,203.2,22,390,0,0.0,Perdus,2
15661.0,1,Churné,0.3529706457162962,0,Va rester,3 - Risque faible,126,8,1215.95,151.99,27,387,0,0.0,Fidèles,0
17077.0,1,Churné,0.8925823152603788,1,Risque churn,1 - Risque élevé,387,1,306.0,306.0,1,387,0,0.0,Perdus,2
13695.0,0,Actif,0.2795122822335547,0,Va rester,3 - Risque faible,22,5,552.08,110.42,14,386,0,0.0,Champions,0
16993.0,1,Churné,0.6377712156138778,1,Risque churn,2 - Risque moyen,272,2,1950.95,975.48,19,385,1,0.5,Sur le point de Partir,2
13220.0,0,Actif,0.31209326245476,0,Va rester,3 - Risque faible,28,3,1076.49,358.83,43,384,0,0.0,Potentiellement Fidèles,2
18197.0,1,Churné,0.8749915076239752,1,Risque churn,1 - Risque élevé,384,1,230.1,230.1,9,384,1,1.0,Perdus,2
12745.0,1,Churné,0.6794513320855468,1,Risque churn,2 - Risque moyen,295,2,723.85,361.92,20,383,0,0.0,Perdus,2
14283.0,1,Churné,0.5977506116555844,1,Risque churn,2 - Risque moyen,272,4,628.44,157.11,36,378,0,0.0,En danger,2
16564.0,1,Churné,0.8892790464439075,1,Risque churn,1 - Risque élevé,378,1,87.8,87.8,5,378,0,0.0,Perdus,2
16604.0,1,Churné,0.7440122519353964,1,Risque churn,1 - Risque élevé,371,2,432.45,216.23,10,377,1,0.5,Perdus,2
17785.0,0,Actif,0.6236161305381704,1,Risque churn,2 - Risque moyen,254,2,271.44,135.72,38,374,0,0.0,Sur le point de Partir,2
18060.0,1,Churné,0.5458897479763773,1,Risque churn,2 - Risque moyen,217,2,1185.46,592.73,74,373,0,0.0,Sur le point de Partir,2
16974.0,1,Churné,0.7263401052607366,1,Risque churn,1 - Risque élevé,331,2,365.5,182.75,5,373,0,0.0,Perdus,2
15900.0,0,Actif,0.5147178485212272,1,Risque churn,2 - Risque moyen,222,3,549.29,183.1,68,371,1,0.3333,Sur le point de Partir,2
13920.0,1,Churné,0.5002250595907708,1,Risque churn,2 - Risque moyen,240,4,1774.68,443.67,81,371,1,0.25,En danger,2
17499.0,1,Churné,0.40092443719965376,0,Va rester,2 - Risque moyen,98,2,1341.39,670.7,66,370,1,0.5,Besoin d'Attention,2
16234.0,1,Churné,0.6411663577650097,1,Risque churn,2 - Risque moyen,285,3,333.18,111.06,13,370,1,0.3333,En danger,2
15985.0,0,Actif,0.26578531248965964,0,Va rester,3 - Risque faible,45,6,2472.44,412.07,48,370,0,0.0,Champions,0
16218.0,0,Actif,0.18750969743294807,0,Va rester,3 - Risque faible,15,10,3084.05,308.41,68,370,5,0.5,Champions,3
15400.0,0,Actif,0.3740821760833136,0,Va rester,3 - Risque faible,87,4,932.2,233.05,13,369,0,0.0,Champions,0
13602.0,0,Actif,0.5180144518211556,1,Risque churn,2 - Risque moyen,190,3,596.28,198.76,29,369,0,0.0,Besoin d'Attention,2
16035.0,1,Churné,0.8764126575644577,1,Risque churn,1 - Risque élevé,369,1,217.73,217.73,21,369,0,0.0,Perdus,2
14902.0,0,Actif,0.55219998018759,1,Risque churn,2 - Risque moyen,204,2,702.96,351.48,34,362,1,0.5,Sur le point de Partir,2
15471.0,1,Churné,0.5268858698322041,1,Risque churn,2 - Risque moyen,189,2,847.08,423.54,67,359,0,0.0,Besoin d'Attention,2
18100.0,1,Churné,0.8630939649371466,1,Risque churn,1 - Risque élevé,359,1,451.56,451.56,30,359,0,0.0,Perdus,2
14180.0,0,Actif,0.10087834805335534,0,Va rester,3 - Risque faible,14,23,4855.2,211.1,108,357,9,0.3913,Champions,3
13065.0,1,Churné,0.4435438012755077,0,Va rester,2 - Risque moyen,182,5,1260.91,252.18,49,356,1,0.2,Fidèles,0
15207.0,1,Churné,0.558760308198222,1,Risque churn,2 - Risque moyen,225,3,683.92,227.97,19,356,2,0.6667,Sur le point de Partir,2
16547.0,1,Churné,0.8679966393934513,1,Risque churn,1 - Risque élevé,355,1,111.71,111.71,25,355,0,0.0,Perdus,2
17749.0,0,Actif,0.4072994435461719,0,Va rester,2 - Risque moyen,65,2,720.67,360.34,41,355,0,0.0,Potentiellement Fidèles,2
14255.0,1,Churné,0.8095085588824018,1,Risque churn,1 - Risque élevé,355,1,1000.63,1000.63,1,355,3,3.0,Perdus,2
13745.0,0,Actif,0.8424820030565892,1,Risque churn,1 - Risque élevé,355,1,477.32,477.32,31,355,1,1.0,Perdus,2
16622.0,1,Churné,0.8537742806461378,1,Risque churn,1 - Risque élevé,352,1,225.4,225.4,12,352,1,1.0,Perdus,2
16007.0,0,Actif,0.15544303302552323,0,Va rester,3 - Risque faible,24,4,1742.95,435.74,230,352,0,0.0,Champions,3
13277.0,0,Actif,0.5395294832883947,1,Risque churn,2 - Risque moyen,189,3,264.9,88.3,7,348,0,0.0,Besoin d'Attention,2
16155.0,1,Churné,0.4614496275522929,0,Va rester,2 - Risque moyen,190,5,796.9,159.38,45,348,1,0.2,Fidèles,0
14919.0,1,Churné,0.8650270893820176,1,Risque churn,1 - Risque élevé,348,1,359.35,359.35,13,348,0,0.0,Perdus,2
16503.0,0,Actif,0.14131210291871138,0,Va rester,3 - Risque faible,23,10,3275.8,327.58,157,345,2,0.2,Champions,3
14874.0,1,Churné,0.8692606416156958,1,Risque churn,1 - Risque élevé,344,1,116.18,116.18,6,344,0,0.0,Perdus,2
16680.0,0,Actif,0.7221189116245768,1,Risque churn,1 - Risque élevé,337,2,637.75,318.88,16,343,0,0.0,Perdus,2
16825.0,0,Actif,0.500240396862102,1,Risque churn,2 - Risque moyen,187,3,1051.71,350.57,32,343,0,0.0,Besoin d'Attention,2
15043.0,0,Actif,0.5729729323032515,1,Risque churn,2 - Risque moyen,272,5,2336.8,467.36,39,342,0,0.0,En danger,0
16733.0,1,Churné,0.8607094279557025,1,Risque churn,1 - Risque élevé,338,1,259.68,259.68,12,338,0,0.0,Perdus,2
17437.0,1,Churné,0.8399683280660877,1,Risque churn,1 - Risque élevé,338,1,373.17,373.17,52,338,0,0.0,Perdus,2
13859.0,1,Churné,0.49137599172016544,0,Va rester,2 - Risque moyen,135,2,515.86,257.93,34,338,0,0.0,Besoin d'Attention,2
18137.0,1,Churné,0.7340479748867631,1,Risque churn,1 - Risque élevé,360,2,145.99,73.0,26,360,0,0.0,Perdus,2
14615.0,1,Churné,0.48489510853660955,0,Va rester,2 - Risque moyen,203,5,951.76,190.35,40,357,1,0.2,En danger,0
14398.0,1,Churné,0.5562366015189174,1,Risque churn,2 - Risque moyen,210,2,707.79,353.9,50,336,0,0.0,Sur le point de Partir,2
17239.0,1,Churné,0.39842022485382017,0,Va rester,3 - Risque faible,121,4,1189.45,297.36,18,335,2,0.5,Fidèles,0
13292.0,0,Actif,0.3533304292051307,0,Va rester,3 - Risque faible,93,4,665.14,166.28,41,335,1,0.25,Fidèles,0
18217.0,0,Actif,0.6871376465174773,1,Risque churn,2 - Risque moyen,322,2,323.29,161.65,7,335,2,1.0,Perdus,2
14963.0,0,Actif,0.30471718975545875,0,Va rester,3 - Risque faible,188,7,1676.68,239.53,193,334,1,0.1429,Fidèles,3
17901.0,0,Actif,0.7177413768663111,1,Risque churn,1 - Risque élevé,330,2,149.7,74.85,3,330,0,0.0,Perdus,0
15127.0,0,Actif,0.8534374879309008,1,Risque churn,1 - Risque élevé,328,1,304.97,304.97,12,328,0,0.0,Perdus,2
16049.0,0,Actif,0.37433151979455087,0,Va rester,3 - Risque faible,184,3,787.89,262.63,175,325,0,0.0,Besoin d'Attention,0
14248.0,1,Churné,0.41822432793430725,0,Va rester,2 - Risque moyen,127,3,1032.95,344.32,41,324,0,0.0,Besoin d'Attention,0
17968.0,1,Churné,0.4226401392871181,0,Va rester,2 - Risque moyen,182,4,888.04,222.01,106,321,0,0.0,Fidèles,0
17470.0,0,Actif,0.18998956179571666,0,Va rester,3 - Risque faible,26,9,2302.91,255.88,89,317,0,0.0,Champions,0
16555.0,0,Actif,0.6136243600837796,1,Risque churn,2 - Risque moyen,314,4,1629.79,407.45,46,314,4,1.0,En danger,0
14236.0,0,Actif,0.4685800999497582,0,Va rester,2 - Risque moyen,181,4,1443.08,360.77,29,314,2,0.5,Fidèles,0
15431.0,1,Churné,0.8491807616272573,1,Risque churn,1 - Risque élevé,311,1,153.24,153.24,2,311,0,0.0,Perdus,2
14435.0,1,Churné,0.8490869833272944,1,Risque churn,1 - Risque élevé,310,1,90.42,90.42,3,310,0,0.0,Perdus,2
13161.0,1,Churné,0.480256070298642,0,Va rester,2 - Risque moyen,122,2,478.88,239.44,30,309,0,0.0,Besoin d'Attention,2
15284.0,1,Churné,0.8504604639408927,1,Risque churn,1 - Risque élevé,309,1,24.75,24.75,1,309,0,0.0,Perdus,2
13435.0,0,Actif,0.5253944531372865,1,Risque churn,2 - Risque moyen,185,2,665.34,332.67,40,309,0,0.0,Besoin d'Attention,2
17122.0,0,Actif,0.5351514036559547,1,Risque churn,2 - Risque moyen,197,3,432.18,144.06,19,308,0,0.0,Sur le point de Partir,0
13474.0,1,Churné,0.2702608775110454,0,Va rester,3 - Risque faible,45,3,663.79,221.26,116,304,0,0.0,Potentiellement Fidèles,0
16316.0,0,Actif,0.13485895059258274,0,Va rester,3 - Risque faible,15,10,4635.11,463.51,172,302,4,0.4,Champions,3
14521.0,1,Churné,0.813336093161564,1,Risque churn,1 - Risque élevé,300,1,199.45,199.45,17,300,1,1.0,Perdus,2
14575.0,1,Churné,0.7952965271565412,1,Risque churn,1 - Risque élevé,297,1,460.71,460.71,71,297,0,0.0,Perdus,2
16221.0,0,Actif,0.23841947913913458,0,Va rester,3 - Risque faible,84,8,1686.02,210.75,117,295,1,0.125,Champions,0
13839.0,1,Churné,0.8356226442982396,1,Risque churn,1 - Risque élevé,295,1,139.95,139.95,7,295,0,0.0,Perdus,2
13717.0,0,Actif,0.2798321646255565,0,Va rester,3 - Risque faible,49,4,888.88,222.22,54,294,3,0.75,Champions,0
14550.0,0,Actif,0.5293311628458154,1,Risque churn,2 - Risque moyen,197,2,587.69,293.85,46,292,0,0.0,Sur le point de Partir,0
16345.0,0,Actif,0.789191865257094,1,Risque churn,1 - Risque élevé,292,1,623.33,623.33,68,292,0,0.0,Perdus,2
17248.0,0,Actif,0.8157343413071734,1,Risque churn,1 - Risque élevé,290,1,227.51,227.51,34,290,0,0.0,Perdus,0
15072.0,1,Churné,0.8263709861700281,1,Risque churn,1 - Risque élevé,288,1,187.52,187.52,13,288,0,0.0,Perdus,0
13320.0,0,Actif,0.24838377805057868,0,Va rester,3 - Risque faible,22,4,1188.01,297.0,62,287,2,0.5,Champions,0
16638.0,0,Actif,0.21163750157555075,0,Va rester,3 - Risque faible,66,11,1961.25,178.3,99,287,1,0.0909,Champions,0
15764.0,0,Actif,0.2918440088935751,0,Va rester,3 - Risque faible,85,3,2344.04,781.35,115,287,2,0.6667,Potentiellement Fidèles,0
14321.0,0,Actif,0.3859009112469686,0,Va rester,3 - Risque faible,142,3,1014.13,338.04,84,282,1,0.3333,Besoin d'Attention,0
16314.0,1,Churné,0.48965587139535044,0,Va rester,2 - Risque moyen,198,3,1491.4,497.13,58,281,0,0.0,Sur le point de Partir,0
14229.0,0,Actif,0.33100601246251243,0,Va rester,3 - Risque faible,100,6,1808.97,301.5,37,280,4,0.6667,Fidèles,0
13548.0,0,Actif,0.3167374710797864,0,Va rester,3 - Risque faible,52,2,507.59,253.79,117,280,0,0.0,Potentiellement Fidèles,2
14787.0,1,Churné,0.8211093700468792,1,Risque churn,1 - Risque élevé,280,1,110.65,110.65,14,280,0,0.0,Perdus,0
13922.0,1,Churné,0.4549764723976872,0,Va rester,2 - Risque moyen,160,3,865.2,288.4,30,276,2,0.6667,Besoin d'Attention,0
14885.0,0,Actif,0.588568253235424,1,Risque churn,2 - Risque moyen,236,2,832.8,416.4,16,274,1,0.5,Sur le point de Partir,0
17126.0,0,Actif,0.21192726474647078,0,Va rester,3 - Risque faible,108,6,1580.96,263.49,221,274,1,0.1667,Fidèles,3
16289.0,1,Churné,0.7876067160207131,1,Risque churn,1 - Risque élevé,271,1,136.31,136.31,21,271,1,1.0,en Hibernation,0
13506.0,1,Churné,0.36108337826088693,0,Va rester,3 - Risque faible,125,5,1639.2,327.84,55,269,3,0.6,Fidèles,0
12777.0,1,Churné,0.7942287232624662,1,Risque churn,1 - Risque élevé,266,1,519.45,519.45,26,266,0,0.0,en Hibernation,0
17456.0,1,Churné,0.4837331186368455,0,Va rester,2 - Risque moyen,174,2,1225.42,612.71,59,265,0,0.0,Besoin d'Attention,0
17762.0,1,Churné,0.8075037916079632,1,Risque churn,1 - Risque élevé,265,1,129.75,129.75,16,265,0,0.0,en Hibernation,0
15992.0,1,Churné,0.5296493936545805,1,Risque churn,2 - Risque moyen,205,2,854.61,427.31,51,262,0,0.0,Sur le point de Partir,0
17383.0,1,Churné,0.8133979945904511,1,Risque churn,1 - Risque élevé,262,1,110.7,110.7,2,262,0,0.0,en Hibernation,0
15966.0,1,Churné,0.766002736031525,1,Risque churn,1 - Risque élevé,259,1,426.53,426.53,27,259,1,1.0,en Hibernation,0
17403.0,0,Actif,0.8044565805814836,1,Risque churn,1 - Risque élevé,259,1,118.95,118.95,13,259,0,0.0,en Hibernation,0
16080.0,0,Actif,0.3680744664244834,0,Va rester,3 - Risque faible,83,3,515.66,171.89,24,259,2,0.6667,Potentiellement Fidèles,0
13374.0,1,Churné,0.5846939799482815,1,Risque churn,2 - Risque moyen,223,2,422.8,211.4,17,258,0,0.0,Sur le point de Partir,0
15876.0,1,Churné,0.5601066289195259,1,Risque churn,2 - Risque moyen,218,2,1449.14,724.57,11,257,0,0.0,Sur le point de Partir,0
15519.0,1,Churné,0.531556438919664,1,Risque churn,2 - Risque moyen,192,2,344.61,172.31,34,255,0,0.0,Besoin d'Attention,0
12850.0,1,Churné,0.8022669363407433,1,Risque churn,1 - Risque élevé,254,1,330.0,330.0,2,254,0,0.0,en Hibernation,0
14668.0,1,Churné,0.8021482894504974,1,Risque churn,1 - Risque élevé,254,1,111.63,111.63,10,254,0,0.0,en Hibernation,0
17834.0,1,Churné,0.5412302749078005,1,Risque churn,2 - Risque moyen,223,2,730.47,365.24,54,254,0,0.0,Sur le point de Partir,0
16465.0,1,Churné,0.5432446226747186,1,Risque churn,2 - Risque moyen,229,2,746.24,373.12,45,253,1,0.5,Sur le point de Partir,0
14716.0,0,Actif,0.7776552655226673,1,Risque churn,1 - Risque élevé,253,1,235.77,235.77,44,253,0,0.0,en Hibernation,0
14761.0,0,Actif,0.49416460784806465,0,Va rester,2 - Risque moyen,143,2,289.52,144.76,20,253,0,0.0,Besoin d'Attention,0
18107.0,1,Churné,0.7812023406449288,1,Risque churn,1 - Risque élevé,251,1,167.13,167.13,38,251,0,0.0,en Hibernation,0
15476.0,1,Churné,0.4746006212066998,0,Va rester,2 - Risque moyen,189,4,2209.98,552.5,67,251,1,0.25,Fidèles,0
16531.0,0,Actif,0.29986965023151896,0,Va rester,3 - Risque faible,103,7,1538.57,219.8,80,250,1,0.1429,Fidèles,0
14875.0,0,Actif,0.3773381530475391,0,Va rester,3 - Risque faible,71,2,1759.08,879.54,47,250,2,1.0,Potentiellement Fidèles,0
15469.0,0,Actif,0.761962873361526,1,Risque churn,1 - Risque élevé,247,1,335.7,335.7,19,247,1,1.0,en Hibernation,0
15616.0,1,Churné,0.7898645503619534,1,Risque churn,1 - Risque élevé,247,1,317.11,317.11,13,247,0,0.0,en Hibernation,0
13754.0,0,Actif,0.4735540504059049,0,Va rester,2 - Risque moyen,126,2,320.45,160.23,16,246,0,0.0,Besoin d'Attention,0
16783.0,1,Churné,0.7788668487563788,1,Risque churn,1 - Risque élevé,245,1,391.95,391.95,25,245,0,0.0,en Hibernation,0
13105.0,1,Churné,0.8006427533559675,1,Risque churn,1 - Risque élevé,245,1,72.0,72.0,1,245,0,0.0,en Hibernation,0
16490.0,1,Churné,0.7671449940497973,1,Risque churn,1 - Risque élevé,245,1,205.41,205.41,13,245,1,1.0,en Hibernation,0
13966.0,1,Churné,0.7805200951537123,1,Risque churn,1 - Risque élevé,244,1,390.86,390.86,21,244,0,0.0,en Hibernation,0
16214.0,0,Actif,0.31455044518466435,0,Va rester,3 - Risque faible,61,3,1725.17,575.06,78,244,0,0.0,Potentiellement Fidèles,0
13763.0,0,Actif,0.6134840211019866,1,Risque churn,2 - Risque moyen,226,2,3502.48,1751.24,35,244,1,0.5,Sur le point de Partir,0
14303.0,1,Churné,0.5670046159518878,1,Risque churn,2 - Risque moyen,216,2,277.94,138.97,21,243,0,0.0,Sur le point de Partir,0
17022.0,0,Actif,0.7898210234513956,1,Risque churn,1 - Risque élevé,241,1,189.0,189.0,9,241,0,0.0,en Hibernation,0
13642.0,1,Churné,0.2424524612261273,0,Va rester,3 - Risque faible,24,4,514.72,128.68,93,241,1,0.25,Champions,0
13245.0,0,Actif,0.7686741698817906,1,Risque churn,1 - Risque élevé,241,1,558.72,558.72,29,241,0,0.0,en Hibernation,0
14579.0,1,Churné,0.7823332173314338,1,Risque churn,1 - Risque élevé,241,1,105.56,105.56,24,241,0,0.0,en Hibernation,0
13144.0,1,Churné,0.5039843025839323,1,Risque churn,2 - Risque moyen,141,2,135.35,67.68,6,240,0,0.0,Besoin d'Attention,0
15778.0,1,Churné,0.7812788135538166,1,Risque churn,1 - Risque élevé,240,1,307.95,307.95,17,240,0,0.0,en Hibernation,0
13306.0,1,Churné,0.7940642808421828,1,Risque churn,1 - Risque élevé,239,1,53.65,53.65,4,239,0,0.0,en Hibernation,0
15934.0,1,Churné,0.5774675290832696,1,Risque churn,2 - Risque moyen,226,2,2190.66,1095.33,29,238,0,0.0,Sur le point de Partir,0
17429.0,0,Actif,0.27562704353560635,0,Va rester,3 - Risque faible,27,3,1019.4,339.8,67,238,1,0.3333,Potentiellement Fidèles,0
13818.0,1,Churné,0.792415589893392,1,Risque churn,1 - Risque élevé,238,1,61.28,61.28,5,238,0,0.0,en Hibernation,0
15973.0,1,Churné,0.5013843108613286,1,Risque churn,2 - Risque moyen,175,3,988.44,329.48,8,238,2,0.6667,Besoin d'Attention,0
16149.0,0,Actif,0.7863353604659387,1,Risque churn,1 - Risque élevé,238,1,141.7,141.7,12,238,0,0.0,en Hibernation,0
17525.0,1,Churné,0.48421453741483106,0,Va rester,2 - Risque moyen,168,3,1161.9,387.3,19,237,0,0.0,Besoin d'Attention,0
13569.0,0,Actif,0.4221288925718304,0,Va rester,2 - Risque moyen,176,3,638.35,212.78,103,237,0,0.0,Besoin d'Attention,0
15598.0,0,Actif,0.774402338073293,1,Risque churn,1 - Risque élevé,236,1,307.34,307.34,22,236,0,0.0,en Hibernation,0
15038.0,0,Actif,0.1826905458247061,0,Va rester,3 - Risque faible,24,6,1005.73,167.62,155,234,0,0.0,Champions,0
17111.0,0,Actif,0.7763075057530515,1,Risque churn,1 - Risque élevé,234,1,227.97,227.97,19,234,0,0.0,en Hibernation,0
15948.0,0,Actif,0.7570456225826608,1,Risque churn,1 - Risque élevé,233,1,553.85,553.85,35,233,0,0.0,en Hibernation,0
17273.0,1,Churné,0.7818297088161134,1,Risque churn,1 - Risque élevé,233,1,141.12,141.12,12,233,0,0.0,en Hibernation,0
13912.0,1,Churné,0.7844323415397977,1,Risque churn,1 - Risque élevé,232,1,124.95,124.95,7,232,0,0.0,en Hibernation,0
17094.0,1,Churné,0.4650340138890408,0,Va rester,2 - Risque moyen,131,2,402.2,201.1,18,232,1,0.5,Besoin d'Attention,0
13792.0,0,Actif,0.444966605215261,0,Va rester,2 - Risque moyen,96,2,263.0,131.5,14,231,0,0.0,Besoin d'Attention,0
15356.0,0,Actif,0.13101365577394117,0,Va rester,3 - Risque faible,27,8,1900.26,237.53,232,231,0,0.0,Champions,0
17817.0,1,Churné,0.2885311760585784,0,Va rester,3 - Risque faible,86,5,689.87,137.97,97,231,1,0.2,Champions,0
17751.0,1,Churné,0.7663370357992241,1,Risque churn,1 - Risque élevé,230,1,157.86,157.86,31,230,0,0.0,en Hibernation,0
17390.0,1,Churné,0.7779786869534693,1,Risque churn,1 - Risque élevé,229,1,149.3,149.3,12,229,0,0.0,en Hibernation,0
15957.0,0,Actif,0.5110466206791594,1,Risque churn,2 - Risque moyen,229,2,501.21,250.61,88,229,0,0.0,Sur le point de Partir,0
16381.0,1,Churné,0.5199050546376854,1,Risque churn,2 - Risque moyen,204,2,258.7,129.35,60,227,0,0.0,Sur le point de Partir,0
15799.0,0,Actif,0.43138407195679646,0,Va rester,2 - Risque moyen,143,2,860.37,430.19,76,227,0,0.0,Besoin d'Attention,0
16996.0,0,Actif,0.28140536334382393,0,Va rester,3 - Risque faible,54,7,1367.53,195.36,30,226,3,0.4286,Champions,0
15710.0,1,Churné,0.6847492457523804,1,Risque churn,2 - Risque moyen,226,1,898.87,898.87,110,226,0,0.0,en Hibernation,0
15647.0,1,Churné,0.7735266429019891,1,Risque churn,1 - Risque élevé,224,1,169.0,169.0,11,224,0,0.0,en Hibernation,0
17038.0,0,Actif,0.7419447081360534,1,Risque churn,1 - Risque élevé,224,1,630.77,630.77,41,224,0,0.0,en Hibernation,0
17483.0,0,Actif,0.7749827405718277,1,Risque churn,1 - Risque élevé,223,1,177.69,177.69,7,223,0,0.0,en Hibernation,0
13936.0,0,Actif,0.5298716855921758,1,Risque churn,2 - Risque moyen,191,2,563.08,281.54,31,223,0,0.0,Besoin d'Attention,0
18243.0,1,Churné,0.7542753573348677,1,Risque churn,1 - Risque élevé,223,1,515.78,515.78,26,223,0,0.0,en Hibernation,0
14945.0,1,Churné,0.7714082993821292,1,Risque churn,1 - Risque élevé,222,1,179.4,179.4,11,222,0,0.0,en Hibernation,0
13241.0,1,Churné,0.751496725340787,1,Risque churn,1 - Risque élevé,220,1,115.58,115.58,40,220,0,0.0,en Hibernation,0
16024.0,0,Actif,0.5711341368829037,1,Risque churn,2 - Risque moyen,220,2,232.96,116.48,21,220,0,0.0,Sur le point de Partir,0
18110.0,0,Actif,0.7570013286584983,1,Risque churn,1 - Risque élevé,220,1,199.13,199.13,29,220,0,0.0,en Hibernation,0
15065.0,0,Actif,0.2692931575213656,0,Va rester,3 - Risque faible,36,3,1575.13,525.04,79,219,2,0.6667,Potentiellement Fidèles,0
16863.0,0,Actif,0.48734251179768595,0,Va rester,2 - Risque moyen,175,2,659.97,329.99,27,218,1,0.5,Besoin d'Attention,0
14278.0,1,Churné,0.7656700627284584,1,Risque churn,1 - Risque élevé,218,1,205.83,205.83,13,218,0,0.0,en Hibernation,0
13906.0,1,Churné,0.777326156688472,1,Risque churn,1 - Risque élevé,218,1,42.0,42.0,1,218,0,0.0,en Hibernation,0
16433.0,0,Actif,0.7621677482977726,1,Risque churn,1 - Risque élevé,217,1,200.26,200.26,17,217,0,0.0,en Hibernation,0
13547.0,1,Churné,0.7441870641623222,1,Risque churn,1 - Risque élevé,217,1,175.53,175.53,44,217,0,0.0,en Hibernation,0
13282.0,0,Actif,0.34403248616157195,0,Va rester,3 - Risque faible,29,2,525.75,262.88,27,215,1,0.5,Potentiellement Fidèles,0
13500.0,0,Actif,0.7508191504853865,1,Risque churn,1 - Risque élevé,210,1,299.53,299.53,20,210,0,0.0,en Hibernation,0
13686.0,0,Actif,0.5297585071376083,1,Risque churn,2 - Risque moyen,189,2,337.04,168.52,23,210,0,0.0,Besoin d'Attention,0
13987.0,1,Churné,0.49931747730600184,0,Va rester,2 - Risque moyen,188,2,682.54,341.27,46,209,0,0.0,Besoin d'Attention,0
13833.0,0,Actif,0.7561278681586118,1,Risque churn,1 - Risque élevé,213,1,316.56,316.56,16,213,0,0.0,en Hibernation,0
17951.0,0,Actif,0.48799618306825593,0,Va rester,2 - Risque moyen,167,3,1037.04,345.68,15,213,1,0.3333,Besoin d'Attention,0
13535.0,1,Churné,0.7696790518168123,1,Risque churn,1 - Risque élevé,211,1,89.5,89.5,1,211,0,0.0,en Hibernation,0
13937.0,0,Actif,0.6950762582042754,1,Risque churn,2 - Risque moyen,211,1,721.28,721.28,45,211,1,1.0,en Hibernation,0
13251.0,1,Churné,0.7495096520638543,1,Risque churn,1 - Risque élevé,211,1,252.68,252.68,25,211,0,0.0,en Hibernation,0
13453.0,0,Actif,0.3988477668673491,0,Va rester,3 - Risque faible,98,2,609.71,304.86,28,211,2,1.0,Besoin d'Attention,0
13258.0,0,Actif,0.30684916860964795,0,Va rester,3 - Risque faible,14,3,561.22,187.07,14,209,0,0.0,Potentiellement Fidèles,0
15996.0,0,Actif,0.28386158414483825,0,Va rester,3 - Risque faible,72,4,1281.49,320.37,104,206,0,0.0,Champions,0
12892.0,1,Churné,0.7480966028515557,1,Risque churn,1 - Risque élevé,205,1,263.38,263.38,18,205,0,0.0,en Hibernation,0
17423.0,0,Actif,0.32679988737333016,0,Va rester,3 - Risque faible,26,2,869.96,434.98,28,202,1,0.5,Potentiellement Fidèles,0
17558.0,1,Churné,0.7380739142277051,1,Risque churn,1 - Risque élevé,202,1,259.17,259.17,28,202,0,0.0,en Hibernation,0
17772.0,1,Churné,0.7261601138805011,1,Risque churn,1 - Risque élevé,201,1,202.0,202.0,45,201,0,0.0,en Hibernation,0
17210.0,1,Churné,0.7233262668176195,1,Risque churn,1 - Risque élevé,201,1,253.37,253.37,47,201,0,0.0,en Hibernation,0
16074.0,1,Churné,0.7384032550375949,1,Risque churn,1 - Risque élevé,199,1,265.25,265.25,23,199,0,0.0,en Hibernation,0
14684.0,0,Actif,0.19239430782035125,0,Va rester,3 - Risque faible,24,3,751.53,250.51,195,199,0,0.0,Potentiellement Fidèles,0
14382.0,0,Actif,0.6064396857377343,1,Risque churn,2 - Risque moyen,199,1,620.73,620.73,137,199,1,1.0,en Hibernation,0
17633.0,0,Actif,0.49981854222254557,0,Va rester,2 - Risque moyen,188,3,732.55,244.18,29,198,1,0.3333,Besoin d'Attention,0
15161.0,1,Churné,0.7328614443402437,1,Risque churn,1 - Risque élevé,197,1,119.92,119.92,33,197,0,0.0,en Hibernation,0
18256.0,1,Churné,0.7219848107874317,1,Risque churn,1 - Risque élevé,196,1,110.7,110.7,10,196,1,1.0,en Hibernation,0
17868.0,1,Churné,0.7386385931665415,1,Risque churn,1 - Risque élevé,195,1,234.65,234.65,18,195,0,0.0,Prometteurs,0
12887.0,1,Churné,0.7394349759649328,1,Risque churn,1 - Risque élevé,192,1,222.4,222.4,13,192,0,0.0,Prometteurs,0
16501.0,1,Churné,0.5711109625717363,1,Risque churn,2 - Risque moyen,192,1,1237.23,1237.23,181,192,0,0.0,Prometteurs,0
17872.0,1,Churné,0.7355888220481288,1,Risque churn,1 - Risque élevé,190,1,235.87,235.87,15,190,0,0.0,Prometteurs,0
13181.0,1,Churné,0.729476077347576,1,Risque churn,1 - Risque élevé,190,1,359.69,359.69,19,190,0,0.0,Prometteurs,0
14972.0,0,Actif,0.7499833298395079,1,Risque churn,1 - Risque élevé,190,1,30.3,30.3,2,190,0,0.0,Prometteurs,0
16001.0,1,Churné,0.6876968407108327,1,Risque churn,2 - Risque moyen,190,1,583.39,583.39,29,190,1,1.0,Prometteurs,0
15914.0,1,Churné,0.536532597577356,1,Risque churn,2 - Risque moyen,187,2,205.99,102.99,13,187,0,0.0,Besoin d'Attention,0
15037.0,1,Churné,0.5006895201739775,1,Risque churn,2 - Risque moyen,185,2,402.51,201.26,40,185,0,0.0,Besoin d'Attention,0
15583.0,1,Churné,0.7174619362227249,1,Risque churn,1 - Risque élevé,185,1,107.86,107.86,37,185,0,0.0,Prometteurs,0
16413.0,0,Actif,0.7158700791207127,1,Risque churn,1 - Risque élevé,184,1,266.78,266.78,32,184,0,0.0,Prometteurs,0
17378.0,1,Churné,0.7173733655567278,1,Risque churn,1 - Risque élevé,183,1,10.95,10.95,1,183,1,1.0,Prometteurs,0
15165.0,1,Churné,0.6980758841043475,1,Risque churn,2 - Risque moyen,182,1,975.5,975.5,27,182,0,0.0,Prometteurs,0
15923.0,1,Churné,0.7212103987809234,1,Risque churn,1 - Risque élevé,181,1,254.16,254.16,21,181,0,0.0,Prometteurs,0
17964.0,0,Actif,0.7032812373055841,1,Risque churn,1 - Risque élevé,181,1,523.52,523.52,35,181,0,0.0,Prometteurs,0
17198.0,0,Actif,0.4444684755910167,0,Va rester,2 - Risque moyen,174,2,1043.32,521.66,73,180,0,0.0,Besoin d'Attention,0
16402.0,1,Churné,0.3761238586940795,0,Va rester,3 - Risque faible,73,2,511.4,255.7,55,178,0,0.0,Potentiellement Fidèles,0
18119.0,1,Churné,0.70679027782621,1,Risque churn,1 - Risque élevé,176,1,362.24,362.24,29,176,0,0.0,Prometteurs,0
18043.0,0,Actif,0.2957366129001975,0,Va rester,3 - Risque faible,15,2,768.27,384.13,87,175,0,0.0,Potentiellement Fidèles,0
18004.0,1,Churné,0.704234271617831,1,Risque churn,1 - Risque élevé,171,1,169.47,169.47,32,171,0,0.0,Prometteurs,0
17890.0,1,Churné,0.40361106303249905,0,Va rester,2 - Risque moyen,131,2,602.09,301.05,88,170,0,0.0,Besoin d'Attention,0
14150.0,0,Actif,0.7124957085036963,1,Risque churn,1 - Risque élevé,168,1,306.18,306.18,12,168,0,0.0,Prometteurs,0
13496.0,1,Churné,0.6668438086961107,1,Risque churn,2 - Risque moyen,168,1,501.01,501.01,26,168,1,1.0,Prometteurs,0
15204.0,1,Churné,0.7123034523372337,1,Risque churn,1 - Risque élevé,166,1,316.58,316.58,9,166,0,0.0,Prometteurs,0
14889.0,1,Churné,0.6931086066742426,1,Risque churn,2 - Risque moyen,145,1,135.9,135.9,10,145,0,0.0,Prometteurs,0
17569.0,1,Churné,0.6671672830605698,1,Risque churn,2 - Risque moyen,141,1,344.14,344.14,29,141,0,0.0,Prometteurs,0
13837.0,1,Churné,0.3361768366849703,0,Va rester,3 - Risque faible,20,2,271.24,135.62,17,126,0,0.0,Potentiellement Fidèles,0
17118.0,1,Churné,0.670505320404963,1,Risque churn,2 - Risque moyen,126,1,157.02,157.02,10,126,0,0.0,Prometteurs,0
16949.0,0,Actif,0.3151989247389559,0,Va rester,3 - Risque faible,27,3,505.75,168.58,22,125,0,0.0,Potentiellement Fidèles,0
14502.0,0,Actif,0.18719213882218513,0,Va rester,3 - Risque faible,43,6,1070.23,178.37,176,122,2,0.3333,Champions,0
14457.0,1,Churné,0.66842512895676,1,Risque churn,2 - Risque moyen,119,1,113.64,113.64,4,119,0,0.0,Prometteurs,0
18250.0,1,Churné,0.615612664669218,1,Risque churn,2 - Risque moyen,119,1,349.27,349.27,21,119,1,1.0,Prometteurs,0
16405.0,1,Churné,0.44576053025553247,0,Va rester,2 - Risque moyen,111,2,167.25,83.63,3,119,0,0.0,Besoin d'Attention,0
17462.0,0,Actif,0.6175010597832333,1,Risque churn,2 - Risque moyen,93,1,463.41,463.41,14,93,0,0.0,Prometteurs,0
18211.0,0,Actif,0.6253261901547719,1,Risque churn,2 - Risque moyen,87,1,137.9,137.9,8,87,0,0.0,Prometteurs,0
14155.0,1,Churné,0.6125636308294651,1,Risque churn,2 - Risque moyen,75,1,118.75,118.75,6,75,0,0.0,Prometteurs,0
17795.0,0,Actif,0.6006550266758043,1,Risque churn,2 - Risque moyen,73,1,163.25,163.25,15,73,0,0.0,Prometteurs,0
17140.0,1,Churné,0.5680198256052398,1,Risque churn,2 - Risque moyen,56,1,465.32,465.32,16,56,0,0.0,Prometteurs,0
15316.0,1,Churné,0.6880036056521706,1,Risque churn,2 - Risque moyen,135,1,165.0,165.0,1,135,0,0.0,Prometteurs,0
16618.0,0,Actif,0.27221082288004544,0,Va rester,3 - Risque faible,19,4,1441.29,360.32,44,131,1,0.25,Champions,0
17291.0,1,Churné,0.6555832947593352,1,Risque churn,2 - Risque moyen,117,1,550.8,550.8,1,117,0,0.0,Prometteurs,0
17302.0,0,Actif,0.31617743541590243,0,Va rester,3 - Risque faible,17,2,303.12,151.56,35,114,0,0.0,Potentiellement Fidèles,0
16073.0,1,Churné,0.6237927398056247,1,Risque churn,2 - Risque moyen,106,1,122.4,122.4,1,106,1,1.0,Prometteurs,0
16509.0,1,Churné,0.6364317839649207,1,Risque churn,2 - Risque moyen,105,1,363.7,363.7,13,105,0,0.0,Prometteurs,0
16349.0,1,Churné,0.6419270965549023,1,Risque churn,2 - Risque moyen,99,1,53.5,53.5,9,99,0,0.0,Prometteurs,0
16573.0,0,Actif,0.596335310589104,1,Risque churn,2 - Risque moyen,99,1,292.63,292.63,16,99,1,1.0,Prometteurs,0
14880.0,0,Actif,0.6380132296927314,1,Risque churn,2 - Risque moyen,97,1,129.2,129.2,8,97,0,0.0,Prometteurs,0
14036.0,1,Churné,0.5910834051287759,1,Risque churn,2 - Risque moyen,93,1,626.65,626.65,38,93,0,0.0,Prometteurs,0
15554.0,1,Churné,0.6163678886543321,1,Risque churn,2 - Risque moyen,86,1,217.2,217.2,14,86,0,0.0,Prometteurs,0
18183.0,1,Churné,0.26831060235288523,0,Va rester,3 - Risque faible,36,2,632.07,316.04,36,83,4,2.0,Potentiellement Fidèles,0
16475.0,0,Actif,0.6030767327796692,1,Risque churn,2 - Risque moyen,82,1,310.0,310.0,20,82,0,0.0,Prometteurs,0
15049.0,1,Churné,0.6239300398720086,1,Risque churn,2 - Risque moyen,82,1,121.17,121.17,3,82,0,0.0,Prometteurs,0
16871.0,0,Actif,0.23367566391316177,0,Va rester,3 - Risque faible,19,4,2037.82,509.45,104,79,1,0.25,Champions,0
16804.0,0,Actif,0.6062045474867964,1,Risque churn,2 - Risque moyen,79,1,118.05,118.05,19,79,0,0.0,Prometteurs,0
16297.0,1,Churné,0.4962077070087339,0,Va rester,2 - Risque moyen,77,1,301.9,301.9,20,77,3,3.0,Prometteurs,0
17486.0,1,Churné,0.5812557937351969,1,Risque churn,2 - Risque moyen,70,1,396.87,396.87,24,70,0,0.0,Prometteurs,0
15815.0,0,Actif,0.3006062695296183,0,Va rester,3 - Risque faible,21,3,1394.08,464.69,12,68,0,0.0,Potentiellement Fidèles,0
14476.0,1,Churné,0.5881877852119706,1,Risque churn,2 - Risque moyen,66,1,215.7,215.7,17,66,0,0.0,Prometteurs,0
17398.0,0,Actif,0.3114390138877648,0,Va rester,3 - Risque faible,19,2,528.45,264.23,26,64,0,0.0,Potentiellement Fidèles,0
15364.0,0,Actif,0.5931420931541306,1,Risque churn,2 - Risque moyen,63,1,331.8,331.8,3,63,0,0.0,Prometteurs,0
13060.0,1,Churné,0.5818533447328273,1,Risque churn,2 - Risque moyen,62,1,307.53,307.53,15,62,0,0.0,Prometteurs,0
17701.0,1,Churné,0.5688344612307604,1,Risque churn,2 - Risque moyen,61,1,417.95,417.95,24,61,0,0.0,Prometteurs,0
17972.0,1,Churné,0.558097438682196,1,Risque churn,2 - Risque moyen,50,1,136.04,136.04,30,50,0,0.0,Prometteurs,0
15594.0,0,Actif,0.5245428154266017,1,Risque churn,2 - Risque moyen,43,1,267.91,267.91,15,43,1,1.0,Prometteurs,0
16055.0,1,Churné,0.5505783546928357,1,Risque churn,2 - Risque moyen,29,1,134.8,134.8,8,29,0,0.0,Prometteurs,0
14340.0,1,Churné,0.5497730651270832,1,Risque churn,2 - Risque moyen,27,1,134.7,134.7,6,27,0,0.0,Nouveaux Clients,0
17522.0,0,Actif,0.31434946125986485,0,Va rester,3 - Risque faible,15,2,248.42,124.21,11,27,0,0.0,Potentiellement Fidèles,0
15668.0,1,Churné,0.5549428833673722,1,Risque churn,2 - Risque moyen,26,1,76.32,76.32,1,26,0,0.0,Nouveaux Clients,0
18235.0,0,Actif,0.5175126326826825,1,Risque churn,2 - Risque moyen,26,1,430.46,430.46,29,26,0,0.0,Nouveaux Clients,0
18142.0,0,Actif,0.5042807935315333,1,Risque churn,2 - Risque moyen,24,1,282.48,282.48,9,24,1,1.0,Nouveaux Clients,0
18120.0,1,Churné,0.5351331735696147,1,Risque churn,2 - Risque moyen,23,1,111.15,111.15,17,23,0,0.0,Nouveaux Clients,0
18133.0,1,Churné,0.48622413143991045,0,Va rester,2 - Risque moyen,21,1,931.5,931.5,1,21,1,1.0,Nouveaux Clients,0
13456.0,0,Actif,0.5263374728133324,1,Risque churn,2 - Risque moyen,16,1,207.66,207.66,13,16,0,0.0,Nouveaux Clients,0
13572.0,1,Churné,0.46722748009153575,0,Va rester,2 - Risque moyen,14,1,1384.25,1384.25,32,14,0,0.0,Nouveaux Clients,0
14895.0,0,Actif,0.04484701956787629,0,Va rester,3 - Risque faible,13,21,17900.61,852.41,341,538,7,0.3333,Champions,3
13468.0,0,Actif,0.014070208825048485,0,Va rester,3 - Risque faible,10,56,11276.66,201.37,253,545,12,0.2143,Champions,3
17457.0,0,Actif,0.1699789059554365,0,Va rester,3 - Risque faible,13,13,5644.75,434.21,23,541,4,0.3077,Champions,3
16008.0,0,Actif,0.1602600647762988,0,Va rester,3 - Risque faible,13,13,5044.5,388.04,58,439,0,0.0,Champions,3
16455.0,0,Actif,0.173664133253549,0,Va rester,3 - Risque faible,13,9,3676.97,408.55,92,428,2,0.2222,Champions,3
17871.0,1,Churné,0.22768141164150352,0,Va rester,3 - Risque faible,13,5,1118.99,223.8,64,502,0,0.0,Champions,2
16813.0,0,Actif,0.4539983664880184,0,Va rester,2 - Risque moyen,13,1,206.25,206.25,87,13,0,0.0,Nouveaux Clients,0
15862.0,0,Actif,0.06162594638009411,0,Va rester,3 - Risque faible,13,11,2586.42,235.13,367,531,0,0.0,Champions,3
16998.0,0,Actif,0.29369771754052365,0,Va rester,3 - Risque faible,13,4,394.1,98.53,2,253,1,0.25,Champions,0
15394.0,0,Actif,0.14813308474354314,0,Va rester,3 - Risque faible,13,9,4539.7,504.41,119,533,2,0.2222,Champions,3
16672.0,0,Actif,0.24791293102858303,0,Va rester,3 - Risque faible,13,8,3488.34,436.04,22,75,1,0.125,Champions,0
17068.0,0,Actif,0.03598874008812243,0,Va rester,3 - Risque faible,13,36,6945.04,192.92,222,430,1,0.0278,Champions,3
13266.0,0,Actif,0.1324005088363282,0,Va rester,3 - Risque faible,12,12,3811.35,317.61,117,531,8,0.6667,Champions,3
15768.0,0,Actif,0.01693224716080772,0,Va rester,3 - Risque faible,12,33,15458.41,468.44,432,545,2,0.0606,Champions,3
14112.0,0,Actif,0.1357939301357071,0,Va rester,3 - Risque faible,12,9,4071.94,452.44,160,463,11,1.2222,Champions,3
14334.0,0,Actif,0.14649226339520277,0,Va rester,3 - Risque faible,12,9,3444.5,382.72,137,377,2,0.2222,Champions,3
16226.0,1,Churné,0.26849854425076514,0,Va rester,3 - Risque faible,12,5,672.17,134.43,23,222,0,0.0,Champions,0
14282.0,0,Actif,0.13696009307470525,0,Va rester,3 - Risque faible,12,15,5929.5,395.3,80,471,1,0.0667,Champions,3
17867.0,0,Actif,0.1707645039910415,0,Va rester,3 - Risque faible,12,11,1028.23,93.48,63,546,4,0.3636,Champions,3
14388.0,0,Actif,0.13042759501003995,0,Va rester,3 - Risque faible,12,11,4661.35,423.76,130,497,3,0.2727,Champions,3
18008.0,0,Actif,0.13829840873260466,0,Va rester,3 - Risque faible,12,21,19736.35,939.83,75,511,0,0.0,Champions,3
18287.0,0,Actif,0.20979608440330896,0,Va rester,3 - Risque faible,10,5,3110.99,622.2,93,380,1,0.2,Champions,3
16945.0,0,Actif,0.066310761154971,0,Va rester,3 - Risque faible,10,22,5976.34,271.65,195,539,2,0.0909,Champions,3
16249.0,0,Actif,0.31153703169344127,0,Va rester,3 - Risque faible,10,2,1020.53,510.27,26,48,0,0.0,Potentiellement Fidèles,0
15724.0,1,Churné,0.285909454463888,0,Va rester,3 - Risque faible,10,3,310.85,103.62,17,209,2,0.6667,Potentiellement Fidèles,0
16592.0,0,Actif,0.0933132668682218,0,Va rester,3 - Risque faible,10,18,4847.06,269.28,154,530,5,0.2778,Champions,3
13988.0,0,Actif,0.2084356629370978,0,Va rester,3 - Risque faible,9,4,1965.92,491.48,110,434,1,0.25,Champions,2
18283.0,0,Actif,0.09502538327599841,0,Va rester,3 - Risque faible,9,11,1176.82,106.98,240,467,0,0.0,Champions,3
17715.0,1,Churné,0.40628863264239606,0,Va rester,2 - Risque moyen,9,2,489.6,244.8,1,401,0,0.0,Potentiellement Fidèles,2
15602.0,0,Actif,0.16327884239626486,0,Va rester,3 - Risque faible,9,12,2475.59,206.3,53,546,8,0.6667,Champions,3
15769.0,0,Actif,0.06319140443732367,0,Va rester,3 - Risque faible,6,33,60341.32,1828.52,18,537,2,0.0606,Champions,3
17686.0,0,Actif,0.13949507561419197,0,Va rester,3 - Risque faible,9,6,5594.1,932.35,209,342,0,0.0,Champions,3
17512.0,0,Actif,0.1388039486232083,0,Va rester,3 - Risque faible,9,14,3845.25,274.66,80,538,2,0.1429,Champions,3
15796.0,0,Actif,0.13393926142661502,0,Va rester,3 - Risque faible,9,12,3441.06,286.76,124,427,4,0.3333,Champions,3
15132.0,0,Actif,0.307033752443122,0,Va rester,3 - Risque faible,8,2,489.87,244.94,24,71,0,0.0,Potentiellement Fidèles,0
17811.0,0,Actif,0.03010634618085008,0,Va rester,3 - Risque faible,8,25,5690.55,227.62,435,254,5,0.2,Champions,3
16029.0,0,Actif,0.01075404738368367,0,Va rester,3 - Risque faible,8,73,76960.56,1054.25,39,540,10,0.137,Champions,1
13842.0,0,Actif,0.10348878614425454,0,Va rester,3 - Risque faible,8,15,4072.76,271.52,158,470,1,0.0667,Champions,3
18044.0,0,Actif,0.1355102284871429,0,Va rester,3 - Risque faible,7,14,2300.22,164.3,103,369,0,0.0,Champions,3
14534.0,0,Actif,0.06721391826250622,0,Va rester,3 - Risque faible,8,16,3541.29,221.33,282,443,6,0.375,Champions,3
17521.0,0,Actif,0.2842177533991984,0,Va rester,3 - Risque faible,8,3,714.41,238.14,37,243,0,0.0,Potentiellement Fidèles,0
13102.0,0,Actif,0.0608469114781827,0,Va rester,3 - Risque faible,7,28,9041.99,322.93,168,391,5,0.1786,Champions,3
14688.0,0,Actif,0.10640669546860015,0,Va rester,3 - Risque faible,7,17,4870.38,286.49,152,265,2,0.1176,Champions,3
17955.0,1,Churné,0.24411664253669926,0,Va rester,3 - Risque faible,7,6,949.9,158.32,16,474,0,0.0,Champions,2
14705.0,1,Churné,0.5263882143150128,1,Risque churn,2 - Risque moyen,7,1,179.0,179.0,1,7,0,0.0,Nouveaux Clients,0
15727.0,0,Actif,0.06093986616769948,0,Va rester,3 - Risque faible,7,12,7517.42,626.45,344,493,0,0.0,Champions,3
14085.0,0,Actif,0.02436057966862386,0,Va rester,3 - Risque faible,7,25,8468.84,338.75,431,540,1,0.04,Champions,3
16161.0,0,Actif,0.02555504012822572,0,Va rester,3 - Risque faible,7,34,9544.34,280.72,348,478,11,0.3235,Champions,3
16449.0,1,Churné,0.2930407789401648,0,Va rester,3 - Risque faible,6,2,707.69,353.84,40,89,0,0.0,Potentiellement Fidèles,0
16356.0,1,Churné,0.237865977941311,0,Va rester,3 - Risque faible,6,6,415.87,69.31,27,360,1,0.1667,Champions,0
16838.0,1,Churné,0.23786847316633367,0,Va rester,3 - Risque faible,6,4,1159.61,289.9,53,472,2,0.5,Champions,2
13199.0,0,Actif,0.04258691217665612,0,Va rester,3 - Risque faible,6,45,10355.93,230.13,41,543,1,0.0222,Champions,3
15785.0,0,Actif,0.13941369996507977,0,Va rester,3 - Risque faible,6,13,4971.36,382.41,87,533,8,0.6154,Champions,3
16843.0,0,Actif,0.0591395371353464,0,Va rester,3 - Risque faible,6,25,13216.76,528.67,181,538,3,0.12,Champions,3
14194.0,0,Actif,0.04005805932409255,0,Va rester,3 - Risque faible,5,22,10728.94,487.68,344,511,11,0.5,Champions,3
12999.0,1,Churné,0.2877066095844184,0,Va rester,3 - Risque faible,5,3,455.88,151.96,25,54,0,0.0,Potentiellement Fidèles,0
17613.0,0,Actif,0.15616459431141694,0,Va rester,3 - Risque faible,3,7,2527.01,361.0,163,114,1,0.1429,Champions,0
14823.0,0,Actif,0.27907071518468746,0,Va rester,3 - Risque faible,3,2,210.65,105.32,38,3,0,0.0,Potentiellement Fidèles,0
16407.0,0,Actif,0.18755352174274953,0,Va rester,3 - Risque faible,3,9,1489.46,165.5,71,241,0,0.0,Champions,0
15925.0,1,Churné,0.5099542040240808,1,Risque churn,2 - Risque moyen,3,1,207.15,207.15,12,3,0,0.0,Nouveaux Clients,0
17061.0,0,Actif,0.23794249846760573,0,Va rester,3 - Risque faible,1,7,3250.23,464.32,46,41,1,0.1429,Champions,0
15863.0,0,Actif,0.242954428846969,0,Va rester,3 - Risque faible,1,4,299.06,74.77,58,531,0,0.0,Champions,2
17592.0,1,Churné,0.9433194871419818,1,Risque churn,1 - Risque élevé,547,1,148.3,148.3,13,547,1,1.0,Perdus,2
17998.0,1,Churné,0.49325165737184623,0,Va rester,2 - Risque moyen,189,3,639.24,213.08,57,547,1,0.3333,Besoin d'Attention,2
15326.0,1,Churné,0.3230083406012013,0,Va rester,3 - Risque faible,142,5,1700.52,340.1,94,547,5,1.0,Fidèles,3
15808.0,1,Churné,0.06553499274343495,0,Va rester,3 - Risque faible,115,21,18409.93,876.66,348,547,3,0.1429,Fidèles,3
13748.0,0,Actif,0.24703770545956846,0,Va rester,3 - Risque faible,41,7,1900.95,271.56,32,547,0,0.0,Champions,2
14302.0,1,Churné,0.5938855250831789,1,Risque churn,2 - Risque moyen,239,3,742.9,247.63,25,546,0,0.0,Sur le point de Partir,2
14000.0,1,Churné,0.2493970258079818,0,Va rester,3 - Risque faible,20,5,2046.34,409.27,28,546,3,0.6,Champions,2
17193.0,0,Actif,0.6276220389145788,1,Risque churn,2 - Risque moyen,195,2,610.74,305.37,12,546,1,0.5,Besoin d'Attention,2
16131.0,0,Actif,0.17021092691556333,0,Va rester,3 - Risque faible,16,8,8115.4,1014.43,117,546,3,0.375,Champions,3
14299.0,0,Actif,0.17425835886519186,0,Va rester,3 - Risque faible,127,22,12099.81,549.99,99,546,10,0.4545,Fidèles,3
17189.0,0,Actif,0.40855292293433493,0,Va rester,2 - Risque moyen,168,4,800.45,200.11,87,546,0,0.0,Fidèles,2
15581.0,0,Actif,0.01624335633533158,0,Va rester,3 - Risque faible,35,33,4749.58,143.93,523,546,4,0.1212,Champions,3
17809.0,0,Actif,0.16816923205049686,0,Va rester,3 - Risque faible,26,14,8576.18,612.58,32,546,1,0.0714,Champions,3
15523.0,0,Actif,0.32343173988609925,0,Va rester,3 - Risque faible,197,15,16947.98,1129.87,63,546,2,0.1333,En danger,3
13313.0,0,Actif,0.17371907239610904,0,Va rester,3 - Risque faible,24,9,2499.74,277.75,89,546,3,0.3333,Champions,3
13611.0,0,Actif,0.2983754632434117,0,Va rester,3 - Risque faible,168,8,2450.88,306.36,131,545,3,0.375,Fidèles,3
16301.0,1,Churné,0.9511353202328674,1,Risque churn,1 - Risque élevé,545,1,107.33,107.33,6,545,0,0.0,Perdus,2
14905.0,0,Actif,0.23856100156297652,0,Va rester,3 - Risque faible,42,7,1663.79,237.68,43,545,1,0.1429,Champions,2
17853.0,1,Churné,0.4956332133878737,0,Va rester,2 - Risque moyen,216,3,1608.19,536.06,84,545,0,0.0,Sur le point de Partir,2
14750.0,1,Churné,0.9464274540432603,1,Risque churn,1 - Risque élevé,545,1,112.03,112.03,32,545,0,0.0,Perdus,2
17372.0,0,Actif,0.04519444239409675,0,Va rester,3 - Risque faible,52,24,3780.18,157.51,352,545,3,0.125,Champions,3
12872.0,1,Churné,0.17691077313032502,0,Va rester,3 - Risque faible,135,12,3685.49,307.12,217,545,1,0.0833,Fidèles,3
14286.0,0,Actif,0.16101818095272433,0,Va rester,3 - Risque faible,51,5,5901.09,1180.22,218,544,3,0.6,Champions,3
13093.0,1,Churné,0.02487825253917845,0,Va rester,3 - Risque faible,84,55,54943.65,998.98,199,544,33,0.6,Champions,1
15109.0,1,Churné,0.33415229438854543,0,Va rester,3 - Risque faible,54,3,983.1,327.7,46,544,1,0.3333,Potentiellement Fidèles,2
18092.0,0,Actif,0.19685295970759092,0,Va rester,3 - Risque faible,36,12,11107.42,925.62,26,544,1,0.0833,Champions,3
15309.0,1,Churné,0.7313904389836696,1,Risque churn,1 - Risque élevé,419,4,797.96,199.49,49,544,6,1.5,En danger,2
16325.0,0,Actif,0.18911419703180787,0,Va rester,3 - Risque faible,54,10,3194.08,319.41,100,544,4,0.4,Champions,3
17127.0,1,Churné,0.5361990259007289,1,Risque churn,2 - Risque moyen,237,5,1155.03,231.01,27,544,0,0.0,En danger,2
13999.0,0,Actif,0.08500461467335514,0,Va rester,3 - Risque faible,23,21,6847.27,326.06,147,543,4,0.1905,Champions,3
16410.0,1,Churné,0.9506678214076137,1,Risque churn,1 - Risque élevé,543,1,130.32,130.32,5,543,0,0.0,Perdus,2
15484.0,0,Actif,0.735917557868448,1,Risque churn,1 - Risque élevé,349,2,1061.69,530.85,53,543,0,0.0,Perdus,2
14133.0,0,Actif,0.5045924832550579,1,Risque churn,2 - Risque moyen,124,2,623.5,311.75,24,542,2,1.0,Besoin d'Attention,2
14468.0,1,Churné,0.9487066022176408,1,Risque churn,1 - Risque élevé,542,1,204.24,204.24,12,542,0,0.0,Perdus,2
16395.0,0,Actif,0.11845439886512782,0,Va rester,3 - Risque faible,132,11,2501.51,227.41,354,542,3,0.2727,Fidèles,3
15983.0,0,Actif,0.3266307012176154,0,Va rester,3 - Risque faible,169,7,3632.07,518.87,117,542,0,0.0,Fidèles,2
14717.0,1,Churné,0.9427598772559184,1,Risque churn,1 - Risque élevé,542,1,81.3,81.3,11,542,1,1.0,Perdus,2
17406.0,1,Churné,0.22168953176899553,0,Va rester,3 - Risque faible,142,13,4905.05,377.31,155,542,5,0.3846,Fidèles,3
17969.0,0,Actif,0.22988161489803577,0,Va rester,3 - Risque faible,170,19,2266.94,119.31,108,542,7,0.3684,Fidèles,3
13211.0,0,Actif,0.35250410615622346,0,Va rester,3 - Risque faible,170,8,1642.6,205.33,75,542,2,0.25,Fidèles,2
13491.0,0,Actif,0.09303969787761285,0,Va rester,3 - Risque faible,56,25,4382.37,175.29,133,541,0,0.0,Champions,3
14695.0,1,Churné,0.6432080093929466,1,Risque churn,2 - Risque moyen,328,3,1620.07,540.02,76,541,1,0.3333,En danger,2
13190.0,1,Churné,0.7205018176043236,1,Risque churn,1 - Risque élevé,353,3,570.66,190.22,16,541,1,0.3333,En danger,2
15358.0,0,Actif,0.03309934922844954,0,Va rester,3 - Risque faible,16,31,13066.28,421.49,307,541,11,0.3548,Champions,3
14574.0,1,Churné,0.9490159736571625,1,Risque churn,1 - Risque élevé,541,1,143.7,143.7,11,541,0,0.0,Perdus,2
16684.0,0,Actif,0.030369823605907394,0,Va rester,3 - Risque faible,14,40,105565.15,2639.13,149,541,8,0.2,Champions,1
13206.0,1,Churné,0.13673947846958992,0,Va rester,3 - Risque faible,209,13,8377.32,644.41,393,541,2,0.1538,En danger,3
14512.0,0,Actif,0.24728529895553825,0,Va rester,3 - Risque faible,41,6,1074.51,179.09,53,541,0,0.0,Champions,2
16353.0,0,Actif,0.09858591612977828,0,Va rester,3 - Risque faible,26,26,5479.03,210.73,63,541,3,0.1154,Champions,3
13148.0,0,Actif,0.0464839245993827,0,Va rester,3 - Risque faible,41,20,6713.02,335.65,376,541,7,0.35,Champions,3
14113.0,0,Actif,0.3086204818455001,0,Va rester,3 - Risque faible,163,13,5685.69,437.36,58,540,14,1.0769,Fidèles,3
15369.0,1,Churné,0.5626184308686631,1,Risque churn,2 - Risque moyen,301,11,6251.26,568.3,44,540,1,0.0909,En danger,2
16735.0,0,Actif,0.14940368692375028,0,Va rester,3 - Risque faible,48,11,5067.92,460.72,143,540,7,0.6364,Champions,3
14295.0,0,Actif,0.5263270293415678,1,Risque churn,2 - Risque moyen,247,4,2196.71,549.18,61,540,3,0.75,En danger,2
16560.0,0,Actif,0.3256712849881096,0,Va rester,3 - Risque faible,167,7,2539.15,362.74,111,540,1,0.1429,Fidèles,2
16940.0,0,Actif,0.16654452979409073,0,Va rester,3 - Risque faible,98,6,4135.46,689.24,249,540,3,0.5,Fidèles,3
15162.0,1,Churné,0.9402813712471791,1,Risque churn,1 - Risque élevé,540,1,312.9,312.9,12,540,1,1.0,Perdus,2
17230.0,1,Churné,0.13591730970891028,0,Va rester,3 - Risque faible,73,18,9924.95,551.39,141,540,5,0.2778,Champions,3
14679.0,1,Churné,0.4806086600296117,0,Va rester,2 - Risque moyen,190,3,1289.44,429.81,49,540,2,0.6667,Besoin d'Attention,2
16253.0,0,Actif,0.1935599849701121,0,Va rester,3 - Risque faible,64,6,5326.69,887.78,170,540,1,0.1667,Champions,3
13455.0,0,Actif,0.405163880277405,0,Va rester,2 - Risque moyen,175,5,2540.53,508.11,70,539,5,1.0,Fidèles,3
16771.0,0,Actif,0.14498352464736355,0,Va rester,3 - Risque faible,84,8,3376.74,422.09,262,539,0,0.0,Champions,3
16802.0,1,Churné,0.8358908334342807,1,Risque churn,1 - Risque élevé,488,2,582.61,291.3,48,539,0,0.0,Perdus,2
17043.0,0,Actif,0.268207589011152,0,Va rester,3 - Risque faible,75,5,1055.97,211.19,97,539,0,0.0,Champions,2
16186.0,0,Actif,0.10038711045473907,0,Va rester,3 - Risque faible,20,18,6066.38,337.02,138,539,3,0.1667,Champions,3
17603.0,0,Actif,0.7194528762878615,1,Risque churn,1 - Risque élevé,426,3,1398.76,466.25,93,538,4,1.3333,En danger,2
16143.0,0,Actif,0.16023670950064067,0,Va rester,3 - Risque faible,21,10,4060.06,406.01,91,538,4,0.4,Champions,3
17861.0,0,Actif,0.12085724625813414,0,Va rester,3 - Risque faible,62,12,3484.87,290.41,224,538,3,0.25,Champions,3
16459.0,1,Churné,0.9497715617329264,1,Risque churn,1 - Risque élevé,538,1,71.79,71.79,5,538,0,0.0,Perdus,2
14577.0,0,Actif,0.24483242033617358,0,Va rester,3 - Risque faible,41,5,982.55,196.51,80,537,0,0.0,Champions,2
17409.0,0,Actif,0.23165979346191826,0,Va rester,3 - Risque faible,57,9,7282.21,809.13,42,537,0,0.0,Champions,3
14790.0,0,Actif,0.25398488648953615,0,Va rester,3 - Risque faible,62,7,1933.72,276.25,54,537,0,0.0,Champions,2
14161.0,1,Churné,0.13613020773002282,0,Va rester,3 - Risque faible,24,7,3318.88,474.13,202,535,0,0.0,Champions,3
15446.0,1,Churné,0.4460253584049161,0,Va rester,2 - Risque moyen,185,3,406.95,135.65,90,535,2,0.6667,Besoin d'Attention,2
13013.0,0,Actif,0.06434539033233294,0,Va rester,3 - Risque faible,21,20,10187.12,509.36,246,534,0,0.0,Champions,3
16769.0,1,Churné,0.29919102111403545,0,Va rester,3 - Risque faible,69,4,1141.75,285.44,76,534,0,0.0,Champions,2
17908.0,1,Churné,0.32241632927503117,0,Va rester,3 - Risque faible,182,5,1411.54,282.31,178,534,2,0.4,Fidèles,3
17318.0,1,Churné,0.9459149300332959,1,Risque churn,1 - Risque élevé,534,1,164.28,164.28,17,534,0,0.0,Perdus,2
16019.0,0,Actif,0.07221113483450392,0,Va rester,3 - Risque faible,41,24,16169.11,673.71,192,534,7,0.2917,Champions,3
15015.0,1,Churné,0.41984795963720667,0,Va rester,2 - Risque moyen,310,13,2365.02,181.92,158,534,7,0.5385,En danger,3
14796.0,0,Actif,0.056993167032935395,0,Va rester,3 - Risque faible,26,19,6345.9,333.99,313,534,7,0.3684,Champions,3
17012.0,1,Churné,0.9410066247851144,1,Risque churn,1 - Risque élevé,534,1,384.16,384.16,34,534,0,0.0,Perdus,2
17262.0,0,Actif,0.23120939987708572,0,Va rester,3 - Risque faible,36,10,2459.62,245.96,10,533,0,0.0,Champions,2
16605.0,1,Churné,0.9492742379799088,1,Risque churn,1 - Risque élevé,533,1,60.48,60.48,1,533,0,0.0,Perdus,2
15184.0,0,Actif,0.6194510076479383,1,Risque churn,2 - Risque moyen,196,2,283.19,141.6,19,532,0,0.0,Sur le point de Partir,2
18144.0,0,Actif,0.15870000765027784,0,Va rester,3 - Risque faible,21,14,3774.9,269.64,49,532,0,0.0,Champions,3
13941.0,0,Actif,0.2643577130485161,0,Va rester,3 - Risque faible,106,12,8128.3,677.36,36,532,1,0.0833,Fidèles,3
15874.0,0,Actif,0.07335109486336802,0,Va rester,3 - Risque faible,26,19,9041.68,475.88,233,510,3,0.1579,Champions,3
15100.0,1,Churné,0.37460247282957065,0,Va rester,3 - Risque faible,142,7,2894.7,413.53,11,510,7,1.0,Fidèles,3
15324.0,1,Churné,0.9410330532697513,1,Risque churn,1 - Risque élevé,510,1,140.22,140.22,8,510,0,0.0,Perdus,2
14465.0,1,Churné,0.16804029917999289,0,Va rester,3 - Risque faible,55,11,3946.03,358.73,128,510,0,0.0,Champions,3
13634.0,0,Actif,0.1254707259719401,0,Va rester,3 - Risque faible,51,13,4123.72,317.21,186,507,1,0.0769,Champions,3
14461.0,0,Actif,0.06690821969720676,0,Va rester,3 - Risque faible,70,11,5386.67,489.7,424,499,1,0.0909,Champions,3
17966.0,0,Actif,0.2969418589961871,0,Va rester,3 - Risque faible,70,6,1022.99,170.5,37,499,0,0.0,Champions,2
17773.0,1,Churné,0.7096505939249913,1,Risque churn,1 - Risque élevé,323,2,585.27,292.64,48,499,0,0.0,Perdus,2
13877.0,0,Actif,0.6631378615547842,1,Risque churn,2 - Risque moyen,279,2,332.44,166.22,20,498,2,1.0,Sur le point de Partir,2
14556.0,1,Churné,0.6721825194084791,1,Risque churn,2 - Risque moyen,405,3,835.34,278.45,158,497,0,0.0,En danger,2
13971.0,0,Actif,0.15203174260563462,0,Va rester,3 - Risque faible,23,9,2883.83,320.43,129,491,3,0.3333,Champions,3
14365.0,1,Churné,0.5819095109993574,1,Risque churn,2 - Risque moyen,203,2,634.68,317.34,50,490,0,0.0,Sur le point de Partir,2
15389.0,0,Actif,0.5376308033601238,1,Risque churn,2 - Risque moyen,209,4,2233.8,558.45,2,490,0,0.0,En danger,2
14167.0,0,Actif,0.29127148076462184,0,Va rester,3 - Risque faible,72,6,980.65,163.44,41,490,0,0.0,Champions,2
15385.0,0,Actif,0.6161710247570694,1,Risque churn,2 - Risque moyen,201,2,625.2,312.6,8,486,0,0.0,Sur le point de Partir,2
13443.0,1,Churné,0.41759747873774183,0,Va rester,2 - Risque moyen,257,6,1280.16,213.36,176,486,1,0.1667,En danger,2
18212.0,1,Churné,0.5207440177275583,1,Risque churn,2 - Risque moyen,135,2,546.72,273.36,40,486,0,0.0,Besoin d'Attention,2
17107.0,0,Actif,0.09795562737954096,0,Va rester,3 - Risque faible,17,6,9378.8,1563.13,279,486,2,0.3333,Champions,3
13916.0,1,Churné,0.5513216007842778,1,Risque churn,2 - Risque moyen,272,4,1275.81,318.95,72,484,1,0.25,En danger,2
16082.0,1,Churné,0.9295177558460164,1,Risque churn,1 - Risque élevé,479,1,106.75,106.75,16,479,0,0.0,Perdus,2
16781.0,1,Churné,0.5606726176986949,1,Risque churn,2 - Risque moyen,181,2,934.25,467.12,36,478,1,0.5,Besoin d'Attention,2
17514.0,0,Actif,0.9206536130878377,1,Risque churn,1 - Risque élevé,478,1,334.18,334.18,41,478,0,0.0,Perdus,2
17774.0,0,Actif,0.14040479502167208,0,Va rester,3 - Risque faible,58,7,2697.63,385.38,241,478,3,0.4286,Champions,3
17731.0,0,Actif,0.8061841960330147,1,Risque churn,1 - Risque élevé,430,2,468.88,234.44,30,477,0,0.0,Perdus,2
16419.0,0,Actif,0.32901189551258125,0,Va rester,3 - Risque faible,84,4,1032.12,258.03,48,477,1,0.25,Champions,2
13696.0,1,Churné,0.5712163130395386,1,Risque churn,2 - Risque moyen,230,3,2020.4,673.47,24,475,1,0.3333,Sur le point de Partir,2
13551.0,1,Churné,0.5484124026411717,1,Risque churn,2 - Risque moyen,128,2,244.2,122.1,5,475,0,0.0,Besoin d'Attention,2
13629.0,0,Actif,0.18539423389364784,0,Va rester,3 - Risque faible,19,12,8466.5,705.54,7,475,0,0.0,Champions,3
15293.0,1,Churné,0.9257302216278482,1,Risque churn,1 - Risque élevé,474,1,247.5,247.5,19,474,0,0.0,Perdus,2
16661.0,1,Churné,0.6754392810870758,1,Risque churn,2 - Risque moyen,349,4,986.63,246.66,50,531,1,0.25,En danger,2
16720.0,0,Actif,0.5176274057672547,1,Risque churn,2 - Risque moyen,185,2,640.24,320.12,107,531,1,0.5,Besoin d'Attention,2
17638.0,1,Churné,0.8437308556208204,1,Risque churn,1 - Risque élevé,456,2,842.4,421.2,2,530,0,0.0,Perdus,2
18036.0,0,Actif,0.14679434925461235,0,Va rester,3 - Risque faible,54,9,1268.82,140.98,199,530,0,0.0,Champions,3
14105.0,1,Churné,0.16718374969188582,0,Va rester,3 - Risque faible,48,5,5988.83,1197.77,200,530,3,0.6,Champions,3
16282.0,1,Churné,0.48055631346670324,0,Va rester,2 - Risque moyen,148,3,1307.58,435.86,31,527,0,0.0,Besoin d'Attention,2
13510.0,0,Actif,0.33439200329454893,0,Va rester,3 - Risque faible,184,7,2766.73,395.25,126,527,5,0.7143,Fidèles,3
14119.0,1,Churné,0.6006240389730289,1,Risque churn,2 - Risque moyen,184,2,183.37,91.69,11,527,1,0.5,Besoin d'Attention,2
13082.0,0,Actif,0.1457392811488334,0,Va rester,3 - Risque faible,44,17,5682.3,334.25,86,526,4,0.2353,Champions,3
13821.0,0,Actif,0.22184086360024657,0,Va rester,3 - Risque faible,70,5,1295.24,259.05,151,513,1,0.2,Champions,2
14477.0,0,Actif,0.39371631286574826,0,Va rester,3 - Risque faible,106,4,825.0,206.25,3,513,2,0.5,Fidèles,2
17950.0,0,Actif,0.35815719619309655,0,Va rester,3 - Risque faible,174,6,1213.78,202.3,110,513,1,0.1667,Fidèles,2
13253.0,0,Actif,0.43831835978870737,0,Va rester,2 - Risque moyen,148,3,2397.19,799.06,55,512,0,0.0,Besoin d'Attention,2
14541.0,0,Actif,0.15236902328296578,0,Va rester,3 - Risque faible,23,12,2051.78,170.98,99,510,0,0.0,Champions,3
18041.0,0,Actif,0.030703912195264322,0,Va rester,3 - Risque faible,22,30,7200.0,240.0,343,503,2,0.0667,Champions,3
16085.0,0,Actif,0.1411100880321591,0,Va rester,3 - Risque faible,45,9,1687.06,187.45,196,497,1,0.1111,Champions,3
15296.0,0,Actif,0.08590305229025015,0,Va rester,3 - Risque faible,21,8,8447.78,1055.97,321,496,4,0.5,Champions,3
17180.0,0,Actif,0.14603608489977413,0,Va rester,3 - Risque faible,50,10,2025.81,202.58,179,496,3,0.3,Champions,3
13192.0,0,Actif,0.1956651233575127,0,Va rester,3 - Risque faible,14,5,2110.96,422.19,113,495,2,0.4,Champions,3
13249.0,0,Actif,0.30715916991731257,0,Va rester,3 - Risque faible,70,7,1189.36,169.91,2,493,0,0.0,Champions,2
17584.0,0,Actif,0.5734555725993902,1,Risque churn,2 - Risque moyen,276,4,4067.12,1016.78,73,492,0,0.0,En danger,2
16795.0,1,Churné,0.2417827709434425,0,Va rester,3 - Risque faible,174,3,2492.39,830.8,306,492,2,0.6667,Besoin d'Attention,3
16326.0,0,Actif,0.12361639783016577,0,Va rester,3 - Risque faible,23,13,2251.71,173.21,152,489,1,0.0769,Champions,3
16535.0,1,Churné,0.6033055028636393,1,Risque churn,2 - Risque moyen,194,2,407.84,203.92,36,489,0,0.0,Besoin d'Attention,2
12823.0,0,Actif,0.2087341628655066,0,Va rester,3 - Risque faible,63,16,5736.5,358.53,1,488,0,0.0,Champions,3
12848.0,1,Churné,0.9303838936639257,1,Risque churn,1 - Risque élevé,484,1,208.0,208.0,16,484,0,0.0,Perdus,2
13538.0,0,Actif,0.2502801308533741,0,Va rester,3 - Risque faible,83,7,2336.18,333.74,102,484,0,0.0,Champions,2
14038.0,0,Actif,0.2307898950929219,0,Va rester,3 - Risque faible,16,3,2225.82,741.94,87,482,3,1.0,Potentiellement Fidèles,2
17281.0,1,Churné,0.4723803003051485,0,Va rester,2 - Risque moyen,183,6,797.85,132.98,2,482,0,0.0,Fidèles,2
16383.0,0,Actif,0.17623355708771535,0,Va rester,3 - Risque faible,77,6,2615.94,435.99,219,482,2,0.3333,Champions,3
15167.0,1,Churné,0.2143898133924869,0,Va rester,3 - Risque faible,129,5,1659.67,331.93,262,482,0,0.0,Fidèles,3
15810.0,0,Actif,0.2240811559195656,0,Va rester,3 - Risque faible,41,6,2461.18,410.2,76,482,2,0.3333,Champions,3
15784.0,1,Churné,0.6672064586740285,1,Risque churn,2 - Risque moyen,276,2,848.33,424.17,33,481,0,0.0,Sur le point de Partir,2
18179.0,0,Actif,0.2558950870794429,0,Va rester,3 - Risque faible,61,6,1857.54,309.59,70,472,0,0.0,Champions,2
12972.0,1,Churné,0.4892238573144476,0,Va rester,2 - Risque moyen,222,4,1161.2,290.3,69,470,2,0.5,En danger,2
18285.0,1,Churné,0.9240276702460977,1,Risque churn,1 - Risque élevé,469,1,427.0,427.0,12,469,0,0.0,Perdus,2
16938.0,0,Actif,0.10902909036338725,0,Va rester,3 - Risque faible,117,6,4574.4,762.4,429,469,0,0.0,Fidèles,3
14890.0,1,Churné,0.3419033064665066,0,Va rester,3 - Risque faible,62,3,817.25,272.42,55,468,0,0.0,Potentiellement Fidèles,2
16574.0,0,Actif,0.6085825354326354,1,Risque churn,2 - Risque moyen,232,2,850.34,425.17,58,467,0,0.0,Sur le point de Partir,2
13191.0,1,Churné,0.9130917331050479,1,Risque churn,1 - Risque élevé,467,1,164.69,164.69,58,467,0,0.0,Perdus,2
15182.0,0,Actif,0.23257310378946386,0,Va rester,3 - Risque faible,77,10,2746.58,274.66,75,465,3,0.3,Champions,3
13980.0,0,Actif,0.5362403358320728,1,Risque churn,2 - Risque moyen,248,4,599.78,149.95,47,465,4,1.0,En danger,2
16273.0,1,Churné,0.8289189990055918,1,Risque churn,1 - Risque élevé,457,2,336.04,168.02,15,465,0,0.0,Perdus,2
17667.0,0,Actif,0.1673164033255734,0,Va rester,3 - Risque faible,20,7,3251.86,464.55,135,463,3,0.4286,Champions,3
12998.0,1,Churné,0.6185490677366415,1,Risque churn,2 - Risque moyen,301,3,920.08,306.69,58,462,1,0.3333,En danger,2
15439.0,1,Churné,0.5140898235607712,1,Risque churn,2 - Risque moyen,213,4,1269.05,317.26,49,462,0,0.0,En danger,2
16677.0,1,Churné,0.5919719448562278,1,Risque churn,2 - Risque moyen,220,2,880.62,440.31,45,461,1,0.5,Sur le point de Partir,2
13652.0,0,Actif,0.2709703632880653,0,Va rester,3 - Risque faible,65,4,2114.01,528.5,102,461,0,0.0,Champions,2
18069.0,0,Actif,0.06031627592037988,0,Va rester,3 - Risque faible,44,8,3193.45,399.18,465,458,1,0.125,Champions,3
16519.0,0,Actif,0.5079038572235512,1,Risque churn,2 - Risque moyen,174,3,444.88,148.29,25,457,0,0.0,Besoin d'Attention,2
14257.0,0,Actif,0.30060988587943527,0,Va rester,3 - Risque faible,127,5,3474.87,694.97,127,457,0,0.0,Fidèles,2
17330.0,0,Actif,0.7620426464077686,1,Risque churn,1 - Risque élevé,353,2,59.9,29.95,2,456,0,0.0,Perdus,2
16946.0,1,Churné,0.4437831039727201,0,Va rester,2 - Risque moyen,192,5,1222.04,244.41,69,456,1,0.2,Fidèles,2
16177.0,0,Actif,0.47778122535394013,0,Va rester,2 - Risque moyen,245,7,1915.36,273.62,66,456,4,0.5714,En danger,2
13793.0,1,Churné,0.923151041617732,1,Risque churn,1 - Risque élevé,455,1,96.0,96.0,7,455,0,0.0,Perdus,2
13873.0,0,Actif,0.22716376185678983,0,Va rester,3 - Risque faible,27,7,879.72,125.67,47,455,1,0.1429,Champions,2
16636.0,1,Churné,0.5363344214348755,1,Risque churn,2 - Risque moyen,247,4,3802.04,950.51,62,455,0,0.0,En danger,2
13214.0,1,Churné,0.3509383888028601,0,Va rester,3 - Risque faible,226,7,3264.23,466.32,207,455,0,0.0,En danger,3
13722.0,0,Actif,0.2448383268399864,0,Va rester,3 - Risque faible,91,8,4723.47,590.43,112,455,0,0.0,Champions,3
18152.0,1,Churné,0.9191673601971021,1,Risque churn,1 - Risque élevé,455,1,426.69,426.69,10,455,0,0.0,Perdus,2
13377.0,1,Churné,0.5120226692140478,1,Risque churn,2 - Risque moyen,205,2,1552.88,776.44,71,454,2,1.0,Sur le point de Partir,2
14426.0,0,Actif,0.08794514196623716,0,Va rester,3 - Risque faible,85,10,8741.85,874.19,384,454,7,0.7,Champions,3
14748.0,0,Actif,0.18389643379827458,0,Va rester,3 - Risque faible,21,8,2507.7,313.46,94,454,6,0.75,Champions,3
17448.0,1,Churné,0.036092514300999974,0,Va rester,3 - Risque faible,306,46,14556.97,316.46,569,454,7,0.1522,En danger,3
13476.0,0,Actif,0.3320404088333911,0,Va rester,3 - Risque faible,90,4,1550.6,387.65,61,453,1,0.25,Champions,2
13544.0,0,Actif,0.18694948673118988,0,Va rester,3 - Risque faible,49,5,660.5,132.1,186,453,1,0.2,Champions,3
13799.0,0,Actif,0.2880699160421244,0,Va rester,3 - Risque faible,103,8,2456.41,307.05,52,453,4,0.5,Fidèles,3
14877.0,1,Churné,0.5946466661304505,1,Risque churn,2 - Risque moyen,227,2,437.0,218.5,57,451,0,0.0,Sur le point de Partir,2
13764.0,0,Actif,0.2844848937542298,0,Va rester,3 - Risque faible,146,4,1931.39,482.85,196,451,0,0.0,Fidèles,2
13276.0,0,Actif,0.384823737965332,0,Va rester,3 - Risque faible,206,3,1348.33,449.44,184,451,2,0.6667,Sur le point de Partir,2
15250.0,1,Churné,0.9222632650141874,1,Risque churn,1 - Risque élevé,449,1,60.0,60.0,3,449,0,0.0,Perdus,2
12954.0,1,Churné,0.9185898287113773,1,Risque churn,1 - Risque élevé,447,1,162.45,162.45,10,447,0,0.0,Perdus,2
15221.0,1,Churné,0.45824879269350527,0,Va rester,2 - Risque moyen,175,4,2465.45,616.36,21,446,3,0.75,Fidèles,2
13530.0,1,Churné,0.9121783333940943,1,Risque churn,1 - Risque élevé,443,1,402.98,402.98,18,443,0,0.0,Perdus,2
15227.0,0,Actif,0.2020283581293732,0,Va rester,3 - Risque faible,24,7,2145.91,306.56,79,442,0,0.0,Champions,2
16652.0,0,Actif,0.15559676253335405,0,Va rester,3 - Risque faible,21,12,13831.04,1152.59,108,441,6,0.5,Champions,3
13612.0,1,Churné,0.8829229354002722,1,Risque churn,1 - Risque élevé,441,1,818.29,818.29,50,441,1,1.0,Perdus,2
13451.0,0,Actif,0.04503838842711187,0,Va rester,3 - Risque faible,20,9,5867.15,651.91,490,437,2,0.2222,Champions,3
14928.0,1,Churné,0.8984194880633124,1,Risque churn,1 - Risque élevé,436,1,223.91,223.91,21,436,1,1.0,Perdus,2
17552.0,0,Actif,0.36632906422245165,0,Va rester,3 - Risque faible,181,10,2453.4,245.34,64,436,2,0.2,Fidèles,2
16132.0,1,Churné,0.7420861381367162,1,Risque churn,1 - Risque élevé,353,2,664.2,332.1,14,436,0,0.0,Perdus,2
17640.0,0,Actif,0.44017585705131806,0,Va rester,2 - Risque moyen,188,5,2547.28,509.46,47,435,2,0.4,Fidèles,2
14596.0,1,Churné,0.90044920285848,1,Risque churn,1 - Risque élevé,435,1,229.47,229.47,50,435,0,0.0,Perdus,2
15105.0,0,Actif,0.6078391440179887,1,Risque churn,2 - Risque moyen,239,2,795.98,397.99,50,435,0,0.0,Sur le point de Partir,2
16970.0,1,Churné,0.9169007413117127,1,Risque churn,1 - Risque élevé,435,1,71.4,71.4,2,435,0,0.0,Perdus,2
14166.0,1,Churné,0.6947036949717474,1,Risque churn,2 - Risque moyen,314,2,256.85,128.43,39,435,0,0.0,Perdus,2
13445.0,1,Churné,0.9137165994392064,1,Risque churn,1 - Risque élevé,435,1,241.9,241.9,7,435,0,0.0,Perdus,2
14947.0,0,Actif,0.4972511058212708,0,Va rester,2 - Risque moyen,197,4,758.97,189.74,37,433,0,0.0,En danger,2
17001.0,0,Actif,0.14697134255021382,0,Va rester,3 - Risque faible,16,13,4453.17,342.55,86,433,0,0.0,Champions,3
12870.0,1,Churné,0.46771680826055867,0,Va rester,2 - Risque moyen,184,3,1676.95,558.98,85,433,1,0.3333,Besoin d'Attention,2
14704.0,0,Actif,0.6029581868639282,1,Risque churn,2 - Risque moyen,233,2,266.66,133.33,53,433,0,0.0,Sur le point de Partir,2
14537.0,0,Actif,0.898427818624738,1,Risque churn,1 - Risque élevé,432,1,285.84,285.84,13,432,1,1.0,Perdus,2
14805.0,0,Actif,0.3565411378254438,0,Va rester,3 - Risque faible,122,4,659.24,164.81,82,430,0,0.0,Fidèles,2
16934.0,0,Actif,0.446280053380672,0,Va rester,2 - Risque moyen,192,4,1160.06,290.02,77,430,1,0.25,Fidèles,2
16784.0,0,Actif,0.3883984997225948,0,Va rester,3 - Risque faible,185,4,788.93,197.23,137,430,0,0.0,Fidèles,2
15423.0,0,Actif,0.7674642295142247,1,Risque churn,1 - Risque élevé,390,2,223.39,111.7,12,430,1,0.5,Perdus,2
14078.0,0,Actif,0.20096289295271946,0,Va rester,3 - Risque faible,22,7,1227.24,175.32,89,430,0,0.0,Champions,0
15981.0,0,Actif,0.11638378349338813,0,Va rester,3 - Risque faible,19,17,7576.49,445.68,124,429,6,0.3529,Champions,3
13412.0,1,Churné,0.9001649781917002,1,Risque churn,1 - Risque élevé,429,1,487.35,487.35,33,429,0,0.0,Perdus,2
15575.0,1,Churné,0.9141469880742703,1,Risque churn,1 - Risque élevé,428,1,30.1,30.1,3,428,0,0.0,Perdus,2
17586.0,1,Churné,0.9112235436834628,1,Risque churn,1 - Risque élevé,428,1,167.4,167.4,8,428,0,0.0,Perdus,2
17602.0,0,Actif,0.1763363948568679,0,Va rester,3 - Risque faible,133,9,3115.21,346.13,270,428,2,0.2222,Fidèles,3
18056.0,1,Churné,0.46559356705190996,0,Va rester,2 - Risque moyen,97,2,554.6,277.3,28,427,1,0.5,Besoin d'Attention,2
14916.0,0,Actif,0.3638435187730875,0,Va rester,3 - Risque faible,133,5,2069.02,413.8,62,426,2,0.4,Fidèles,2
15173.0,1,Churné,0.40895083255790654,0,Va rester,2 - Risque moyen,189,7,1494.6,213.51,68,426,1,0.1429,Fidèles,2
14221.0,0,Actif,0.1640656333749486,0,Va rester,3 - Risque faible,15,10,3948.67,394.87,92,421,1,0.1,Champions,3
13723.0,1,Churné,0.24166535834188363,0,Va rester,3 - Risque faible,26,6,1209.2,201.53,51,420,0,0.0,Champions,0
14758.0,0,Actif,0.20309045486513902,0,Va rester,3 - Risque faible,14,6,2587.85,431.31,84,419,0,0.0,Champions,0
15062.0,0,Actif,0.19886634792596233,0,Va rester,3 - Risque faible,26,7,2411.8,344.54,95,419,0,0.0,Champions,0
15129.0,0,Actif,0.14135444290480417,0,Va rester,3 - Risque faible,19,16,4533.16,283.32,68,419,0,0.0,Champions,3
14791.0,1,Churné,0.9002939193515157,1,Risque churn,1 - Risque élevé,415,1,303.63,303.63,19,415,0,0.0,Perdus,2
15546.0,1,Churné,0.7745208623732326,1,Risque churn,1 - Risque élevé,415,2,1079.1,539.55,6,415,1,0.5,Perdus,2
14844.0,0,Actif,0.20720579250176133,0,Va rester,3 - Risque faible,50,7,4387.17,626.74,122,415,2,0.2857,Champions,3
12982.0,1,Churné,0.17990880988815813,0,Va rester,3 - Risque faible,51,8,2744.81,343.1,139,415,9,1.125,Champions,3
14853.0,0,Actif,0.2816289979723838,0,Va rester,3 - Risque faible,20,4,1115.57,278.89,21,414,1,0.25,Champions,2
17505.0,0,Actif,0.25508537394675346,0,Va rester,3 - Risque faible,14,4,1776.63,444.16,65,414,0,0.0,Champions,2
13647.0,0,Actif,0.2597267083177202,0,Va rester,3 - Risque faible,43,5,1818.2,363.64,68,412,0,0.0,Champions,2
17474.0,1,Churné,0.8921546960267465,1,Risque churn,1 - Risque élevé,408,1,1047.0,1047.0,6,408,0,0.0,Perdus,2
16279.0,0,Actif,0.3257971618343586,0,Va rester,3 - Risque faible,194,6,4195.5,699.25,165,405,1,0.1667,Fidèles,3
16028.0,1,Churné,0.9022901701897468,1,Risque churn,1 - Risque élevé,404,1,82.2,82.2,5,404,0,0.0,Perdus,2
13656.0,0,Actif,0.4037533929857409,0,Va rester,2 - Risque moyen,146,3,861.9,287.3,64,404,3,1.0,Besoin d'Attention,2
14773.0,1,Churné,0.8854135982474807,1,Risque churn,1 - Risque élevé,401,1,140.55,140.55,10,401,1,1.0,Perdus,2
13012.0,0,Actif,0.22067542932874684,0,Va rester,3 - Risque faible,22,6,2018.38,336.4,67,401,2,0.3333,Champions,3
16088.0,1,Churné,0.7566734402434406,1,Risque churn,1 - Risque élevé,384,2,1437.43,718.71,3,400,0,0.0,Perdus,2
16267.0,1,Churné,0.8984711588769513,1,Risque churn,1 - Risque élevé,400,1,186.66,186.66,7,400,0,0.0,Perdus,2
16648.0,0,Actif,0.6579772198424296,1,Risque churn,2 - Risque moyen,264,2,382.14,191.07,18,399,0,0.0,Sur le point de Partir,2
13238.0,0,Actif,0.5083343696837926,1,Risque churn,2 - Risque moyen,169,3,397.05,132.35,13,399,0,0.0,Besoin d'Attention,2
16767.0,0,Actif,0.17485621120378567,0,Va rester,3 - Risque faible,28,7,5142.26,734.61,145,399,1,0.1429,Champions,3
15373.0,0,Actif,0.16766081155394255,0,Va rester,3 - Risque faible,19,11,2197.23,199.75,91,395,1,0.0909,Champions,3
15426.0,0,Actif,0.17820464900116895,0,Va rester,3 - Risque faible,66,6,1830.98,305.16,218,395,1,0.1667,Champions,3
16317.0,0,Actif,0.3604638786732995,0,Va rester,3 - Risque faible,106,3,1421.62,473.87,69,393,1,0.3333,Besoin d'Attention,2
15391.0,1,Churné,0.8781316829723487,1,Risque churn,1 - Risque élevé,393,1,289.87,289.87,12,393,1,1.0,Perdus,2
15396.0,0,Actif,0.8922209034576334,1,Risque churn,1 - Risque élevé,392,1,508.2,508.2,2,392,0,0.0,Perdus,2
15488.0,0,Actif,0.6154445242842523,1,Risque churn,2 - Risque moyen,265,4,340.6,85.15,8,392,0,0.0,En danger,2
18028.0,1,Churné,0.8954860887786105,1,Risque churn,1 - Risque élevé,392,1,192.05,192.05,4,392,0,0.0,Perdus,2
15097.0,1,Churné,0.7435038450841792,1,Risque churn,1 - Risque élevé,392,2,660.27,330.14,39,392,2,1.0,Perdus,2
16890.0,1,Churné,0.6500884913045404,1,Risque churn,2 - Risque moyen,285,3,285.41,95.14,17,391,0,0.0,En danger,2
13974.0,0,Actif,0.8606284850974526,1,Risque churn,1 - Risque élevé,391,1,264.13,264.13,15,391,2,2.0,Perdus,2
14474.0,0,Actif,0.8469570714050395,1,Risque churn,1 - Risque élevé,388,1,730.42,730.42,97,388,0,0.0,Perdus,2
17292.0,1,Churné,0.6724703168949376,1,Risque churn,2 - Risque moyen,281,2,271.75,135.88,14,388,0,0.0,Perdus,2
17720.0,0,Actif,0.21258307719128458,0,Va rester,3 - Risque faible,34,8,2105.35,263.17,69,387,2,0.25,Champions,0
15405.0,0,Actif,0.8837356633968182,1,Risque churn,1 - Risque élevé,385,1,310.74,310.74,22,385,0,0.0,Perdus,2
14039.0,0,Actif,0.892402825656863,1,Risque churn,1 - Risque élevé,384,1,115.08,115.08,4,384,0,0.0,Perdus,2
15597.0,0,Actif,0.886794017850918,1,Risque churn,1 - Risque élevé,384,1,238.8,238.8,15,384,0,0.0,Perdus,2
15210.0,1,Churné,0.2940200216549479,0,Va rester,3 - Risque faible,34,3,1176.19,392.06,66,384,0,0.0,Potentiellement Fidèles,2
12894.0,1,Churné,0.8856391894250514,1,Risque churn,1 - Risque élevé,384,1,157.35,157.35,21,384,0,0.0,Perdus,2
12880.0,1,Churné,0.558200675079245,1,Risque churn,2 - Risque moyen,190,2,640.13,320.07,32,383,0,0.0,Besoin d'Attention,2
16115.0,0,Actif,0.16128632331289214,0,Va rester,3 - Risque faible,21,7,1418.07,202.58,158,383,0,0.0,Champions,0
16836.0,0,Actif,0.5895963304006904,1,Risque churn,2 - Risque moyen,215,2,530.5,265.25,31,383,0,0.0,Sur le point de Partir,2
15723.0,1,Churné,0.3961264638656091,0,Va rester,3 - Risque faible,173,4,947.65,236.91,108,383,0,0.0,Fidèles,2
16507.0,1,Churné,0.8778545579639725,1,Risque churn,1 - Risque élevé,381,1,152.76,152.76,37,381,0,0.0,Perdus,2
14017.0,1,Churné,0.8851319457389248,1,Risque churn,1 - Risque élevé,380,1,229.75,229.75,14,380,0,0.0,Perdus,2
15071.0,0,Actif,0.38563827646555976,0,Va rester,3 - Risque faible,84,3,1062.16,354.05,31,379,0,0.0,Potentiellement Fidèles,2
15282.0,1,Churné,0.8779041505273045,1,Risque churn,1 - Risque élevé,379,1,348.59,348.59,27,379,0,0.0,Perdus,2
14513.0,0,Actif,0.2700919839767461,0,Va rester,3 - Risque faible,15,5,649.77,129.95,15,377,1,0.2,Champions,0
14671.0,1,Churné,0.7275257995714112,1,Risque churn,1 - Risque élevé,358,2,1127.45,563.73,48,377,0,0.0,Perdus,2
18011.0,1,Churné,0.5248008765905865,1,Risque churn,2 - Risque moyen,182,2,527.03,263.52,63,376,0,0.0,Besoin d'Attention,2
16121.0,0,Actif,0.19379694178698734,0,Va rester,3 - Risque faible,24,4,897.87,224.47,159,374,1,0.25,Champions,3
16075.0,1,Churné,0.6619374594528348,1,Risque churn,2 - Risque moyen,311,2,736.93,368.47,41,373,1,0.5,Perdus,2
16046.0,1,Churné,0.8769082979658176,1,Risque churn,1 - Risque élevé,371,1,235.78,235.78,22,371,0,0.0,Perdus,2
16391.0,1,Churné,0.3168932935356914,0,Va rester,3 - Risque faible,209,4,1103.61,275.9,261,370,0,0.0,En danger,3
15887.0,1,Churné,0.5491400880536863,1,Risque churn,2 - Risque moyen,215,3,1027.15,342.38,27,364,0,0.0,Sur le point de Partir,2
17096.0,0,Actif,0.20697192549882276,0,Va rester,3 - Risque faible,70,8,2870.54,358.82,132,364,3,0.375,Champions,3
13031.0,1,Churné,0.29051406960853554,0,Va rester,3 - Risque faible,216,5,3419.27,683.85,275,363,0,0.0,En danger,3
14486.0,1,Churné,0.7121231317750274,1,Risque churn,1 - Risque élevé,320,2,175.5,87.75,4,362,0,0.0,Perdus,2
14436.0,0,Actif,0.8804346426570095,1,Risque churn,1 - Risque élevé,362,1,182.64,182.64,2,362,0,0.0,Perdus,2
14786.0,1,Churné,0.878055446663046,1,Risque churn,1 - Risque élevé,359,1,90.96,90.96,7,359,0,0.0,Perdus,2
15551.0,0,Actif,0.4233287329362736,0,Va rester,2 - Risque moyen,203,6,1274.02,212.34,95,359,2,0.3333,En danger,0
17902.0,1,Churné,0.8668298331850488,1,Risque churn,1 - Risque élevé,355,1,216.4,216.4,24,355,0,0.0,Perdus,2
13545.0,1,Churné,0.5332676291915076,1,Risque churn,2 - Risque moyen,199,2,374.64,187.32,54,353,1,0.5,Sur le point de Partir,2
13383.0,1,Churné,0.8733212946443305,1,Risque churn,1 - Risque élevé,352,1,305.28,305.28,1,352,0,0.0,Perdus,2
15016.0,0,Actif,0.4639211525066161,0,Va rester,2 - Risque moyen,202,4,460.26,115.07,77,352,1,0.25,En danger,2
15361.0,1,Churné,0.49207512011680976,0,Va rester,2 - Risque moyen,170,4,689.07,172.27,10,352,0,0.0,Fidèles,0
15817.0,1,Churné,0.4590041445473832,0,Va rester,2 - Risque moyen,229,3,2766.4,922.13,133,352,0,0.0,Sur le point de Partir,2
15816.0,1,Churné,0.7219175218524662,1,Risque churn,1 - Risque élevé,351,2,144.15,72.08,11,351,1,0.5,Perdus,2
14374.0,1,Churné,0.8725665270693791,1,Risque churn,1 - Risque élevé,350,1,108.0,108.0,7,350,0,0.0,Perdus,2
17098.0,1,Churné,0.5350525892825646,1,Risque churn,2 - Risque moyen,190,3,591.07,197.02,10,349,0,0.0,Besoin d'Attention,2
16515.0,0,Actif,0.19791127485321988,0,Va rester,3 - Risque faible,55,7,2211.5,315.93,150,349,0,0.0,Champions,0
15786.0,0,Actif,0.3822075118320269,0,Va rester,3 - Risque faible,226,2,3582.62,1791.31,166,345,2,1.0,Sur le point de Partir,3
15081.0,0,Actif,0.19512626260989388,0,Va rester,3 - Risque faible,17,9,1708.97,189.89,65,344,1,0.1111,Champions,0
16894.0,1,Churné,0.5375048989533985,1,Risque churn,2 - Risque moyen,311,3,1324.06,441.35,186,344,2,0.6667,En danger,3
17380.0,1,Churné,0.5977074794960792,1,Risque churn,2 - Risque moyen,243,3,645.0,215.0,5,343,1,0.3333,Sur le point de Partir,2
14725.0,0,Actif,0.516672464364504,1,Risque churn,2 - Risque moyen,203,3,597.16,199.05,41,343,1,0.3333,Sur le point de Partir,2
17310.0,1,Churné,0.5955497724334695,1,Risque churn,2 - Risque moyen,196,2,1025.1,512.55,1,343,0,0.0,Sur le point de Partir,2
13942.0,1,Churné,0.8676866440255002,1,Risque churn,1 - Risque élevé,343,1,320.0,320.0,1,343,0,0.0,Perdus,2
16180.0,0,Actif,0.1401987516514221,0,Va rester,3 - Risque faible,19,9,8741.12,971.24,162,343,1,0.1111,Champions,3
15913.0,1,Churné,0.8723790378022829,1,Risque churn,1 - Risque élevé,343,1,6.3,6.3,1,343,0,0.0,Perdus,2
17099.0,1,Churné,0.8450314581929568,1,Risque churn,1 - Risque élevé,342,1,582.17,582.17,40,342,0,0.0,Perdus,2
17194.0,1,Churné,0.3646249636165416,0,Va rester,3 - Risque faible,82,3,812.5,270.83,57,339,0,0.0,Potentiellement Fidèles,2
17578.0,1,Churné,0.2285980164967819,0,Va rester,3 - Risque faible,27,7,1047.33,149.62,57,338,2,0.2857,Champions,0
12911.0,1,Churné,0.7271266327605278,1,Risque churn,1 - Risque élevé,360,1,1680.47,1680.47,220,360,0,0.0,Perdus,2
16340.0,0,Actif,0.4896313213904989,0,Va rester,2 - Risque moyen,248,2,976.99,488.5,170,360,0,0.0,Sur le point de Partir,2
14734.0,1,Churné,0.5284335541648004,1,Risque churn,2 - Risque moyen,234,4,1056.42,264.1,48,360,1,0.25,En danger,2
14309.0,0,Actif,0.2283416318045354,0,Va rester,3 - Risque faible,43,6,2364.16,394.03,96,359,1,0.1667,Champions,0
17440.0,0,Actif,0.3668997011894922,0,Va rester,3 - Risque faible,56,3,261.78,87.26,4,358,1,0.3333,Potentiellement Fidèles,2
17713.0,1,Churné,0.46470464778206055,0,Va rester,2 - Risque moyen,191,4,1198.09,299.52,55,357,0,0.0,Fidèles,2
13752.0,0,Actif,0.25078938222437436,0,Va rester,3 - Risque faible,17,4,1129.12,282.28,66,336,0,0.0,Champions,0
18053.0,0,Actif,0.6927729578132583,1,Risque churn,2 - Risque moyen,334,2,271.05,135.53,12,336,2,1.0,Perdus,2
13439.0,1,Churné,0.2725880160162002,0,Va rester,3 - Risque faible,64,3,986.61,328.87,132,335,0,0.0,Potentiellement Fidèles,0
16907.0,0,Actif,0.2253741230158022,0,Va rester,3 - Risque faible,43,7,1310.25,187.18,88,335,0,0.0,Champions,0
18230.0,0,Actif,0.24759766468700875,0,Va rester,3 - Risque faible,16,5,2735.16,547.03,42,334,2,0.4,Champions,0
14699.0,1,Churné,0.2729236987568118,0,Va rester,3 - Risque faible,23,4,702.6,175.65,45,334,0,0.0,Champions,0
13246.0,0,Actif,0.12198940126739871,0,Va rester,3 - Risque faible,15,9,3048.65,338.74,207,334,2,0.2222,Champions,3
16110.0,0,Actif,0.20880395327917242,0,Va rester,3 - Risque faible,71,3,1175.72,391.91,235,331,0,0.0,Potentiellement Fidèles,0
15969.0,0,Actif,0.6184008215283093,1,Risque churn,2 - Risque moyen,234,2,460.95,230.47,15,331,0,0.0,Sur le point de Partir,2
15076.0,0,Actif,0.6537701386187738,1,Risque churn,2 - Risque moyen,301,2,566.89,283.44,30,331,2,1.0,Perdus,2
14580.0,1,Churné,0.8624293721950522,1,Risque churn,1 - Risque élevé,327,1,14.85,14.85,1,327,0,0.0,Perdus,2
18123.0,0,Actif,0.8481935256735451,1,Risque churn,1 - Risque élevé,322,1,95.15,95.15,22,322,0,0.0,Perdus,2
17783.0,0,Actif,0.3866341142997337,0,Va rester,3 - Risque faible,56,2,208.85,104.43,54,321,0,0.0,Potentiellement Fidèles,2
13255.0,1,Churné,0.5500471592303808,1,Risque churn,2 - Risque moyen,182,2,730.65,365.32,19,321,0,0.0,Besoin d'Attention,2
17680.0,0,Actif,0.5602705429509003,1,Risque churn,2 - Risque moyen,192,2,313.05,156.52,9,320,1,0.5,Besoin d'Attention,2
17261.0,1,Churné,0.8325003018572347,1,Risque churn,1 - Risque élevé,318,1,230.44,230.44,43,318,0,0.0,Perdus,2
14922.0,1,Churné,0.5433478647372867,1,Risque churn,2 - Risque moyen,202,2,843.74,421.87,49,316,0,0.0,Sur le point de Partir,2
16203.0,0,Actif,0.28320383527712706,0,Va rester,3 - Risque faible,36,4,839.94,209.99,47,313,1,0.25,Champions,0
13239.0,1,Churné,0.27816735066527926,0,Va rester,3 - Risque faible,70,5,1594.69,318.94,86,311,1,0.2,Champions,0
13250.0,1,Churné,0.6266238456084893,1,Risque churn,2 - Risque moyen,269,2,256.04,128.02,17,311,1,0.5,Sur le point de Partir,0
12889.0,1,Churné,0.48961000446403574,0,Va rester,2 - Risque moyen,190,4,385.46,96.37,25,311,2,0.5,Fidèles,0
16937.0,1,Churné,0.8222388913402505,1,Risque churn,1 - Risque élevé,308,1,202.1,202.1,49,308,0,0.0,Perdus,2
12862.0,1,Churné,0.4974869417133744,0,Va rester,2 - Risque moyen,234,2,1008.32,504.16,119,304,0,0.0,Sur le point de Partir,0
15587.0,0,Actif,0.4801854650911662,0,Va rester,2 - Risque moyen,160,4,953.28,238.32,3,300,0,0.0,Fidèles,0
13084.0,1,Churné,0.8231153747416894,1,Risque churn,1 - Risque élevé,300,1,122.4,122.4,2,300,1,1.0,Perdus,2
17393.0,1,Churné,0.5585892144805502,1,Risque churn,2 - Risque moyen,219,2,381.15,190.58,45,297,0,0.0,Sur le point de Partir,0
14022.0,1,Churné,0.3593199479432784,0,Va rester,3 - Risque faible,34,2,792.15,396.08,45,295,0,0.0,Potentiellement Fidèles,2
15110.0,0,Actif,0.43392183975381937,0,Va rester,2 - Risque moyen,127,3,679.4,226.47,17,294,1,0.3333,Besoin d'Attention,0
17299.0,0,Actif,0.5858325829528513,1,Risque churn,2 - Risque moyen,248,2,346.97,173.49,52,290,0,0.0,Sur le point de Partir,0
17430.0,0,Actif,0.4955809695597757,0,Va rester,2 - Risque moyen,174,3,582.01,194.0,24,288,0,0.0,Besoin d'Attention,0
16770.0,0,Actif,0.16834844364980686,0,Va rester,3 - Risque faible,45,8,1818.51,227.31,174,283,2,0.25,Champions,3
14268.0,1,Churné,0.8127095058084542,1,Risque churn,1 - Risque élevé,279,1,354.85,354.85,19,279,0,0.0,en Hibernation,0
16288.0,1,Churné,0.8237460143900072,1,Risque churn,1 - Risque élevé,279,1,129.85,129.85,7,279,0,0.0,en Hibernation,0
17384.0,0,Actif,0.38680405657231104,0,Va rester,3 - Risque faible,28,2,398.8,199.4,7,276,0,0.0,Potentiellement Fidèles,2
17215.0,1,Churné,0.8157236949473775,1,Risque churn,1 - Risque élevé,273,1,186.15,186.15,11,273,0,0.0,en Hibernation,0
15677.0,0,Actif,0.5721558168336033,1,Risque churn,2 - Risque moyen,230,2,648.4,324.2,32,272,0,0.0,Sur le point de Partir,0
18182.0,1,Churné,0.8133789801476422,1,Risque churn,1 - Risque élevé,272,1,291.13,291.13,10,272,0,0.0,en Hibernation,0
12831.0,1,Churné,0.3758805833621472,0,Va rester,3 - Risque faible,71,3,451.11,150.37,16,272,0,0.0,Potentiellement Fidèles,0
13992.0,0,Actif,0.5610821865738101,1,Risque churn,2 - Risque moyen,189,2,142.7,71.35,5,272,0,0.0,Besoin d'Attention,0
14086.0,1,Churné,0.8224961818759893,1,Risque churn,1 - Risque élevé,271,1,39.95,39.95,1,271,0,0.0,en Hibernation,0
14753.0,0,Actif,0.8060350771607828,1,Risque churn,1 - Risque élevé,269,1,306.36,306.36,18,269,0,0.0,en Hibernation,0
14318.0,1,Churné,0.8141821503181423,1,Risque churn,1 - Risque élevé,269,1,158.02,158.02,9,269,0,0.0,en Hibernation,0
13133.0,1,Churné,0.39301205089384506,0,Va rester,3 - Risque faible,82,3,200.45,66.82,12,268,0,0.0,Potentiellement Fidèles,0
13005.0,0,Actif,0.31734201644973953,0,Va rester,3 - Risque faible,55,3,807.63,269.21,38,266,2,0.6667,Potentiellement Fidèles,0
16886.0,1,Churné,0.7903433401260644,1,Risque churn,1 - Risque élevé,265,1,134.0,134.0,8,265,1,1.0,en Hibernation,0
16095.0,1,Churné,0.7924944670631818,1,Risque churn,1 - Risque élevé,265,1,447.05,447.05,30,265,0,0.0,en Hibernation,0
13537.0,1,Churné,0.5701015542707233,1,Risque churn,2 - Risque moyen,234,2,717.85,358.93,38,260,0,0.0,Sur le point de Partir,0
16979.0,0,Actif,0.35535628166078476,0,Va rester,3 - Risque faible,106,4,1354.89,338.72,41,259,2,0.5,Fidèles,0
15301.0,0,Actif,0.14920489178528487,0,Va rester,3 - Risque faible,14,9,4637.09,515.23,158,259,0,0.0,Champions,0
15962.0,1,Churné,0.7815128807205959,1,Risque churn,1 - Risque élevé,258,1,295.83,295.83,43,258,0,0.0,en Hibernation,0
15341.0,0,Actif,0.7791116056334325,1,Risque churn,1 - Risque élevé,258,1,382.2,382.2,7,258,1,1.0,en Hibernation,0
13264.0,1,Churné,0.7683832892224107,1,Risque churn,1 - Risque élevé,251,1,722.56,722.56,38,251,0,0.0,en Hibernation,0
16298.0,0,Actif,0.5192311301390907,1,Risque churn,2 - Risque moyen,206,4,487.5,121.87,16,251,2,0.5,En danger,0
14226.0,0,Actif,0.23962601787097645,0,Va rester,3 - Risque faible,19,3,2479.74,826.58,66,250,3,1.0,Potentiellement Fidèles,0
14269.0,1,Churné,0.7658835468363443,1,Risque churn,1 - Risque élevé,248,1,295.73,295.73,16,248,1,1.0,en Hibernation,0
13290.0,1,Churné,0.7523185487522032,1,Risque churn,1 - Risque élevé,247,1,208.63,208.63,1,247,2,2.0,en Hibernation,0
13139.0,0,Actif,0.26979246948829194,0,Va rester,3 - Risque faible,24,3,4308.06,1436.02,123,246,0,0.0,Potentiellement Fidèles,0
15347.0,1,Churné,0.4678513081241571,0,Va rester,2 - Risque moyen,175,4,1363.6,340.9,29,246,2,0.5,Fidèles,0
15871.0,1,Churné,0.7999500631999324,1,Risque churn,1 - Risque élevé,246,1,33.1,33.1,5,246,0,0.0,en Hibernation,0
14953.0,0,Actif,0.43316951782180546,0,Va rester,2 - Risque moyen,227,3,723.95,241.32,153,244,1,0.3333,Sur le point de Partir,0
13014.0,0,Actif,0.2202316163472314,0,Va rester,3 - Risque faible,29,4,3242.83,810.71,124,241,4,1.0,Champions,3
14310.0,1,Churné,0.7747948428019493,1,Risque churn,1 - Risque élevé,241,1,492.1,492.1,22,241,0,0.0,en Hibernation,0
13326.0,1,Churné,0.7852885541090285,1,Risque churn,1 - Risque élevé,241,1,281.76,281.76,13,241,0,0.0,en Hibernation,0
18284.0,1,Churné,0.7457541220578936,1,Risque churn,1 - Risque élevé,240,1,461.68,461.68,28,240,1,1.0,en Hibernation,0
14353.0,1,Churné,0.31842040427796925,0,Va rester,3 - Risque faible,24,3,376.5,125.5,18,240,0,0.0,Potentiellement Fidèles,0
14663.0,1,Churné,0.5498474256542453,1,Risque churn,2 - Risque moyen,239,2,490.6,245.3,60,239,0,0.0,Sur le point de Partir,0
15128.0,0,Actif,0.3016790907257558,0,Va rester,3 - Risque faible,28,2,796.38,398.19,47,239,3,1.5,Potentiellement Fidèles,0
17045.0,0,Actif,0.3501495993510528,0,Va rester,3 - Risque faible,56,3,528.19,176.06,29,238,0,0.0,Potentiellement Fidèles,0
14339.0,1,Churné,0.34011188999962044,0,Va rester,3 - Risque faible,51,2,620.27,310.14,21,237,3,1.5,Potentiellement Fidèles,0
16350.0,0,Actif,0.37218238870937415,0,Va rester,3 - Risque faible,142,6,1514.12,252.35,59,237,3,0.5,Fidèles,0
14571.0,1,Churné,0.7707054257297519,1,Risque churn,1 - Risque élevé,234,1,161.65,161.65,30,234,0,0.0,en Hibernation,0
14756.0,0,Actif,0.48505763452648826,0,Va rester,2 - Risque moyen,191,2,1914.8,957.4,68,233,1,0.5,Besoin d'Attention,0
17710.0,1,Churné,0.7722791761018106,1,Risque churn,1 - Risque élevé,232,1,293.5,293.5,20,232,0,0.0,en Hibernation,0
13968.0,1,Churné,0.7838341420772564,1,Risque churn,1 - Risque élevé,232,1,123.66,123.66,8,232,0,0.0,en Hibernation,0
16990.0,1,Churné,0.3792440793638798,0,Va rester,3 - Risque faible,27,2,344.0,172.0,1,231,0,0.0,Potentiellement Fidèles,0
12900.0,1,Churné,0.7748015288843754,1,Risque churn,1 - Risque élevé,231,1,340.33,340.33,13,231,0,0.0,en Hibernation,0
18090.0,1,Churné,0.7508455317190065,1,Risque churn,1 - Risque élevé,230,1,349.4,349.4,47,230,0,0.0,en Hibernation,0
17823.0,1,Churné,0.5173752366624711,1,Risque churn,2 - Risque moyen,230,2,494.25,247.13,88,230,0,0.0,Sur le point de Partir,0
15686.0,1,Churné,0.7862592362218319,1,Risque churn,1 - Risque élevé,229,1,90.0,90.0,1,229,0,0.0,en Hibernation,0
15688.0,1,Churné,0.7660111962439553,1,Risque churn,1 - Risque élevé,227,1,190.57,190.57,26,227,0,0.0,en Hibernation,0
14741.0,0,Actif,0.4795514101629656,0,Va rester,2 - Risque moyen,170,3,992.55,330.85,26,226,0,0.0,Besoin d'Attention,0
14524.0,0,Actif,0.165865333458328,0,Va rester,3 - Risque faible,45,8,1843.61,230.45,193,225,0,0.0,Champions,0
13836.0,1,Churné,0.523765348411868,1,Risque churn,2 - Risque moyen,208,2,620.37,310.19,29,223,1,0.5,Sur le point de Partir,0
15257.0,1,Churné,0.4165277462805234,0,Va rester,2 - Risque moyen,92,2,685.9,342.95,11,223,1,0.5,Potentiellement Fidèles,0
16491.0,0,Actif,0.7028554865931074,1,Risque churn,1 - Risque élevé,222,1,801.66,801.66,48,222,1,1.0,en Hibernation,0
17260.0,1,Churné,0.7741439668809166,1,Risque churn,1 - Risque élevé,220,1,120.95,120.95,6,220,0,0.0,en Hibernation,0
15620.0,0,Actif,0.2417493414351033,0,Va rester,3 - Risque faible,29,3,1264.19,421.4,84,218,3,1.0,Potentiellement Fidèles,0
16962.0,1,Churné,0.7632589937675303,1,Risque churn,1 - Risque élevé,218,1,251.04,251.04,15,218,0,0.0,en Hibernation,0
14281.0,1,Churné,0.7677605955353477,1,Risque churn,1 - Risque élevé,217,1,245.15,245.15,7,217,0,0.0,en Hibernation,0
15170.0,1,Churné,0.7716838307442105,1,Risque churn,1 - Risque élevé,215,1,81.15,81.15,4,215,0,0.0,en Hibernation,0
16542.0,0,Actif,0.7622667395802643,1,Risque churn,1 - Risque élevé,210,1,137.7,137.7,9,210,0,0.0,en Hibernation,0
14429.0,1,Churné,0.746035280686931,1,Risque churn,1 - Risque élevé,212,1,516.28,516.28,22,212,0,0.0,en Hibernation,0
13359.0,0,Actif,0.7087464011931495,1,Risque churn,1 - Risque élevé,212,1,603.75,603.75,33,212,1,1.0,en Hibernation,0
14206.0,1,Churné,0.28862439227469966,0,Va rester,3 - Risque faible,48,3,1185.01,395.0,62,211,2,0.6667,Potentiellement Fidèles,0
17286.0,0,Actif,0.5269554701801168,1,Risque churn,2 - Risque moyen,209,2,241.56,120.78,46,209,0,0.0,Sur le point de Partir,0
13303.0,1,Churné,0.7664519969760287,1,Risque churn,1 - Risque élevé,209,1,61.72,61.72,4,209,0,0.0,en Hibernation,0
17548.0,1,Churné,0.3041975092881852,0,Va rester,3 - Risque faible,42,4,731.26,182.82,22,205,2,0.5,Champions,0
13691.0,1,Churné,0.7234843743125057,1,Risque churn,1 - Risque élevé,205,1,212.78,212.78,54,205,0,0.0,en Hibernation,0
14170.0,1,Churné,0.416171105304614,0,Va rester,2 - Risque moyen,184,3,597.33,199.11,123,204,0,0.0,Besoin d'Attention,0
13721.0,0,Actif,0.7510181847042882,1,Risque churn,1 - Risque élevé,204,1,217.4,217.4,14,204,0,0.0,en Hibernation,0
15138.0,1,Churné,0.7019754440216049,1,Risque churn,1 - Risque élevé,202,1,502.52,502.52,31,202,1,1.0,en Hibernation,0
17688.0,1,Churné,0.7165507851354043,1,Risque churn,1 - Risque élevé,202,1,304.2,304.2,19,202,1,1.0,en Hibernation,0
13226.0,1,Churné,0.40862836010647224,0,Va rester,2 - Risque moyen,82,2,312.46,156.23,28,202,0,0.0,Potentiellement Fidèles,0
14600.0,1,Churné,0.40944223624421505,0,Va rester,2 - Risque moyen,114,2,865.17,432.58,53,202,0,0.0,Besoin d'Attention,0
13309.0,0,Actif,0.2744220182586775,0,Va rester,3 - Risque faible,15,3,796.22,265.41,59,201,0,0.0,Potentiellement Fidèles,0
13961.0,1,Churné,0.7091158405210229,1,Risque churn,1 - Risque élevé,201,1,538.4,538.4,19,201,1,1.0,en Hibernation,0
17495.0,0,Actif,0.7116345149972103,1,Risque churn,1 - Risque élevé,199,1,309.16,309.16,21,199,1,1.0,en Hibernation,0
14192.0,1,Churné,0.7420369109791806,1,Risque churn,1 - Risque élevé,197,1,293.74,293.74,14,197,0,0.0,en Hibernation,0
14417.0,1,Churné,0.6613551313247866,1,Risque churn,2 - Risque moyen,196,1,604.2,604.2,106,196,0,0.0,en Hibernation,0
16224.0,0,Actif,0.306524807660715,0,Va rester,3 - Risque faible,49,3,864.45,288.15,62,196,0,0.0,Potentiellement Fidèles,0
15515.0,1,Churné,0.7490041507596842,1,Risque churn,1 - Risque élevé,196,1,171.81,171.81,7,196,0,0.0,en Hibernation,0
12890.0,0,Actif,0.7088798954473456,1,Risque churn,1 - Risque élevé,196,1,336.8,336.8,56,196,0,0.0,en Hibernation,0
17493.0,1,Churné,0.7480627417671206,1,Risque churn,1 - Risque élevé,194,1,100.91,100.91,8,194,0,0.0,Prometteurs,0
15525.0,0,Actif,0.4850555258006025,0,Va rester,2 - Risque moyen,182,2,783.71,391.85,66,191,0,0.0,Besoin d'Attention,0
16821.0,1,Churné,0.7444090916254233,1,Risque churn,1 - Risque élevé,190,1,113.35,113.35,7,190,0,0.0,Prometteurs,0
15864.0,0,Actif,0.44616826247949576,0,Va rester,2 - Risque moyen,125,2,486.86,243.43,9,190,1,0.5,Besoin d'Attention,0
15951.0,1,Churné,0.4045536049379924,0,Va rester,2 - Risque moyen,94,2,680.12,340.06,35,190,0,0.0,Besoin d'Attention,0
17989.0,1,Churné,0.7256511805028486,1,Risque churn,1 - Risque élevé,188,1,228.83,228.83,26,188,0,0.0,Prometteurs,0
15961.0,1,Churné,0.7076427793851098,1,Risque churn,1 - Risque élevé,188,1,451.29,451.29,42,188,0,0.0,Prometteurs,0
15212.0,1,Churné,0.37359309663522305,0,Va rester,3 - Risque faible,50,2,208.28,104.14,7,185,1,0.5,Potentiellement Fidèles,0
17671.0,0,Actif,0.28228085429232397,0,Va rester,3 - Risque faible,20,3,1617.36,539.12,40,184,1,0.3333,Potentiellement Fidèles,0
14414.0,0,Actif,0.50528171861072,1,Risque churn,2 - Risque moyen,167,2,1119.55,559.78,28,183,0,0.0,Besoin d'Attention,0
15922.0,1,Churné,0.6884247722978563,1,Risque churn,2 - Risque moyen,182,1,739.0,739.0,11,182,1,1.0,Prometteurs,0
17917.0,0,Actif,0.35628616233864585,0,Va rester,3 - Risque faible,65,2,230.46,115.23,57,171,0,0.0,Potentiellement Fidèles,0
16816.0,0,Actif,0.45227609955365544,0,Va rester,2 - Risque moyen,122,2,325.45,162.73,20,167,0,0.0,Besoin d'Attention,0
17800.0,0,Actif,0.31435090720191644,0,Va rester,3 - Risque faible,26,3,354.85,118.28,18,143,0,0.0,Potentiellement Fidèles,0
15033.0,0,Actif,0.211442331466289,0,Va rester,3 - Risque faible,17,3,1169.14,389.71,151,138,0,0.0,Potentiellement Fidèles,0
17064.0,0,Actif,0.6735566521472096,1,Risque churn,2 - Risque moyen,136,1,147.85,147.85,21,136,0,0.0,Prometteurs,0
17446.0,0,Actif,0.6689391461021225,1,Risque churn,2 - Risque moyen,119,1,68.1,68.1,5,119,0,0.0,Prometteurs,0
16389.0,0,Actif,0.33198368595721445,0,Va rester,3 - Risque faible,14,2,670.17,335.09,16,92,0,0.0,Potentiellement Fidèles,0
17535.0,1,Churné,0.6226625389488644,1,Risque churn,2 - Risque moyen,89,1,164.4,164.4,13,89,0,0.0,Prometteurs,0
14066.0,1,Churné,0.6106213645054495,1,Risque churn,2 - Risque moyen,75,1,152.55,152.55,7,75,0,0.0,Prometteurs,0
13950.0,0,Actif,0.5840979828235153,1,Risque churn,2 - Risque moyen,55,1,179.31,179.31,7,55,0,0.0,Prometteurs,0
18040.0,0,Actif,0.5763629353050774,1,Risque churn,2 - Risque moyen,54,1,239.0,239.0,12,54,0,0.0,Prometteurs,0
15119.0,1,Churné,0.5736664483642611,1,Risque churn,2 - Risque moyen,54,1,266.4,266.4,14,54,0,0.0,Prometteurs,0
16270.0,1,Churné,0.6478113996371409,1,Risque churn,2 - Risque moyen,162,1,1141.24,1141.24,54,162,0,0.0,Prometteurs,0
16112.0,0,Actif,0.47398190855072153,0,Va rester,2 - Risque moyen,142,2,136.14,68.07,10,147,0,0.0,Besoin d'Attention,0
15464.0,1,Churné,0.5417543381544153,1,Risque churn,2 - Risque moyen,147,1,1048.85,1048.85,155,147,0,0.0,Prometteurs,0
14242.0,1,Churné,0.3622105731040125,0,Va rester,3 - Risque faible,43,2,280.55,140.27,13,134,0,0.0,Potentiellement Fidèles,0
13742.0,0,Actif,0.2024713496259162,0,Va rester,3 - Risque faible,22,5,1642.48,328.5,132,129,1,0.2,Champions,0
17105.0,0,Actif,0.6286749226905045,1,Risque churn,2 - Risque moyen,115,1,319.4,319.4,38,115,0,0.0,Prometteurs,0
15753.0,1,Churné,0.6647894469102694,1,Risque churn,2 - Risque moyen,113,1,79.2,79.2,1,113,0,0.0,Prometteurs,0
17537.0,0,Actif,0.5957611749090759,1,Risque churn,2 - Risque moyen,112,1,630.7,630.7,60,112,0,0.0,Prometteurs,0
16494.0,1,Churné,0.592115897877972,1,Risque churn,2 - Risque moyen,105,1,826.53,826.53,47,105,0,0.0,Prometteurs,0
13904.0,0,Actif,0.6355088844896037,1,Risque churn,2 - Risque moyen,103,1,201.12,201.12,17,103,0,0.0,Prometteurs,0
12845.0,1,Churné,0.35629938813794415,0,Va rester,3 - Risque faible,76,4,354.09,88.52,26,99,0,0.0,Champions,0
15932.0,0,Actif,0.2602636229242038,0,Va rester,3 - Risque faible,23,4,1273.25,318.31,44,98,2,0.5,Champions,0
17117.0,1,Churné,0.6375547034179492,1,Risque churn,2 - Risque moyen,97,1,116.2,116.2,9,97,0,0.0,Prometteurs,0
13345.0,1,Churné,0.5857853905306477,1,Risque churn,2 - Risque moyen,96,1,389.5,389.5,20,96,1,1.0,Prometteurs,0
16598.0,1,Churné,0.5999555330208147,1,Risque churn,2 - Risque moyen,94,1,145.05,145.05,10,94,1,1.0,Prometteurs,0
16517.0,1,Churné,0.6154443661613272,1,Risque churn,2 - Risque moyen,86,1,162.7,162.7,17,86,0,0.0,Prometteurs,0
14407.0,0,Actif,0.2809370031656364,0,Va rester,3 - Risque faible,14,2,1002.68,501.34,33,85,2,1.0,Potentiellement Fidèles,0
13265.0,0,Actif,0.34504889932426974,0,Va rester,3 - Risque faible,54,2,1124.88,562.44,39,82,0,0.0,Potentiellement Fidèles,0
13043.0,1,Churné,0.5697852639770038,1,Risque churn,2 - Risque moyen,82,1,516.42,516.42,13,82,1,1.0,Prometteurs,0
13499.0,0,Actif,0.3250998380854177,0,Va rester,3 - Risque faible,34,2,463.79,231.9,18,78,1,0.5,Potentiellement Fidèles,0
15106.0,0,Actif,0.29076853973337985,0,Va rester,3 - Risque faible,20,2,778.45,389.23,51,78,0,0.0,Potentiellement Fidèles,0
12994.0,0,Actif,0.5603578328436594,1,Risque churn,2 - Risque moyen,77,1,352.6,352.6,22,77,1,1.0,Prometteurs,0
13592.0,0,Actif,0.3050601874351139,0,Va rester,3 - Risque faible,14,3,205.51,68.5,12,73,0,0.0,Potentiellement Fidèles,0
16721.0,1,Churné,0.5741784216371959,1,Risque churn,2 - Risque moyen,71,1,292.47,292.47,37,71,0,0.0,Prometteurs,0
15449.0,0,Actif,0.5504342882484385,1,Risque churn,2 - Risque moyen,70,1,345.92,345.92,23,70,1,1.0,Prometteurs,0
15644.0,0,Actif,0.30364148262259,0,Va rester,3 - Risque faible,65,3,423.19,141.06,85,70,0,0.0,Potentiellement Fidèles,0
13918.0,0,Actif,0.5916482090228405,1,Risque churn,2 - Risque moyen,62,1,198.2,198.2,8,62,0,0.0,Prometteurs,0
13841.0,1,Churné,0.6002132834392699,1,Risque churn,2 - Risque moyen,61,1,85.0,85.0,1,61,0,0.0,Prometteurs,0
16142.0,1,Churné,0.5491881598783939,1,Risque churn,2 - Risque moyen,58,1,535.34,535.34,37,58,0,0.0,Prometteurs,0
17956.0,1,Churné,0.598663042925389,1,Risque churn,2 - Risque moyen,58,1,12.75,12.75,1,58,0,0.0,Prometteurs,0
15145.0,0,Actif,0.3168977103611716,0,Va rester,3 - Risque faible,36,2,724.03,362.02,35,57,0,0.0,Potentiellement Fidèles,0
18080.0,0,Actif,0.5628872095752785,1,Risque churn,2 - Risque moyen,51,1,841.5,841.5,1,51,0,0.0,Prometteurs,0
16806.0,0,Actif,0.31674040198993697,0,Va rester,3 - Risque faible,29,2,414.37,207.18,28,48,0,0.0,Potentiellement Fidèles,0
15745.0,0,Actif,0.5570358079998136,1,Risque churn,2 - Risque moyen,45,1,302.85,302.85,18,45,0,0.0,Prometteurs,0
15225.0,1,Churné,0.5463277992755998,1,Risque churn,2 - Risque moyen,43,1,409.4,409.4,23,43,0,0.0,Prometteurs,0
17120.0,1,Churné,0.5529299113894899,1,Risque churn,2 - Risque moyen,42,1,307.46,307.46,18,42,0,0.0,Prometteurs,0
14759.0,0,Actif,0.5272645975584782,1,Risque churn,2 - Risque moyen,41,1,572.25,572.25,35,41,0,0.0,Prometteurs,0
13524.0,0,Actif,0.5475401403088088,1,Risque churn,2 - Risque moyen,28,1,159.2,159.2,9,28,0,0.0,Nouveaux Clients,0
16610.0,1,Churné,0.5530255953962941,1,Risque churn,2 - Risque moyen,28,1,75.66,75.66,6,28,0,0.0,Nouveaux Clients,0
17174.0,1,Churné,0.552733364092876,1,Risque churn,2 - Risque moyen,26,1,59.9,59.9,4,26,0,0.0,Nouveaux Clients,0
14691.0,0,Actif,0.5216452090214343,1,Risque churn,2 - Risque moyen,21,1,439.6,439.6,17,21,0,0.0,Nouveaux Clients,0
15333.0,1,Churné,0.4977671660135086,0,Va rester,2 - Risque moyen,17,1,1028.56,1028.56,16,17,0,0.0,Nouveaux Clients,0
17346.0,0,Actif,0.05473106099001477,0,Va rester,3 - Risque faible,13,16,3445.58,215.35,349,409,0,0.0,Champions,3
17017.0,0,Actif,0.10381429876976817,0,Va rester,3 - Risque faible,13,20,9910.17,495.51,104,545,10,0.5,Champions,3
15738.0,0,Actif,0.0631528789869417,0,Va rester,3 - Risque faible,13,34,11173.59,328.64,66,538,4,0.1176,Champions,3
13591.0,0,Actif,0.20740833310416407,0,Va rester,3 - Risque faible,13,6,1753.04,292.17,71,534,1,0.1667,Champions,2
17306.0,0,Actif,0.22270185473310816,0,Va rester,3 - Risque faible,13,10,4346.7,434.67,11,212,1,0.1,Champions,0
13887.0,1,Churné,0.5121058289161337,1,Risque churn,2 - Risque moyen,13,1,349.55,349.55,19,13,0,0.0,Nouveaux Clients,0
17389.0,0,Actif,0.05598432910269882,0,Va rester,3 - Risque faible,8,40,30370.92,759.27,57,544,11,0.275,Champions,3
13376.0,0,Actif,0.2884449606990703,0,Va rester,3 - Risque faible,12,2,770.0,385.0,34,43,0,0.0,Potentiellement Fidèles,0
12955.0,0,Actif,0.2963045738454198,0,Va rester,3 - Risque faible,12,3,697.42,232.47,27,76,0,0.0,Potentiellement Fidèles,0
12931.0,0,Actif,0.03812656086548121,0,Va rester,3 - Risque faible,12,49,54212.08,1106.37,23,547,10,0.2041,Champions,3
15078.0,0,Actif,0.059787685056707535,0,Va rester,3 - Risque faible,12,34,11857.23,348.74,99,544,10,0.2941,Champions,3
13308.0,0,Actif,0.37893657324118146,0,Va rester,3 - Risque faible,12,2,1099.81,549.91,42,405,0,0.0,Potentiellement Fidèles,2
15260.0,0,Actif,0.07540019703954563,0,Va rester,3 - Risque faible,12,22,8260.06,375.46,170,542,4,0.1818,Champions,3
13767.0,0,Actif,0.020748023335770322,0,Va rester,3 - Risque faible,12,58,25561.46,440.71,112,547,16,0.2759,Champions,3
15237.0,0,Actif,0.27895489800894707,0,Va rester,3 - Risque faible,12,2,1093.65,546.83,74,36,0,0.0,Potentiellement Fidèles,0
18048.0,1,Churné,0.281921155607189,0,Va rester,3 - Risque faible,12,3,401.73,133.91,56,302,0,0.0,Potentiellement Fidèles,0
16696.0,0,Actif,0.3106844257819358,0,Va rester,3 - Risque faible,12,3,558.9,186.3,7,57,0,0.0,Potentiellement Fidèles,0
14195.0,1,Churné,0.2434140648752611,0,Va rester,3 - Risque faible,10,6,2615.6,435.93,10,443,4,0.6667,Champions,3
13555.0,0,Actif,0.1030953279746237,0,Va rester,3 - Risque faible,10,11,6439.96,585.45,204,498,3,0.2727,Champions,3
13227.0,1,Churné,0.5203927948533275,1,Risque churn,2 - Risque moyen,10,1,257.7,257.7,9,10,0,0.0,Nouveaux Clients,0
14878.0,0,Actif,0.08953961749481781,0,Va rester,3 - Risque faible,10,20,3471.44,173.57,149,465,3,0.15,Champions,3
18125.0,0,Actif,0.2044686729142548,0,Va rester,3 - Risque faible,10,3,945.14,315.05,146,125,1,0.3333,Potentiellement Fidèles,0
13946.0,0,Actif,0.2295245313161973,0,Va rester,3 - Risque faible,10,5,1800.63,360.13,48,544,1,0.2,Champions,2
14769.0,0,Actif,0.02284086028500482,0,Va rester,3 - Risque faible,10,13,10934.48,841.11,616,532,3,0.2308,Champions,3
17611.0,0,Actif,0.015327015867762058,0,Va rester,3 - Risque faible,10,19,6409.7,337.35,637,547,3,0.1579,Champions,3
17949.0,0,Actif,0.0064198619714903316,0,Va rester,3 - Risque faible,1,86,69176.4,804.38,39,546,14,0.1628,Champions,1
14903.0,0,Actif,0.17419145019869275,0,Va rester,3 - Risque faible,9,3,1800.23,600.08,156,87,3,1.0,Potentiellement Fidèles,0
15434.0,0,Actif,0.1934923893395564,0,Va rester,3 - Risque faible,9,7,1832.54,261.79,70,493,2,0.2857,Champions,3
13089.0,0,Actif,3.066755957487214e-05,0,Va rester,3 - Risque faible,8,157,85851.97,546.83,697,546,36,0.2293,Champions,1
17659.0,0,Actif,0.2209271520062437,0,Va rester,3 - Risque faible,8,6,1905.57,317.6,70,195,1,0.1667,Champions,0
14527.0,0,Actif,0.0016322655722889414,0,Va rester,3 - Risque faible,8,93,22636.56,243.4,522,546,52,0.5591,Champions,1
13534.0,0,Actif,0.08997845973202329,0,Va rester,3 - Risque faible,8,26,4499.62,173.06,120,329,17,0.6538,Champions,3
13771.0,0,Actif,0.15735297939705417,0,Va rester,3 - Risque faible,8,7,4559.22,651.32,135,461,0,0.0,Champions,3
18173.0,0,Actif,0.26081976855122024,0,Va rester,3 - Risque faible,8,4,2318.36,579.59,31,421,0,0.0,Champions,2
13694.0,0,Actif,5.402729105436057e-05,0,Va rester,3 - Risque faible,1,119,159642.54,1341.53,776,544,15,0.1261,Champions,1
13098.0,0,Actif,0.18541457806986134,0,Va rester,3 - Risque faible,7,8,7203.61,900.45,93,126,8,1.0,Champions,3
15140.0,0,Actif,0.2414730784695538,0,Va rester,3 - Risque faible,7,4,2016.89,504.22,67,251,0,0.0,Champions,0
15039.0,0,Actif,0.0027420691562812113,0,Va rester,3 - Risque faible,7,71,33104.5,466.26,476,538,11,0.1549,Champions,3
17663.0,0,Actif,0.12563769597419225,0,Va rester,3 - Risque faible,7,13,4163.73,320.29,125,454,5,0.3846,Champions,3
14397.0,0,Actif,0.30750684576570814,0,Va rester,3 - Risque faible,7,2,242.24,121.12,11,22,0,0.0,Potentiellement Fidèles,0
16678.0,0,Actif,0.23745977622633904,0,Va rester,3 - Risque faible,6,5,1266.65,253.33,52,91,1,0.2,Champions,0
12974.0,1,Churné,0.37324657428847297,0,Va rester,3 - Risque faible,6,2,408.95,204.48,27,374,0,0.0,Potentiellement Fidèles,2
16873.0,0,Actif,0.11758176963686921,0,Va rester,3 - Risque faible,6,9,10727.22,1191.91,170,477,3,0.3333,Champions,3
12937.0,0,Actif,0.1842403363390086,0,Va rester,3 - Risque faible,6,7,2021.57,288.8,81,545,0,0.0,Champions,2
16369.0,0,Actif,0.2338746398464525,0,Va rester,3 - Risque faible,5,5,1465.6,293.12,42,420,0,0.0,Champions,2
17042.0,0,Actif,0.27733736587487623,0,Va rester,3 - Risque faible,5,2,495.39,247.7,51,56,0,0.0,Potentiellement Fidèles,0
13225.0,0,Actif,0.13712259813151395,0,Va rester,3 - Risque faible,5,13,13538.11,1041.39,54,531,1,0.0769,Champions,3
16016.0,0,Actif,0.17498710951865934,0,Va rester,3 - Risque faible,5,7,1842.75,263.25,127,211,2,0.2857,Champions,0
14447.0,0,Actif,0.2598261054933064,0,Va rester,3 - Risque faible,5,3,1149.53,383.18,63,209,0,0.0,Potentiellement Fidèles,0
13900.0,0,Actif,0.2021205541968984,0,Va rester,3 - Risque faible,1,5,1602.09,320.42,79,433,1,0.2,Champions,2
15163.0,0,Actif,0.5108618505211219,1,Risque churn,2 - Risque moyen,1,1,155.0,155.0,10,1,0,0.0,Nouveaux Clients,0
15712.0,0,Actif,0.2640803554594108,0,Va rester,3 - Risque faible,96,8,2699.85,337.48,71,547,1,0.125,Fidèles,2
13394.0,0,Actif,0.09629933311402955,0,Va rester,3 - Risque faible,23,14,5037.01,359.79,199,547,3,0.2143,Champions,3
14654.0,1,Churné,0.9470006405278855,1,Risque churn,1 - Risque élevé,547,1,246.86,246.86,27,547,0,0.0,Perdus,2
17742.0,0,Actif,0.31183516249799226,0,Va rester,3 - Risque faible,141,10,2045.94,204.59,52,547,0,0.0,Fidèles,2
16620.0,1,Churné,0.2832017377268895,0,Va rester,3 - Risque faible,69,5,1675.73,335.15,74,547,0,0.0,Champions,2
13381.0,0,Actif,0.15466049058785397,0,Va rester,3 - Risque faible,16,8,5656.41,707.05,125,547,2,0.25,Champions,3
17191.0,0,Actif,0.14674126465936477,0,Va rester,3 - Risque faible,89,12,3561.8,296.82,209,547,1,0.0833,Champions,3
17428.0,0,Actif,0.02947529875207845,0,Va rester,3 - Risque faible,21,30,21851.73,728.39,330,547,4,0.1333,Champions,3
12842.0,0,Actif,0.4287298871903014,0,Va rester,2 - Risque moyen,117,3,1109.73,369.91,27,546,0,0.0,Besoin d'Attention,2
14894.0,0,Actif,0.6458753604756065,1,Risque churn,2 - Risque moyen,252,2,837.06,418.53,23,546,2,1.0,Sur le point de Partir,2
15833.0,1,Churné,0.9517178758579837,1,Risque churn,1 - Risque élevé,546,1,80.4,80.4,5,546,0,0.0,Perdus,2
17768.0,0,Actif,0.4649438056191619,0,Va rester,2 - Risque moyen,196,4,1236.33,309.08,69,546,1,0.25,En danger,2
12948.0,0,Actif,0.24502269328388257,0,Va rester,3 - Risque faible,23,5,1138.74,227.75,53,546,0,0.0,Champions,2
13457.0,1,Churné,0.8492127908469448,1,Risque churn,1 - Risque élevé,497,2,148.22,74.11,9,546,2,1.0,Perdus,2
14739.0,0,Actif,0.09774576586239367,0,Va rester,3 - Risque faible,28,21,9692.84,461.56,116,546,2,0.0952,Champions,3
14204.0,1,Churné,0.4586927108033731,0,Va rester,2 - Risque moyen,231,3,901.93,300.64,158,546,0,0.0,Sur le point de Partir,2
13623.0,0,Actif,0.1218349462542171,0,Va rester,3 - Risque faible,19,9,2370.63,263.4,198,546,4,0.4444,Champions,3
14980.0,1,Churné,0.9479215315538542,1,Risque churn,1 - Risque élevé,546,1,150.68,150.68,24,546,0,0.0,Perdus,2
15989.0,1,Churné,0.5554059043257314,1,Risque churn,2 - Risque moyen,184,2,372.51,186.26,81,546,0,0.0,Besoin d'Attention,2
15482.0,0,Actif,0.22858141853287342,0,Va rester,3 - Risque faible,59,10,4975.04,497.5,43,546,1,0.1,Champions,3
13979.0,0,Actif,0.23950554716332736,0,Va rester,3 - Risque faible,202,6,2546.36,424.39,309,545,4,0.6667,En danger,3
13993.0,0,Actif,0.127874497857759,0,Va rester,3 - Risque faible,14,14,4802.17,343.01,102,545,3,0.2143,Champions,3
15466.0,0,Actif,0.4118503168959979,0,Va rester,2 - Risque moyen,198,3,1236.48,412.16,172,545,0,0.0,Sur le point de Partir,2
13208.0,0,Actif,0.1592802080592102,0,Va rester,3 - Risque faible,15,6,1464.81,244.13,162,545,0,0.0,Champions,3
16139.0,0,Actif,0.31586631307305896,0,Va rester,3 - Risque faible,15,3,615.54,205.18,29,545,0,0.0,Potentiellement Fidèles,2
14967.0,0,Actif,0.5626766166508279,1,Risque churn,2 - Risque moyen,250,5,1518.81,303.76,19,545,1,0.2,En danger,2
14958.0,0,Actif,0.31092094962317596,0,Va rester,3 - Risque faible,54,4,668.91,167.23,37,545,0,0.0,Champions,2
16736.0,1,Churné,0.5534438047612754,1,Risque churn,2 - Risque moyen,314,5,2956.56,591.31,116,545,3,0.6,En danger,2
13001.0,0,Actif,0.03430788778466631,0,Va rester,3 - Risque faible,26,29,21697.13,748.18,295,545,4,0.1379,Champions,3
14644.0,0,Actif,0.3276779635755779,0,Va rester,3 - Risque faible,107,6,1604.46,267.41,37,545,3,0.5,Fidèles,2
16003.0,0,Actif,0.35758148499805054,0,Va rester,3 - Risque faible,168,6,4059.46,676.58,102,545,0,0.0,Fidèles,2
16645.0,1,Churné,0.9491461010927524,1,Risque churn,1 - Risque élevé,544,1,160.39,160.39,14,544,0,0.0,Perdus,2
13948.0,1,Churné,0.46417535050347447,0,Va rester,2 - Risque moyen,169,4,548.76,137.19,23,544,1,0.25,Fidèles,2
16541.0,1,Churné,0.935042811685331,1,Risque churn,1 - Risque élevé,544,1,424.03,424.03,38,544,1,1.0,Perdus,2
13680.0,0,Actif,0.15329509372928102,0,Va rester,3 - Risque faible,146,10,10104.84,1010.48,280,544,1,0.1,Fidèles,3
15514.0,0,Actif,0.1384712844233161,0,Va rester,3 - Risque faible,34,13,5021.03,386.23,129,544,2,0.1538,Champions,3
16104.0,0,Actif,0.3553441282416951,0,Va rester,3 - Risque faible,227,8,2476.25,309.53,162,542,2,0.25,En danger,3
13736.0,1,Churné,0.14732831206721755,0,Va rester,3 - Risque faible,69,6,2391.84,398.64,255,542,5,0.8333,Champions,3
16485.0,0,Actif,0.483497000130116,0,Va rester,2 - Risque moyen,241,4,1931.03,482.76,93,542,2,0.5,En danger,2
15878.0,1,Churné,0.7593962554214164,1,Risque churn,1 - Risque élevé,370,2,330.77,165.39,47,542,0,0.0,Perdus,2
14608.0,0,Actif,0.4143215870688928,0,Va rester,2 - Risque moyen,171,8,1771.79,221.47,10,542,1,0.125,Fidèles,2
14548.0,0,Actif,0.3100684871865675,0,Va rester,3 - Risque faible,126,8,2301.09,287.64,66,542,0,0.0,Fidèles,2
15479.0,1,Churné,0.949605826900349,1,Risque churn,1 - Risque élevé,542,1,147.4,147.4,9,542,0,0.0,Perdus,2
13019.0,1,Churné,0.4255596629364103,0,Va rester,2 - Risque moyen,188,6,1229.95,204.99,46,542,2,0.3333,Fidèles,2
13984.0,0,Actif,0.22375754381655252,0,Va rester,3 - Risque faible,58,10,1845.32,184.53,50,541,0,0.0,Champions,2
13495.0,0,Actif,0.21981468087685874,0,Va rester,3 - Risque faible,41,8,4401.82,550.23,50,541,3,0.375,Champions,3
14540.0,0,Actif,0.2246084999405098,0,Va rester,3 - Risque faible,118,9,2994.98,332.78,149,541,1,0.1111,Fidèles,3
16717.0,0,Actif,0.29453196774350704,0,Va rester,3 - Risque faible,175,9,3435.1,381.68,141,541,4,0.4444,Fidèles,3
17231.0,0,Actif,0.03714559663442172,0,Va rester,3 - Risque faible,24,20,5362.58,268.13,415,541,7,0.35,Champions,3
14136.0,1,Churné,0.42776873985726976,0,Va rester,2 - Risque moyen,209,5,1570.81,314.16,86,540,2,0.4,En danger,2
14558.0,1,Churné,0.8175844511360104,1,Risque churn,1 - Risque élevé,463,3,655.5,218.5,13,540,2,0.6667,En danger,2
17854.0,0,Actif,0.2243762397016175,0,Va rester,3 - Risque faible,36,5,871.95,174.39,110,540,0,0.0,Champions,2
17371.0,0,Actif,0.43824160787047,0,Va rester,2 - Risque moyen,170,4,336.29,84.07,62,540,0,0.0,Fidèles,2
15456.0,1,Churné,0.20602964947439348,0,Va rester,3 - Risque faible,92,10,2119.27,211.93,128,540,0,0.0,Champions,3
18051.0,1,Churné,0.7479767333633918,1,Risque churn,1 - Risque élevé,443,7,2282.28,326.04,41,539,1,0.1429,En danger,2
16705.0,0,Actif,0.030797051979649017,0,Va rester,3 - Risque faible,16,30,36088.55,1202.95,350,539,15,0.5,Champions,3
17631.0,0,Actif,0.267648643104857,0,Va rester,3 - Risque faible,41,5,772.71,154.54,49,539,0,0.0,Champions,2
17449.0,0,Actif,0.11904101387171165,0,Va rester,3 - Risque faible,43,9,3752.98,417.0,236,539,0,0.0,Champions,3
14134.0,1,Churné,0.2635511027297846,0,Va rester,3 - Risque faible,191,15,11123.35,741.56,130,538,0,0.0,Fidèles,3
12978.0,1,Churné,0.38495476998660055,0,Va rester,3 - Risque faible,194,5,2502.82,500.56,126,538,1,0.2,Fidèles,2
16748.0,0,Actif,0.1788334496263092,0,Va rester,3 - Risque faible,26,12,3031.63,252.64,48,538,1,0.0833,Champions,3
15367.0,0,Actif,0.14502746133002112,0,Va rester,3 - Risque faible,54,9,4619.92,513.32,191,538,2,0.2222,Champions,3
14043.0,1,Churné,0.6920246171571642,1,Risque churn,2 - Risque moyen,300,2,304.25,152.13,37,538,1,0.5,Perdus,2
17958.0,0,Actif,0.9423133909048614,1,Risque churn,1 - Risque élevé,537,1,465.42,465.42,29,537,0,0.0,Perdus,2
17754.0,0,Actif,0.18561628757017049,0,Va rester,3 - Risque faible,69,9,3069.51,341.06,137,537,3,0.3333,Champions,3
15850.0,0,Actif,0.34049374265866167,0,Va rester,3 - Risque faible,185,4,819.87,204.97,197,535,0,0.0,Fidèles,2
17910.0,1,Churné,0.94398055653721,1,Risque churn,1 - Risque élevé,535,1,261.7,261.7,25,535,0,0.0,Perdus,2
16551.0,0,Actif,0.3808793253937871,0,Va rester,3 - Risque faible,145,5,1626.07,325.21,54,535,0,0.0,Fidèles,2
15577.0,0,Actif,0.43903898430551214,0,Va rester,2 - Risque moyen,114,3,168.75,56.25,24,535,0,0.0,Besoin d'Attention,2
14032.0,0,Actif,0.1677031376540099,0,Va rester,3 - Risque faible,15,10,3410.25,341.03,68,534,7,0.7,Champions,3
17965.0,0,Actif,0.03491230434311789,0,Va rester,3 - Risque faible,61,21,5948.44,283.26,477,534,4,0.1905,Champions,3
14401.0,0,Actif,0.26052222551455484,0,Va rester,3 - Risque faible,124,11,3296.54,299.69,79,534,2,0.1818,Fidèles,3
16064.0,1,Churné,0.946274415076574,1,Risque churn,1 - Risque élevé,534,1,111.0,111.0,17,534,0,0.0,Perdus,2
15640.0,0,Actif,0.06695189944871377,0,Va rester,3 - Risque faible,35,21,17213.53,819.69,223,534,4,0.1905,Champions,3
15672.0,1,Churné,0.9492712119178113,1,Risque churn,1 - Risque élevé,534,1,45.3,45.3,3,534,0,0.0,Perdus,2
17095.0,0,Actif,0.28418964484455517,0,Va rester,3 - Risque faible,108,6,1792.05,298.68,83,533,4,0.6667,Fidèles,3
16749.0,1,Churné,0.7306345948003812,1,Risque churn,1 - Risque élevé,400,2,4387.08,2193.54,53,533,0,0.0,Perdus,2
15566.0,1,Churné,0.6347674399121602,1,Risque churn,2 - Risque moyen,201,2,227.87,113.94,9,533,0,0.0,Sur le point de Partir,2
13756.0,0,Actif,0.12948507463664444,0,Va rester,3 - Risque faible,14,13,5421.59,417.05,118,533,1,0.0769,Champions,3
15527.0,0,Actif,0.10402158952967779,0,Va rester,3 - Risque faible,28,18,4045.9,224.77,151,533,6,0.3333,Champions,3
13259.0,0,Actif,0.31789218454959023,0,Va rester,3 - Risque faible,206,8,1141.06,142.63,181,507,0,0.0,En danger,2
14532.0,1,Churné,0.1220280297072807,0,Va rester,3 - Risque faible,45,11,3859.18,350.83,209,507,1,0.0909,Champions,3
18115.0,1,Churné,0.9418291250607137,1,Risque churn,1 - Risque élevé,506,1,9.7,9.7,3,506,0,0.0,Perdus,2
15549.0,0,Actif,0.32136217810183587,0,Va rester,3 - Risque faible,125,6,1594.8,265.8,94,506,1,0.1667,Fidèles,2
16954.0,0,Actif,0.178203940051573,0,Va rester,3 - Risque faible,63,14,4938.28,352.73,81,499,1,0.0714,Champions,3
14715.0,0,Actif,0.31265229024647845,0,Va rester,3 - Risque faible,107,6,1220.52,203.42,69,498,0,0.0,Fidèles,2
14983.0,1,Churné,0.9320587454312615,1,Risque churn,1 - Risque élevé,498,1,183.2,183.2,30,498,0,0.0,Perdus,2
15191.0,1,Churné,0.6217258918832358,1,Risque churn,2 - Risque moyen,272,3,588.05,196.02,33,497,0,0.0,Sur le point de Partir,2
15003.0,1,Churné,0.3784634335963459,0,Va rester,3 - Risque faible,282,6,1060.7,176.78,253,491,1,0.1667,En danger,3
16281.0,0,Actif,0.6203553265469339,1,Risque churn,2 - Risque moyen,232,2,1361.96,680.98,19,491,1,0.5,Sur le point de Partir,2
13514.0,0,Actif,0.6009436737669052,1,Risque churn,2 - Risque moyen,237,3,663.7,221.23,13,491,0,0.0,Sur le point de Partir,2
12873.0,1,Churné,0.3990008498287059,0,Va rester,3 - Risque faible,91,3,2027.3,675.77,33,490,0,0.0,Potentiellement Fidèles,2
12869.0,1,Churné,0.9267011848600307,1,Risque churn,1 - Risque élevé,490,1,337.67,337.67,35,490,0,0.0,Perdus,2
17604.0,1,Churné,0.17925552989053292,0,Va rester,3 - Risque faible,26,6,945.93,157.66,142,490,0,0.0,Champions,2
13392.0,1,Churné,0.9339108105012899,1,Risque churn,1 - Risque élevé,486,1,91.14,91.14,8,486,0,0.0,Perdus,2
15022.0,0,Actif,0.9297267466115552,1,Risque churn,1 - Risque élevé,486,1,281.05,281.05,19,486,0,0.0,Perdus,2
14370.0,1,Churné,0.5381807845583035,1,Risque churn,2 - Risque moyen,259,6,1175.78,195.96,37,485,3,0.5,En danger,2
15512.0,0,Actif,0.4999419761255654,0,Va rester,2 - Risque moyen,168,3,311.78,103.93,28,485,0,0.0,Besoin d'Attention,2
17361.0,0,Actif,0.4204815203076419,0,Va rester,2 - Risque moyen,100,3,437.44,145.81,27,485,0,0.0,Besoin d'Attention,2
17163.0,0,Actif,0.662661064842148,1,Risque churn,2 - Risque moyen,254,2,406.68,203.34,24,484,0,0.0,Sur le point de Partir,2
17504.0,1,Churné,0.07152029659297611,0,Va rester,3 - Risque faible,15,18,9565.12,531.4,244,478,1,0.0556,Champions,3
17647.0,0,Actif,0.8451854866912445,1,Risque churn,1 - Risque élevé,478,2,198.6,99.3,5,478,0,0.0,Perdus,2
13242.0,0,Actif,0.25880833594727676,0,Va rester,3 - Risque faible,22,6,533.0,88.83,15,477,0,0.0,Champions,2
14072.0,1,Churné,0.9247878906305578,1,Risque churn,1 - Risque élevé,475,1,390.85,390.85,19,475,0,0.0,Perdus,2
13446.0,1,Churné,0.3769761035138106,0,Va rester,3 - Risque faible,239,11,3881.89,352.9,113,472,7,0.6364,En danger,3
15425.0,1,Churné,0.4437874768048453,0,Va rester,2 - Risque moyen,209,4,1944.57,486.14,114,472,0,0.0,En danger,2
15538.0,1,Churné,0.6750946722255732,1,Risque churn,2 - Risque moyen,346,6,3358.4,559.73,3,472,5,0.8333,En danger,2
17402.0,0,Actif,0.15277421383214237,0,Va rester,3 - Risque faible,42,14,3246.7,231.91,100,532,3,0.2143,Champions,3
17526.0,1,Churné,0.24999012267729875,0,Va rester,3 - Risque faible,99,11,3842.94,349.36,61,531,3,0.2727,Fidèles,3
13921.0,1,Churné,0.5082139284716487,1,Risque churn,2 - Risque moyen,211,4,730.7,182.68,36,530,1,0.25,En danger,2
17624.0,0,Actif,0.2858894405622888,0,Va rester,3 - Risque faible,27,3,1125.45,375.15,71,528,0,0.0,Potentiellement Fidèles,2
14404.0,0,Actif,0.2069566561632437,0,Va rester,3 - Risque faible,68,10,2148.37,214.84,90,528,2,0.2,Champions,3
14198.0,0,Actif,0.2585231299915492,0,Va rester,3 - Risque faible,48,6,1051.63,175.27,41,512,2,0.3333,Champions,2
15186.0,0,Actif,0.6463384007077887,1,Risque churn,2 - Risque moyen,283,3,991.79,330.6,22,505,0,0.0,En danger,2
12939.0,0,Actif,0.21501872343608733,0,Va rester,3 - Risque faible,82,15,20911.32,1394.09,24,505,0,0.0,Champions,3
14137.0,1,Churné,0.928604126036197,1,Risque churn,1 - Risque élevé,504,1,332.7,332.7,11,504,1,1.0,Perdus,2
14154.0,1,Churné,0.13171300995868582,0,Va rester,3 - Risque faible,48,8,6460.7,807.59,236,504,2,0.25,Champions,3
16304.0,1,Churné,0.933249544170272,1,Risque churn,1 - Risque élevé,503,1,381.66,381.66,25,503,0,0.0,Perdus,2
13787.0,0,Actif,0.41442636688774387,0,Va rester,2 - Risque moyen,173,5,1019.86,203.97,56,503,3,0.6,Fidèles,2
14256.0,1,Churné,0.2498855367511126,0,Va rester,3 - Risque faible,69,5,2473.99,494.8,100,503,4,0.8,Champions,3
16660.0,0,Actif,0.2714874113077535,0,Va rester,3 - Risque faible,19,5,996.26,199.25,10,503,0,0.0,Champions,2
15605.0,0,Actif,0.2523043260721171,0,Va rester,3 - Risque faible,61,7,1428.75,204.11,59,503,1,0.1429,Champions,2
15771.0,1,Churné,0.772254990976744,1,Risque churn,1 - Risque élevé,413,3,1006.54,335.51,26,502,0,0.0,En danger,2
14420.0,0,Actif,0.4878473571998541,0,Va rester,2 - Risque moyen,205,3,1251.65,417.22,58,500,2,0.6667,Sur le point de Partir,2
14207.0,1,Churné,0.9379157467238499,1,Risque churn,1 - Risque élevé,496,1,157.8,157.8,2,496,0,0.0,Perdus,2
14431.0,1,Churné,0.35777589441718183,0,Va rester,3 - Risque faible,111,4,2614.2,653.55,72,496,1,0.25,Fidèles,2
14714.0,0,Actif,0.5018526762746812,1,Risque churn,2 - Risque moyen,216,3,746.05,248.68,59,496,3,1.0,Sur le point de Partir,2
14274.0,1,Churné,0.9339244894857703,1,Risque churn,1 - Risque élevé,495,1,256.6,256.6,15,495,0,0.0,Perdus,2
16822.0,1,Churné,0.9169389883947026,1,Risque churn,1 - Risque élevé,495,1,181.39,181.39,11,495,2,2.0,Perdus,2
16950.0,0,Actif,0.3519514043915207,0,Va rester,3 - Risque faible,176,8,2777.81,347.23,84,493,2,0.25,Fidèles,2
13036.0,1,Churné,0.9349040821123116,1,Risque churn,1 - Risque élevé,493,1,307.1,307.1,6,493,0,0.0,Perdus,2
14879.0,1,Churné,0.9310498509693172,1,Risque churn,1 - Risque élevé,493,1,185.06,185.06,27,493,0,0.0,Perdus,2
15711.0,1,Churné,0.7634936418230565,1,Risque churn,1 - Risque élevé,365,2,420.25,210.13,25,493,0,0.0,Perdus,2
13729.0,1,Churné,0.574704288858321,1,Risque churn,2 - Risque moyen,244,3,724.73,241.58,36,493,2,0.6667,Sur le point de Partir,2
14044.0,0,Actif,0.09287586299202079,0,Va rester,3 - Risque faible,118,7,2644.02,377.72,465,493,1,0.1429,Fidèles,3
14621.0,0,Actif,0.37891461258112563,0,Va rester,3 - Risque faible,167,5,1517.91,303.58,74,492,6,1.2,Fidèles,3
13477.0,0,Actif,0.19504549846417946,0,Va rester,3 - Risque faible,20,7,1895.62,270.8,84,492,2,0.2857,Champions,3
15611.0,0,Actif,0.20354550142992367,0,Va rester,3 - Risque faible,65,16,1737.33,108.58,26,492,5,0.3125,Champions,3
17982.0,1,Churné,0.9333698168181567,1,Risque churn,1 - Risque élevé,489,1,138.18,138.18,13,489,0,0.0,Perdus,2
13851.0,0,Actif,0.31071872965388403,0,Va rester,3 - Risque faible,97,6,2201.32,366.89,56,488,1,0.1667,Fidèles,2
13757.0,1,Churné,0.9320457831891726,1,Risque churn,1 - Risque élevé,483,1,195.55,195.55,8,483,0,0.0,Perdus,2
15591.0,1,Churné,0.7719563673947551,1,Risque churn,1 - Risque élevé,391,3,217.9,72.63,6,482,0,0.0,En danger,2
13783.0,1,Churné,0.6508080885677793,1,Risque churn,2 - Risque moyen,296,4,1542.09,385.52,4,482,0,0.0,En danger,2
17138.0,1,Churné,0.17283792127651343,0,Va rester,3 - Risque faible,84,7,4417.27,631.04,234,482,0,0.0,Champions,3
16788.0,0,Actif,0.15287384077448876,0,Va rester,3 - Risque faible,63,4,1649.99,412.5,292,479,0,0.0,Champions,3
15371.0,1,Churné,0.9307607024878096,1,Risque churn,1 - Risque élevé,471,1,59.4,59.4,1,471,0,0.0,Perdus,2
15325.0,0,Actif,0.35707850247429906,0,Va rester,3 - Risque faible,204,7,1439.72,205.67,141,470,1,0.1429,En danger,2
13503.0,0,Actif,0.48508750295153724,0,Va rester,2 - Risque moyen,288,5,1688.54,337.71,148,470,6,1.2,En danger,3
13659.0,1,Churné,0.0980596325914804,0,Va rester,3 - Risque faible,14,12,4894.88,407.91,224,469,5,0.4167,Champions,3
18218.0,1,Churné,0.27120105500757286,0,Va rester,3 - Risque faible,20,4,1142.0,285.5,25,469,2,0.5,Champions,2
14783.0,1,Churné,0.913283066685755,1,Risque churn,1 - Risque élevé,468,1,307.3,307.3,17,468,1,1.0,Perdus,2
15295.0,1,Churné,0.9131973948508653,1,Risque churn,1 - Risque élevé,463,1,217.24,217.24,50,463,0,0.0,Perdus,2
16388.0,1,Churné,0.9233796170269961,1,Risque churn,1 - Risque élevé,462,1,186.05,186.05,13,462,0,0.0,Perdus,2
14284.0,0,Actif,0.9120637303870132,1,Risque churn,1 - Risque élevé,462,1,704.4,704.4,35,462,0,0.0,Perdus,2
13765.0,1,Churné,0.920729135782434,1,Risque churn,1 - Risque élevé,462,1,352.82,352.82,17,462,0,0.0,Perdus,2
14006.0,0,Actif,0.2566223879122617,0,Va rester,3 - Risque faible,50,6,1896.57,316.09,53,461,0,0.0,Champions,2
17534.0,0,Actif,0.5456055470333006,1,Risque churn,2 - Risque moyen,260,4,1445.47,361.37,69,461,0,0.0,En danger,2
15124.0,0,Actif,0.6904601721319216,1,Risque churn,2 - Risque moyen,285,2,266.63,133.32,16,460,0,0.0,Perdus,2
16037.0,1,Churné,0.2879026220086852,0,Va rester,3 - Risque faible,78,5,1509.34,301.87,62,457,2,0.4,Champions,2
17116.0,1,Churné,0.9096667935284103,1,Risque churn,1 - Risque élevé,457,1,389.78,389.78,47,457,0,0.0,Perdus,2
16461.0,0,Actif,0.6346450116618682,1,Risque churn,2 - Risque moyen,399,2,1463.8,731.9,196,455,0,0.0,Perdus,2
17049.0,0,Actif,0.10493831614631,0,Va rester,3 - Risque faible,23,13,5869.3,451.48,205,454,4,0.3077,Champions,3
15094.0,1,Churné,0.6897785905977071,1,Risque churn,2 - Risque moyen,272,2,83.0,41.5,4,453,0,0.0,Sur le point de Partir,2
16331.0,1,Churné,0.5354450402273749,1,Risque churn,2 - Risque moyen,241,6,2037.7,339.62,33,451,0,0.0,En danger,2
17236.0,0,Actif,0.20203813980779992,0,Va rester,3 - Risque faible,51,10,1576.95,157.7,81,451,0,0.0,Champions,2
15631.0,1,Churné,0.9071910613492676,1,Risque churn,1 - Risque élevé,451,1,596.67,596.67,39,451,0,0.0,Perdus,2
16310.0,1,Churné,0.6198165333796551,1,Risque churn,2 - Risque moyen,223,2,460.08,230.04,26,451,0,0.0,Sur le point de Partir,2
12825.0,1,Churné,0.7247624526736739,1,Risque churn,1 - Risque élevé,330,2,518.63,259.32,20,450,0,0.0,Perdus,2
18245.0,0,Actif,0.06906152424908397,0,Va rester,3 - Risque faible,20,17,5064.21,297.89,275,450,3,0.1765,Champions,3
18039.0,1,Churné,0.38608153107567855,0,Va rester,3 - Risque faible,183,4,579.17,144.79,137,449,0,0.0,Fidèles,2
13283.0,0,Actif,0.7679564556165702,1,Risque churn,1 - Risque élevé,376,2,279.7,139.85,13,449,0,0.0,Perdus,2
13305.0,0,Actif,0.18210367431799115,0,Va rester,3 - Risque faible,54,10,2394.1,239.41,123,448,0,0.0,Champions,3
17065.0,1,Churné,0.8209601825075789,1,Risque churn,1 - Risque élevé,446,2,194.7,97.35,6,446,0,0.0,Perdus,2
13724.0,1,Churné,0.9091975416994725,1,Risque churn,1 - Risque élevé,446,1,213.01,213.01,39,446,0,0.0,Perdus,2
15994.0,0,Actif,0.5390968642879177,1,Risque churn,2 - Risque moyen,220,2,775.11,387.55,69,444,2,1.0,Sur le point de Partir,2
13183.0,0,Actif,0.19340035740564113,0,Va rester,3 - Risque faible,17,9,4605.48,511.72,43,444,3,0.3333,Champions,3
17849.0,1,Churné,0.2342386245965337,0,Va rester,3 - Risque faible,27,8,1063.76,132.97,24,444,0,0.0,Champions,0
14857.0,0,Actif,0.4713825094982534,0,Va rester,2 - Risque moyen,251,5,2478.73,495.75,125,443,2,0.4,En danger,2
18063.0,1,Churné,0.6162409234967473,1,Risque churn,2 - Risque moyen,199,2,186.6,93.3,2,442,0,0.0,Sur le point de Partir,2
13371.0,1,Churné,0.6076266923445657,1,Risque churn,2 - Risque moyen,314,2,2297.66,1148.83,75,441,2,1.0,Perdus,2
15775.0,1,Churné,0.4578586362137961,0,Va rester,2 - Risque moyen,54,2,150.5,75.25,9,440,0,0.0,Potentiellement Fidèles,2
14427.0,0,Actif,0.6949599776883442,1,Risque churn,2 - Risque moyen,303,2,900.18,450.09,27,440,0,0.0,Perdus,2
15918.0,0,Actif,0.4577301144218422,0,Va rester,2 - Risque moyen,80,2,390.65,195.33,37,440,0,0.0,Potentiellement Fidèles,2
16199.0,1,Churné,0.49203449358448337,0,Va rester,2 - Risque moyen,201,7,942.75,134.68,2,440,0,0.0,En danger,2
14832.0,1,Churné,0.8929156632010365,1,Risque churn,1 - Risque élevé,439,1,322.69,322.69,1,439,2,2.0,Perdus,2
15650.0,1,Churné,0.7017760492379548,1,Risque churn,1 - Risque élevé,330,2,553.88,276.94,33,437,1,0.5,Perdus,2
13466.0,0,Actif,0.522199104830031,1,Risque churn,2 - Risque moyen,217,4,705.45,176.36,34,437,1,0.25,En danger,2
15614.0,1,Churné,0.5145803094937608,1,Risque churn,2 - Risque moyen,246,4,3147.36,786.84,73,435,3,0.75,En danger,2
16615.0,1,Churné,0.8977907201955754,1,Risque churn,1 - Risque élevé,435,1,291.5,291.5,19,435,1,1.0,Perdus,2
15027.0,0,Actif,0.21440254705867745,0,Va rester,3 - Risque faible,28,8,2783.57,347.95,52,433,3,0.375,Champions,3
16794.0,0,Actif,0.3636410845082588,0,Va rester,3 - Risque faible,189,5,868.2,173.64,151,433,0,0.0,Fidèles,2
16666.0,0,Actif,0.9106344671531141,1,Risque churn,1 - Risque élevé,430,1,106.96,106.96,15,430,0,0.0,Perdus,2
16532.0,0,Actif,0.47925854618649383,0,Va rester,2 - Risque moyen,147,3,3918.24,1306.08,1,429,0,0.0,Besoin d'Attention,2
16456.0,0,Actif,0.11782340128635001,0,Va rester,3 - Risque faible,36,11,6281.15,571.01,217,429,1,0.0909,Champions,3
16036.0,0,Actif,0.32632841165466614,0,Va rester,3 - Risque faible,72,3,1986.65,662.22,88,429,0,0.0,Potentiellement Fidèles,2
16176.0,1,Churné,0.5146403612072458,1,Risque churn,2 - Risque moyen,230,4,2052.69,513.17,53,429,3,0.75,En danger,2
17664.0,0,Actif,0.29209379440744104,0,Va rester,3 - Risque faible,21,3,887.78,295.93,51,429,0,0.0,Potentiellement Fidèles,2
16847.0,0,Actif,0.902625067424509,1,Risque churn,1 - Risque élevé,427,1,421.45,421.45,25,427,0,0.0,Perdus,2
14893.0,1,Churné,0.8537131459096693,1,Risque churn,1 - Risque élevé,426,1,571.76,571.76,33,426,3,3.0,Perdus,2
13582.0,1,Churné,0.6061544299729387,1,Risque churn,2 - Risque moyen,198,2,241.68,120.84,10,426,0,0.0,Sur le point de Partir,2
16054.0,0,Actif,0.5160655908209455,1,Risque churn,2 - Risque moyen,227,3,1327.98,442.66,49,426,3,1.0,Sur le point de Partir,2
14694.0,1,Churné,0.9073653847130589,1,Risque churn,1 - Risque élevé,426,1,244.31,244.31,15,426,0,0.0,Perdus,2
14489.0,1,Churné,0.24507025136102553,0,Va rester,3 - Risque faible,16,4,1574.93,393.73,65,421,0,0.0,Champions,2
12997.0,0,Actif,0.242825468985307,0,Va rester,3 - Risque faible,45,6,1492.49,248.75,52,421,7,1.1667,Champions,3
13207.0,0,Actif,0.6729882079867221,1,Risque churn,2 - Risque moyen,260,2,285.6,142.8,4,421,0,0.0,Sur le point de Partir,2
17563.0,1,Churné,0.7354706678594803,1,Risque churn,1 - Risque élevé,387,2,392.38,196.19,27,420,3,1.5,Perdus,2
13852.0,1,Churné,0.8938721707276962,1,Risque churn,1 - Risque élevé,419,1,187.35,187.35,11,419,1,1.0,Perdus,2
17746.0,1,Churné,0.2977960524283103,0,Va rester,3 - Risque faible,49,4,904.18,226.05,32,419,3,0.75,Champions,2
15638.0,1,Churné,0.4568982494606506,0,Va rester,2 - Risque moyen,187,6,2265.2,377.53,20,419,3,0.5,Fidèles,2
15067.0,0,Actif,0.29441546510590055,0,Va rester,3 - Risque faible,91,3,2981.17,993.72,125,416,1,0.3333,Potentiellement Fidèles,2
17594.0,0,Actif,0.34008598709640403,0,Va rester,3 - Risque faible,63,3,1819.7,606.57,52,413,0,0.0,Potentiellement Fidèles,2
15814.0,0,Actif,0.5882722742689831,1,Risque churn,2 - Risque moyen,202,2,689.11,344.56,23,412,0,0.0,Sur le point de Partir,2
14988.0,1,Churné,0.15265900702083182,0,Va rester,3 - Risque faible,20,7,2066.6,295.23,171,411,0,0.0,Champions,3
14845.0,1,Churné,0.9046622753029006,1,Risque churn,1 - Risque élevé,408,1,150.0,150.0,1,408,0,0.0,Perdus,2
15451.0,1,Churné,0.6043983230218418,1,Risque churn,2 - Risque moyen,243,2,233.21,116.61,56,408,0,0.0,Sur le point de Partir,2
12983.0,1,Churné,0.8901593558222629,1,Risque churn,1 - Risque élevé,407,1,490.08,490.08,30,407,0,0.0,Perdus,2
16256.0,1,Churné,0.36510964433759896,0,Va rester,3 - Risque faible,75,3,1629.37,543.12,27,406,1,0.3333,Potentiellement Fidèles,2
16472.0,1,Churné,0.6222659951165992,1,Risque churn,2 - Risque moyen,243,2,789.6,394.8,39,406,0,0.0,Sur le point de Partir,2
15651.0,0,Actif,0.351069691647052,0,Va rester,3 - Risque faible,69,3,840.08,280.03,44,405,0,0.0,Potentiellement Fidèles,2
14655.0,0,Actif,0.24862672404664923,0,Va rester,3 - Risque faible,31,4,2756.84,689.21,55,405,4,1.0,Champions,3
17240.0,1,Churné,0.901540500667526,1,Risque churn,1 - Risque élevé,405,1,130.6,130.6,7,405,0,0.0,Perdus,2
15474.0,1,Churné,0.8966334165577744,1,Risque churn,1 - Risque élevé,404,1,163.1,163.1,19,404,0,0.0,Perdus,2
15717.0,1,Churné,0.29736329340055756,0,Va rester,3 - Risque faible,43,5,607.0,121.4,17,401,0,0.0,Champions,0
14021.0,0,Actif,0.21577842413854537,0,Va rester,3 - Risque faible,20,6,1586.38,264.4,80,401,0,0.0,Champions,0
13064.0,0,Actif,0.4549528687049354,0,Va rester,2 - Risque moyen,136,3,764.55,254.85,21,400,0,0.0,Besoin d'Attention,2
14237.0,1,Churné,0.5432904805138198,1,Risque churn,2 - Risque moyen,182,2,632.14,316.07,26,399,1,0.5,Besoin d'Attention,2
13539.0,0,Actif,0.2585099119583797,0,Va rester,3 - Risque faible,49,6,1253.67,208.95,58,399,2,0.3333,Champions,0
13775.0,1,Churné,0.8645231843716382,1,Risque churn,1 - Risque élevé,399,1,1049.66,1049.66,63,399,0,0.0,Perdus,2
15954.0,1,Churné,0.8929249927725037,1,Risque churn,1 - Risque élevé,398,1,190.75,190.75,20,398,0,0.0,Perdus,2
15709.0,1,Churné,0.4690893874920918,0,Va rester,2 - Risque moyen,92,2,327.85,163.93,26,398,0,0.0,Potentiellement Fidèles,2
12915.0,0,Actif,0.45850512901320106,0,Va rester,2 - Risque moyen,181,3,1010.75,336.92,40,398,4,1.3333,Besoin d'Attention,2
13465.0,1,Churné,0.6323904653350442,1,Risque churn,2 - Risque moyen,255,2,931.12,465.56,34,395,0,0.0,Sur le point de Partir,2
14962.0,1,Churné,0.3642241977253699,0,Va rester,3 - Risque faible,79,4,366.91,91.73,14,393,0,0.0,Champions,2
16135.0,1,Churné,0.4349247897029287,0,Va rester,2 - Risque moyen,71,2,819.45,409.72,35,392,0,0.0,Potentiellement Fidèles,2
17759.0,0,Actif,0.5744401036060289,1,Risque churn,2 - Risque moyen,202,2,441.92,220.96,41,392,0,0.0,Sur le point de Partir,2
15704.0,0,Actif,0.23420624832046116,0,Va rester,3 - Risque faible,24,3,2463.19,821.06,99,392,2,0.6667,Potentiellement Fidèles,2
14272.0,0,Actif,0.3533964803162552,0,Va rester,3 - Risque faible,63,3,614.94,204.98,38,391,0,0.0,Potentiellement Fidèles,2
13830.0,1,Churné,0.8786964650984755,1,Risque churn,1 - Risque élevé,390,1,156.85,156.85,11,390,1,1.0,Perdus,2
13007.0,1,Churné,0.8911927844809665,1,Risque churn,1 - Risque élevé,388,1,175.25,175.25,11,388,0,0.0,Perdus,2
17135.0,0,Actif,0.30392740759639447,0,Va rester,3 - Risque faible,98,5,1314.98,263.0,85,388,1,0.2,Fidèles,2
17482.0,1,Churné,0.6590103179841122,1,Risque churn,2 - Risque moyen,296,2,778.19,389.1,50,387,0,0.0,Perdus,2
16614.0,0,Actif,0.5937822733081491,1,Risque churn,2 - Risque moyen,211,2,673.6,336.8,20,387,0,0.0,Sur le point de Partir,2
14391.0,1,Churné,0.8890525621682028,1,Risque churn,1 - Risque élevé,385,1,135.6,135.6,14,385,0,0.0,Perdus,2
17845.0,1,Churné,0.708045017175022,1,Risque churn,1 - Risque élevé,364,4,598.19,149.55,42,385,0,0.0,En danger,2
17897.0,0,Actif,0.29221748913505463,0,Va rester,3 - Risque faible,176,8,2453.02,306.63,175,385,1,0.125,Fidèles,3
15199.0,0,Actif,0.25349906066315925,0,Va rester,3 - Risque faible,44,8,2510.85,313.86,17,384,0,0.0,Champions,0
15280.0,0,Actif,0.6650125701727307,1,Risque churn,2 - Risque moyen,297,2,293.1,146.55,39,380,0,0.0,Perdus,2
14325.0,1,Churné,0.882298246073936,1,Risque churn,1 - Risque élevé,378,1,245.48,245.48,18,378,0,0.0,Perdus,2
17382.0,0,Actif,0.5460134315392692,1,Risque churn,2 - Risque moyen,244,7,836.88,119.55,14,378,0,0.0,En danger,2
15636.0,0,Actif,0.38719142701020975,0,Va rester,3 - Risque faible,91,3,1026.52,342.17,28,378,0,0.0,Potentiellement Fidèles,2
16059.0,0,Actif,0.16304355880464733,0,Va rester,3 - Risque faible,63,9,2405.61,267.29,192,378,0,0.0,Champions,3
16664.0,1,Churné,0.8878984987842838,1,Risque churn,1 - Risque élevé,378,1,109.2,109.2,8,378,0,0.0,Perdus,2
17758.0,0,Actif,0.12817630898171925,0,Va rester,3 - Risque faible,17,7,2610.66,372.95,230,377,0,0.0,Champions,3
16290.0,1,Churné,0.5657455985343728,1,Risque churn,2 - Risque moyen,273,4,2069.3,517.33,85,374,0,0.0,En danger,2
13778.0,0,Actif,0.6487898932534779,1,Risque churn,2 - Risque moyen,300,3,945.79,315.26,27,374,1,0.3333,En danger,2
17278.0,1,Churné,0.43419749470282076,0,Va rester,2 - Risque moyen,50,2,271.24,135.62,17,374,0,0.0,Potentiellement Fidèles,2
14920.0,1,Churné,0.2575746032374247,0,Va rester,3 - Risque faible,21,3,1607.17,535.72,90,374,0,0.0,Potentiellement Fidèles,2
16185.0,0,Actif,0.41143284289183585,0,Va rester,2 - Risque moyen,41,2,450.31,225.15,28,373,0,0.0,Potentiellement Fidèles,2
18052.0,1,Churné,0.643031515421424,1,Risque churn,2 - Risque moyen,373,1,10877.18,10877.18,16,373,0,0.0,Perdus,3
14847.0,0,Actif,0.5642582869354451,1,Risque churn,2 - Risque moyen,216,2,1039.55,519.78,47,373,1,0.5,Sur le point de Partir,2
18000.0,1,Churné,0.8857635531836731,1,Risque churn,1 - Risque élevé,373,1,124.25,124.25,6,373,0,0.0,Perdus,2
15217.0,1,Churné,0.8722928553928987,1,Risque churn,1 - Risque élevé,372,1,426.24,426.24,28,372,0,0.0,Perdus,2
13880.0,0,Actif,0.18924780603375596,0,Va rester,3 - Risque faible,26,9,2198.52,244.28,85,371,0,0.0,Champions,0
13169.0,0,Actif,0.4509976462819494,0,Va rester,2 - Risque moyen,61,2,632.4,316.2,11,371,0,0.0,Potentiellement Fidèles,2
14876.0,1,Churné,0.719941199979984,1,Risque churn,1 - Risque élevé,330,2,256.7,128.35,12,370,0,0.0,Perdus,2
17822.0,1,Churné,0.42743281061261496,0,Va rester,2 - Risque moyen,229,5,2188.5,437.7,152,369,0,0.0,En danger,2
16518.0,0,Actif,0.3689523067797997,0,Va rester,3 - Risque faible,93,3,665.75,221.92,39,365,2,0.6667,Besoin d'Attention,2
16565.0,1,Churné,0.48783126873423216,0,Va rester,2 - Risque moyen,173,4,773.05,193.26,7,364,1,0.25,Fidèles,2
14687.0,0,Actif,0.5831722254310033,1,Risque churn,2 - Risque moyen,209,2,773.68,386.84,23,360,0,0.0,Sur le point de Partir,2
17515.0,0,Actif,0.18677234542308724,0,Va rester,3 - Risque faible,15,8,1549.81,193.73,90,359,0,0.0,Champions,0
12829.0,1,Churné,0.46389161748584107,0,Va rester,2 - Risque moyen,145,3,385.3,128.43,17,359,1,0.3333,Besoin d'Attention,2
17101.0,0,Actif,0.5364354060024306,1,Risque churn,2 - Risque moyen,203,3,885.32,295.11,28,359,0,0.0,Sur le point de Partir,2
14618.0,1,Churné,0.4042611124008228,0,Va rester,2 - Risque moyen,146,5,1000.68,200.14,35,355,2,0.4,Fidèles,0
17691.0,1,Churné,0.4499392419533584,0,Va rester,2 - Risque moyen,167,4,780.05,195.01,37,355,1,0.25,Fidèles,0
16205.0,0,Actif,0.4789520200679078,0,Va rester,2 - Risque moyen,205,3,1069.23,356.41,89,351,0,0.0,Sur le point de Partir,2
14634.0,1,Churné,0.5116795740099681,1,Risque churn,2 - Risque moyen,246,4,2124.46,531.12,105,350,3,0.75,En danger,3
18042.0,0,Actif,0.8716205052401824,1,Risque churn,1 - Risque élevé,350,1,116.1,116.1,9,350,0,0.0,Perdus,2
16486.0,1,Churné,0.8697787550702046,1,Risque churn,1 - Risque élevé,346,1,134.36,134.36,7,346,0,0.0,Perdus,2
16227.0,1,Churné,0.2958307600658806,0,Va rester,3 - Risque faible,34,3,1027.22,342.41,28,344,3,1.0,Potentiellement Fidèles,2
17304.0,1,Churné,0.8691453123847035,1,Risque churn,1 - Risque élevé,343,1,111.5,111.5,5,343,0,0.0,Perdus,2
15824.0,1,Churné,0.6280928876242542,1,Risque churn,2 - Risque moyen,262,2,890.94,445.47,24,341,0,0.0,Sur le point de Partir,2
17543.0,1,Churné,0.8746515686180143,1,Risque churn,1 - Risque élevé,358,1,120.05,120.05,13,358,0,0.0,Perdus,2
16072.0,1,Churné,0.13001628353412162,0,Va rester,3 - Risque faible,97,4,4328.89,1082.22,414,358,0,0.0,Fidèles,3
13502.0,0,Actif,0.3597239229810091,0,Va rester,3 - Risque faible,83,4,677.66,169.42,20,357,1,0.25,Champions,0
16453.0,1,Churné,0.71930444240064,1,Risque churn,1 - Risque élevé,339,2,251.71,125.85,15,357,0,0.0,Perdus,2
15430.0,1,Churné,0.6401149114276291,1,Risque churn,2 - Risque moyen,276,2,954.75,477.38,36,337,1,0.5,Sur le point de Partir,2
13302.0,0,Actif,0.8657571698233976,1,Risque churn,1 - Risque élevé,335,1,95.45,95.45,2,335,0,0.0,Perdus,2
14366.0,1,Churné,0.8649417380704624,1,Risque churn,1 - Risque élevé,334,1,136.0,136.0,1,334,0,0.0,Perdus,2
16032.0,1,Churné,0.47568186542225477,0,Va rester,2 - Risque moyen,265,6,1970.45,328.41,130,332,0,0.0,En danger,0
15678.0,0,Actif,0.5137698592894089,1,Risque churn,2 - Risque moyen,204,2,1541.19,770.6,67,331,0,0.0,Sur le point de Partir,2
12963.0,0,Actif,0.41321582666798035,0,Va rester,2 - Risque moyen,174,5,2110.76,422.15,74,328,2,0.4,Fidèles,0
13399.0,1,Churné,0.6358574461949319,1,Risque churn,2 - Risque moyen,273,3,275.4,91.8,10,328,0,0.0,Sur le point de Partir,0
17492.0,1,Churné,0.3386005015348798,0,Va rester,3 - Risque faible,57,3,1122.42,374.14,32,327,0,0.0,Potentiellement Fidèles,0
15283.0,1,Churné,0.5399283424648607,1,Risque churn,2 - Risque moyen,199,3,148.33,49.44,9,327,1,0.3333,Sur le point de Partir,0
13779.0,1,Churné,0.8460468476221868,1,Risque churn,1 - Risque élevé,324,1,161.13,161.13,27,324,0,0.0,Perdus,2
14084.0,1,Churné,0.8536364515031424,1,Risque churn,1 - Risque élevé,321,1,150.5,150.5,7,321,0,0.0,Perdus,2
15908.0,1,Churné,0.6619961372712262,1,Risque churn,2 - Risque moyen,299,2,764.57,382.29,37,321,0,0.0,Perdus,0
17921.0,0,Actif,0.19968035853734042,0,Va rester,3 - Risque faible,75,7,1877.55,268.22,172,321,2,0.2857,Champions,3
17395.0,1,Churné,0.8536960954650863,1,Risque churn,1 - Risque élevé,317,1,97.5,97.5,3,317,0,0.0,Perdus,2
17090.0,0,Actif,0.24409000137188172,0,Va rester,3 - Risque faible,36,9,1754.58,194.95,23,317,1,0.1111,Champions,0
12864.0,0,Actif,0.852320069690724,1,Risque churn,1 - Risque élevé,317,1,152.45,152.45,4,317,0,0.0,Perdus,2
13444.0,1,Churné,0.5299084672906204,1,Risque churn,2 - Risque moyen,183,2,631.68,315.84,51,315,0,0.0,Besoin d'Attention,2
18026.0,1,Churné,0.6775669164983177,1,Risque churn,2 - Risque moyen,309,2,2074.07,1037.04,12,314,0,0.0,Perdus,0
18132.0,1,Churné,0.8196900762335878,1,Risque churn,1 - Risque élevé,313,1,226.9,226.9,60,313,0,0.0,Perdus,2
15080.0,1,Churné,0.5965775088611321,1,Risque churn,2 - Risque moyen,236,2,546.25,273.13,31,310,0,0.0,Sur le point de Partir,2
14384.0,1,Churné,0.8489440102839824,1,Risque churn,1 - Risque élevé,309,1,58.5,58.5,3,309,0,0.0,Perdus,2
15596.0,0,Actif,0.19543270565874815,0,Va rester,3 - Risque faible,23,8,3113.14,389.14,82,308,7,0.875,Champions,3
15459.0,1,Churné,0.6062839353301906,1,Risque churn,2 - Risque moyen,226,2,202.83,101.42,6,306,0,0.0,Sur le point de Partir,0
14455.0,1,Churné,0.5277407470410829,1,Risque churn,2 - Risque moyen,241,4,628.21,157.05,65,304,1,0.25,En danger,0
14001.0,0,Actif,0.2401870548976364,0,Va rester,3 - Risque faible,41,8,3796.15,474.52,48,302,0,0.0,Champions,0
18079.0,0,Actif,0.3941134334982355,0,Va rester,3 - Risque faible,47,2,2203.61,1101.81,38,300,0,0.0,Potentiellement Fidèles,2
13140.0,0,Actif,0.4536584099360042,0,Va rester,2 - Risque moyen,175,3,951.47,317.16,68,300,0,0.0,Besoin d'Attention,0
17132.0,1,Churné,0.5751717753217533,1,Risque churn,2 - Risque moyen,261,2,1272.8,636.4,62,297,0,0.0,Sur le point de Partir,0
14822.0,1,Churné,0.8335385836953816,1,Risque churn,1 - Risque élevé,294,1,157.7,157.7,9,294,0,0.0,Perdus,2
14736.0,1,Churné,0.6144744411099342,1,Risque churn,2 - Risque moyen,294,2,401.08,200.54,70,294,0,0.0,Perdus,0
16477.0,0,Actif,0.15280557819788707,0,Va rester,3 - Risque faible,23,9,3378.07,375.34,152,293,0,0.0,Champions,0
14630.0,1,Churné,0.8230547791938343,1,Risque churn,1 - Risque élevé,293,1,338.65,338.65,21,293,0,0.0,Perdus,2
17639.0,1,Churné,0.3076700559158045,0,Va rester,3 - Risque faible,85,6,615.17,102.53,59,292,0,0.0,Champions,0
15050.0,0,Actif,0.5322134583970476,1,Risque churn,2 - Risque moyen,230,2,2411.7,1205.85,58,289,0,0.0,Sur le point de Partir,0
15310.0,1,Churné,0.7763956169787177,1,Risque churn,1 - Risque élevé,287,1,1634.64,1634.64,45,287,0,0.0,Perdus,0
17585.0,0,Actif,0.2001503369369472,0,Va rester,3 - Risque faible,72,5,1481.76,296.35,206,287,0,0.0,Champions,0
14767.0,1,Churné,0.8159388894515396,1,Risque churn,1 - Risque élevé,283,1,382.81,382.81,18,283,0,0.0,Perdus,0
17649.0,0,Actif,0.6233812727721982,1,Risque churn,2 - Risque moyen,278,2,710.4,355.2,45,281,1,0.5,Sur le point de Partir,0
17336.0,1,Churné,0.8293868224593249,1,Risque churn,1 - Risque élevé,281,1,81.12,81.12,1,281,0,0.0,Perdus,0
18124.0,1,Churné,0.8185976758768695,1,Risque churn,1 - Risque élevé,281,1,111.53,111.53,20,281,0,0.0,Perdus,0
17894.0,0,Actif,0.15358301570800167,0,Va rester,3 - Risque faible,94,16,2201.42,137.59,187,278,2,0.125,Fidèles,3
15074.0,0,Actif,0.582309457322814,1,Risque churn,2 - Risque moyen,238,2,817.46,408.73,31,276,0,0.0,Sur le point de Partir,0
16239.0,0,Actif,0.5191881755041717,1,Risque churn,2 - Risque moyen,191,4,1078.0,269.5,9,272,0,0.0,Fidèles,0
17369.0,1,Churné,0.7976584369163751,1,Risque churn,1 - Risque élevé,264,1,979.2,979.2,1,264,0,0.0,en Hibernation,0
14708.0,0,Actif,0.502025291180922,1,Risque churn,2 - Risque moyen,177,3,1504.97,501.66,14,264,1,0.3333,Besoin d'Attention,0
17616.0,0,Actif,0.38758043658883007,0,Va rester,3 - Risque faible,63,3,897.6,299.2,1,260,0,0.0,Potentiellement Fidèles,0
13312.0,1,Churné,0.8097818116685265,1,Risque churn,1 - Risque élevé,260,1,124.75,124.75,5,260,0,0.0,en Hibernation,0
14363.0,1,Churné,0.579682399218069,1,Risque churn,2 - Risque moyen,211,2,227.47,113.74,8,260,0,0.0,Sur le point de Partir,0
15535.0,0,Actif,0.2509219964538651,0,Va rester,3 - Risque faible,45,5,962.81,192.56,75,258,4,0.8,Champions,0
14776.0,0,Actif,0.22491395158691596,0,Va rester,3 - Risque faible,27,7,2244.6,320.66,62,255,2,0.2857,Champions,0
17167.0,1,Churné,0.4701721749756728,0,Va rester,2 - Risque moyen,188,3,867.11,289.04,64,254,0,0.0,Besoin d'Attention,0
17480.0,0,Actif,0.7867954364690691,1,Risque churn,1 - Risque élevé,253,1,390.21,390.21,24,253,0,0.0,en Hibernation,0
17840.0,1,Churné,0.7778770644841853,1,Risque churn,1 - Risque élevé,252,1,185.72,185.72,44,252,0,0.0,en Hibernation,0
15761.0,1,Churné,0.8018865901785155,1,Risque churn,1 - Risque élevé,251,1,143.05,143.05,5,251,0,0.0,en Hibernation,0
13519.0,0,Actif,0.7966777662300426,1,Risque churn,1 - Risque élevé,251,1,220.46,220.46,11,251,0,0.0,en Hibernation,0
18193.0,0,Actif,0.5015278527840203,1,Risque churn,2 - Risque moyen,189,2,963.59,481.8,50,251,1,0.5,Besoin d'Attention,0
14992.0,1,Churné,0.7871281526322664,1,Risque churn,1 - Risque élevé,251,1,210.5,210.5,27,251,0,0.0,en Hibernation,0
17396.0,0,Actif,0.4654621173006751,0,Va rester,2 - Risque moyen,180,7,1873.8,267.69,11,250,2,0.2857,Fidèles,0
13386.0,1,Churné,0.5696002164566963,1,Risque churn,2 - Risque moyen,223,2,835.46,417.73,24,246,0,0.0,Sur le point de Partir,0
14657.0,0,Actif,0.2876320471766381,0,Va rester,3 - Risque faible,91,4,1137.05,284.26,120,244,1,0.25,Champions,0
17533.0,1,Churné,0.7997225725648822,1,Risque churn,1 - Risque élevé,243,1,34.8,34.8,1,243,0,0.0,en Hibernation,0
16306.0,1,Churné,0.23143008026253475,0,Va rester,3 - Risque faible,22,7,1192.82,170.4,55,243,3,0.4286,Champions,0
13674.0,1,Churné,0.7617931997295583,1,Risque churn,1 - Risque élevé,241,1,240.68,240.68,14,241,1,1.0,en Hibernation,0
16848.0,0,Actif,0.4814237027211018,0,Va rester,2 - Risque moyen,185,3,1130.2,376.73,64,241,0,0.0,Besoin d'Attention,0
15859.0,1,Churné,0.7760306700667955,1,Risque churn,1 - Risque élevé,241,1,438.46,438.46,22,241,0,0.0,en Hibernation,0
14008.0,1,Churné,0.7427570436688342,1,Risque churn,1 - Risque élevé,241,1,509.04,509.04,32,241,1,1.0,en Hibernation,0
14065.0,1,Churné,0.49957903011506843,0,Va rester,2 - Risque moyen,198,3,891.02,297.01,42,240,1,0.3333,Sur le point de Partir,0
15392.0,0,Actif,0.43040490921784746,0,Va rester,2 - Risque moyen,169,4,1715.07,428.77,54,240,1,0.25,Fidèles,0
15730.0,0,Actif,0.25393155789953803,0,Va rester,3 - Risque faible,15,3,1073.13,357.71,65,240,2,0.6667,Potentiellement Fidèles,0
15346.0,1,Churné,0.4343181140050882,0,Va rester,2 - Risque moyen,141,3,596.12,198.71,36,240,1,0.3333,Besoin d'Attention,0
14314.0,0,Actif,0.7709407536654556,1,Risque churn,1 - Risque élevé,239,1,109.8,109.8,2,239,1,1.0,en Hibernation,0
14470.0,1,Churné,0.4084790719578486,0,Va rester,2 - Risque moyen,96,2,548.49,274.25,48,239,0,0.0,Besoin d'Attention,0
15782.0,0,Actif,0.7278516726818157,1,Risque churn,1 - Risque élevé,239,1,1399.36,1399.36,18,239,1,1.0,en Hibernation,0
14118.0,1,Churné,0.776366832826423,1,Risque churn,1 - Risque élevé,237,1,458.45,458.45,15,237,0,0.0,en Hibernation,0
14127.0,0,Actif,0.2723708178868036,0,Va rester,3 - Risque faible,65,5,1642.6,328.52,88,234,0,0.0,Champions,0
15645.0,0,Actif,0.5739420099166938,1,Risque churn,2 - Risque moyen,223,2,443.16,221.58,16,234,1,0.5,Sur le point de Partir,0
15277.0,0,Actif,0.7796788899402272,1,Risque churn,1 - Risque élevé,234,1,220.44,220.44,14,234,0,0.0,en Hibernation,0
13747.0,1,Churné,0.5452841666378241,1,Risque churn,2 - Risque moyen,182,2,249.4,124.7,4,233,0,0.0,Besoin d'Attention,0
14746.0,1,Churné,0.5535223105980032,1,Risque churn,2 - Risque moyen,215,4,593.5,148.38,7,232,0,0.0,En danger,0
16418.0,0,Actif,0.2895951351827885,0,Va rester,3 - Risque faible,35,3,572.58,190.86,71,231,0,0.0,Potentiellement Fidèles,0
17717.0,1,Churné,0.7644592334220958,1,Risque churn,1 - Risque élevé,230,1,376.92,376.92,26,230,0,0.0,en Hibernation,0
15626.0,0,Actif,0.43403972199245605,0,Va rester,2 - Risque moyen,138,2,673.6,336.8,50,230,1,0.5,Besoin d'Attention,0
17510.0,0,Actif,0.7747448170422592,1,Risque churn,1 - Risque élevé,229,1,206.08,206.08,15,229,0,0.0,en Hibernation,0
13079.0,0,Actif,0.7746977021279038,1,Risque churn,1 - Risque élevé,226,1,199.08,199.08,11,226,0,0.0,en Hibernation,0
15011.0,1,Churné,0.5501827876556308,1,Risque churn,2 - Risque moyen,204,2,416.6,208.3,17,225,0,0.0,Sur le point de Partir,0
14585.0,0,Actif,0.46218084017241456,0,Va rester,2 - Risque moyen,191,4,986.22,246.56,64,225,0,0.0,Fidèles,0
13840.0,1,Churné,0.743151693750566,1,Risque churn,1 - Risque élevé,225,1,651.4,651.4,40,225,0,0.0,en Hibernation,0
14617.0,1,Churné,0.5703087707311444,1,Risque churn,2 - Risque moyen,211,2,190.47,95.24,7,224,0,0.0,Sur le point de Partir,0
16916.0,0,Actif,0.43488226357252074,0,Va rester,2 - Risque moyen,181,3,745.22,248.41,100,224,0,0.0,Besoin d'Attention,0
16642.0,1,Churné,0.30966249016305397,0,Va rester,3 - Risque faible,16,2,696.85,348.42,33,224,2,1.0,Potentiellement Fidèles,0
14148.0,1,Churné,0.383851619578681,0,Va rester,3 - Risque faible,42,2,466.29,233.15,15,223,0,0.0,Potentiellement Fidèles,0
16445.0,0,Actif,0.4608148410462928,0,Va rester,2 - Risque moyen,195,3,372.22,124.07,93,220,0,0.0,Besoin d'Attention,0
15337.0,1,Churné,0.7324308702859122,1,Risque churn,1 - Risque élevé,220,1,373.02,373.02,21,220,1,1.0,en Hibernation,0
16193.0,1,Churné,0.35733204862373086,0,Va rester,3 - Risque faible,45,2,630.43,315.21,38,219,0,0.0,Potentiellement Fidèles,0
14673.0,0,Actif,0.4426207424773344,0,Va rester,2 - Risque moyen,176,3,2047.9,682.63,65,218,0,0.0,Besoin d'Attention,0
13578.0,1,Churné,0.7696854206000865,1,Risque churn,1 - Risque élevé,218,1,147.66,147.66,9,218,0,0.0,en Hibernation,0
14271.0,1,Churné,0.3530154893810546,0,Va rester,3 - Risque faible,34,2,219.13,109.57,38,218,0,0.0,Potentiellement Fidèles,0
16188.0,0,Actif,0.3022048109799685,0,Va rester,3 - Risque faible,35,3,671.57,223.86,46,217,1,0.3333,Potentiellement Fidèles,0
15285.0,1,Churné,0.7709972313735107,1,Risque churn,1 - Risque élevé,216,1,94.92,94.92,6,216,0,0.0,en Hibernation,0
16630.0,1,Churné,0.7472196023339296,1,Risque churn,1 - Risque élevé,216,1,106.8,106.8,4,216,1,1.0,en Hibernation,0
16780.0,0,Actif,0.3798625660087776,0,Va rester,3 - Risque faible,68,2,342.25,171.13,44,216,0,0.0,Potentiellement Fidèles,0
17974.0,0,Actif,0.19773704456571553,0,Va rester,3 - Risque faible,28,4,1290.04,322.51,177,216,0,0.0,Champions,0
17821.0,1,Churné,0.7643900815999448,1,Risque churn,1 - Risque élevé,215,1,334.62,334.62,6,215,0,0.0,en Hibernation,0
13580.0,1,Churné,0.770408585245565,1,Risque churn,1 - Risque élevé,215,1,107.75,107.75,5,215,0,0.0,en Hibernation,0
13310.0,0,Actif,0.24180753967367263,0,Va rester,3 - Risque faible,15,4,1226.82,306.71,65,211,2,0.5,Champions,0
13331.0,1,Churné,0.7572268957307926,1,Risque churn,1 - Risque élevé,210,1,262.4,262.4,12,210,0,0.0,en Hibernation,0
16865.0,1,Churné,0.7583788543283372,1,Risque churn,1 - Risque élevé,210,1,130.95,130.95,15,210,0,0.0,en Hibernation,0
13049.0,0,Actif,0.43790764207310073,0,Va rester,2 - Risque moyen,127,3,905.34,301.78,12,210,1,0.3333,Besoin d'Attention,0
16712.0,0,Actif,0.1706963569675921,0,Va rester,3 - Risque faible,21,6,1825.93,304.32,171,210,0,0.0,Champions,0
14737.0,0,Actif,0.5311572568303186,1,Risque churn,2 - Risque moyen,162,2,2823.62,1411.81,28,209,0,0.0,Besoin d'Attention,0
14777.0,1,Churné,0.7017234059331827,1,Risque churn,1 - Risque élevé,212,1,307.56,307.56,16,212,2,2.0,en Hibernation,0
18127.0,0,Actif,0.7542542219969275,1,Risque churn,1 - Risque élevé,212,1,212.8,212.8,21,212,0,0.0,en Hibernation,0
13597.0,1,Churné,0.5512990824888997,1,Risque churn,2 - Risque moyen,209,2,396.71,198.36,17,211,1,0.5,Sur le point de Partir,0
17276.0,1,Churné,0.6971158434281303,1,Risque churn,2 - Risque moyen,211,1,508.39,508.39,50,211,1,1.0,en Hibernation,0
13846.0,0,Actif,0.29332122966014923,0,Va rester,3 - Risque faible,51,3,1106.66,368.89,69,208,1,0.3333,Potentiellement Fidèles,0
13646.0,1,Churné,0.5075334147121976,1,Risque churn,2 - Risque moyen,208,2,326.25,163.12,58,208,1,0.5,Sur le point de Partir,0
16899.0,0,Actif,0.24984513645979559,0,Va rester,3 - Risque faible,16,4,787.01,196.75,68,206,0,0.0,Champions,0
17208.0,1,Churné,0.7486862961556403,1,Risque churn,1 - Risque élevé,204,1,115.35,115.35,21,204,0,0.0,en Hibernation,0
17374.0,1,Churné,0.2961874173202997,0,Va rester,3 - Risque faible,27,3,727.11,242.37,34,204,1,0.3333,Potentiellement Fidèles,0
15001.0,1,Churné,0.5283257160905421,1,Risque churn,2 - Risque moyen,203,2,230.86,115.43,44,203,0,0.0,Sur le point de Partir,0
17288.0,0,Actif,0.16388342176590714,0,Va rester,3 - Risque faible,16,9,1743.95,193.77,139,203,0,0.0,Champions,0
17903.0,1,Churné,0.7243045286615446,1,Risque churn,1 - Risque élevé,203,1,381.09,381.09,44,203,0,0.0,en Hibernation,0
14082.0,1,Churné,0.48297437310319496,0,Va rester,2 - Risque moyen,173,2,413.36,206.68,48,201,0,0.0,Besoin d'Attention,0
13167.0,0,Actif,0.7416471201693089,1,Risque churn,1 - Risque élevé,199,1,333.82,333.82,16,199,0,0.0,en Hibernation,0
18221.0,0,Actif,0.3264107942524306,0,Va rester,3 - Risque faible,20,2,617.8,308.9,31,199,1,0.5,Potentiellement Fidèles,0
12991.0,0,Actif,0.7438820178786404,1,Risque churn,1 - Risque élevé,198,1,261.06,261.06,14,198,0,0.0,en Hibernation,0
16399.0,0,Actif,0.33437041825641695,0,Va rester,3 - Risque faible,44,2,411.66,205.83,65,198,0,0.0,Potentiellement Fidèles,0
18084.0,0,Actif,0.5249703558455993,1,Risque churn,2 - Risque moyen,192,2,722.45,361.23,6,197,2,1.0,Besoin d'Attention,0
16083.0,0,Actif,0.46017340892867276,0,Va rester,2 - Risque moyen,169,3,1371.78,457.26,51,197,0,0.0,Besoin d'Attention,0
13624.0,1,Churné,0.7044800250640585,1,Risque churn,1 - Risque élevé,197,1,462.08,462.08,22,197,1,1.0,en Hibernation,0
13458.0,0,Actif,0.12339318284098233,0,Va rester,3 - Risque faible,23,8,7942.32,992.79,220,197,5,0.625,Champions,3
16829.0,0,Actif,0.7400473960516306,1,Risque churn,1 - Risque élevé,197,1,316.1,316.1,16,197,0,0.0,en Hibernation,0
14405.0,1,Churné,0.7509013629947171,1,Risque churn,1 - Risque élevé,195,1,195.0,195.0,2,195,0,0.0,Prometteurs,0
17355.0,1,Churné,0.7301102284913729,1,Risque churn,1 - Risque élevé,195,1,285.11,285.11,28,195,0,0.0,Prometteurs,0
16936.0,0,Actif,0.6884853177053721,1,Risque churn,2 - Risque moyen,194,1,288.49,288.49,81,194,0,0.0,Prometteurs,0
16599.0,1,Churné,0.7434498429018197,1,Risque churn,1 - Risque élevé,194,1,172.8,172.8,12,194,0,0.0,Prometteurs,0
15846.0,1,Churné,0.7344093810602609,1,Risque churn,1 - Risque élevé,194,1,107.01,107.01,27,194,0,0.0,Prometteurs,0
12858.0,1,Churné,0.6958811039545977,1,Risque churn,2 - Risque moyen,192,1,177.92,177.92,36,192,1,1.0,Prometteurs,0
13550.0,1,Churné,0.7163018318819581,1,Risque churn,1 - Risque élevé,192,1,349.51,349.51,40,192,0,0.0,Prometteurs,0
14048.0,1,Churné,0.3245583025775716,0,Va rester,3 - Risque faible,114,3,748.69,249.56,126,191,1,0.3333,Besoin d'Attention,0
17598.0,1,Churné,0.7347105404015952,1,Risque churn,1 - Risque élevé,190,1,409.98,409.98,10,190,0,0.0,Prometteurs,0
18076.0,1,Churné,0.7417192794540848,1,Risque churn,1 - Risque élevé,189,1,151.49,151.49,8,189,0,0.0,Prometteurs,0
12961.0,1,Churné,0.7179155189416181,1,Risque churn,1 - Risque élevé,188,1,211.99,211.99,37,188,0,0.0,Prometteurs,0
17283.0,1,Churné,0.7336895627081252,1,Risque churn,1 - Risque élevé,187,1,188.46,188.46,15,187,0,0.0,Prometteurs,0
16262.0,1,Churné,0.6345311276083114,1,Risque churn,2 - Risque moyen,187,1,755.15,755.15,46,187,2,2.0,Prometteurs,0
15404.0,1,Churné,0.7280255821584428,1,Risque churn,1 - Risque élevé,184,1,257.06,257.06,16,184,0,0.0,Prometteurs,0
16355.0,1,Churné,0.6710104028968588,1,Risque churn,2 - Risque moyen,184,1,416.35,416.35,47,184,1,1.0,Prometteurs,0
17468.0,0,Actif,0.7425282382749704,1,Risque churn,1 - Risque élevé,184,1,57.8,57.8,3,184,0,0.0,Prometteurs,0
17826.0,1,Churné,0.7175847468326252,1,Risque churn,1 - Risque élevé,183,1,134.59,134.59,33,183,0,0.0,Prometteurs,0
16473.0,0,Actif,0.38853239415508295,0,Va rester,3 - Risque faible,96,3,372.53,124.18,21,183,1,0.3333,Besoin d'Attention,0
17820.0,1,Churné,0.6830567824531587,1,Risque churn,2 - Risque moyen,183,1,183.56,183.56,39,183,1,1.0,Prometteurs,0
14594.0,1,Churné,0.7078402783031004,1,Risque churn,1 - Risque élevé,182,1,510.0,510.0,31,182,0,0.0,Prometteurs,0
17855.0,1,Churné,0.7198312325282088,1,Risque churn,1 - Risque élevé,181,1,417.94,417.94,17,181,0,0.0,Prometteurs,0
17976.0,1,Churné,0.6815667975314372,1,Risque churn,2 - Risque moyen,181,1,706.38,706.38,56,181,0,0.0,Prometteurs,0
15894.0,1,Churné,0.37870301785011307,0,Va rester,3 - Risque faible,62,2,420.29,210.14,35,178,0,0.0,Potentiellement Fidèles,0
15899.0,1,Churné,0.7331848093363775,1,Risque churn,1 - Risque élevé,177,1,112.5,112.5,4,177,0,0.0,Prometteurs,0
15919.0,0,Actif,0.6959602583647383,1,Risque churn,2 - Risque moyen,177,1,541.44,541.44,38,177,0,0.0,Prometteurs,0
13030.0,1,Churné,0.6774616816459679,1,Risque churn,2 - Risque moyen,177,1,855.48,855.48,50,177,0,0.0,Prometteurs,0
13369.0,1,Churné,0.6802983984949241,1,Risque churn,2 - Risque moyen,174,1,616.56,616.56,14,174,1,1.0,Prometteurs,0
17752.0,1,Churné,0.7267362474185367,1,Risque churn,1 - Risque élevé,168,1,80.64,80.64,1,168,0,0.0,Prometteurs,0
14185.0,1,Churné,0.6912062999886727,1,Risque churn,2 - Risque moyen,140,1,197.65,197.65,3,140,0,0.0,Prometteurs,0
17786.0,0,Actif,0.660199787376028,1,Risque churn,2 - Risque moyen,126,1,114.85,114.85,24,126,0,0.0,Prometteurs,0
16378.0,1,Churné,0.34492373028186246,0,Va rester,3 - Risque faible,56,3,362.95,120.98,22,119,0,0.0,Potentiellement Fidèles,0
17507.0,1,Churné,0.32715572551973965,0,Va rester,3 - Risque faible,70,2,605.58,302.79,79,118,0,0.0,Potentiellement Fidèles,0
16217.0,1,Churné,0.3273463565890076,0,Va rester,3 - Risque faible,44,2,304.25,152.13,13,91,2,1.0,Potentiellement Fidèles,0
14071.0,0,Actif,0.3540323208555565,0,Va rester,3 - Risque faible,69,2,356.81,178.41,22,73,1,0.5,Potentiellement Fidèles,0
12902.0,1,Churné,0.6058663061015793,1,Risque churn,2 - Risque moyen,73,1,138.68,138.68,10,73,0,0.0,Prometteurs,0
15831.0,0,Actif,0.6377761923165374,1,Risque churn,2 - Risque moyen,133,1,309.94,309.94,17,133,1,1.0,Prometteurs,0
13068.0,1,Churné,0.6799266027396115,1,Risque churn,2 - Risque moyen,128,1,165.0,165.0,1,128,0,0.0,Prometteurs,0
14368.0,1,Churné,0.6745472898053886,1,Risque churn,2 - Risque moyen,128,1,155.0,155.0,8,128,0,0.0,Prometteurs,0
13725.0,0,Actif,0.24337868099669643,0,Va rester,3 - Risque faible,34,6,1751.6,291.93,83,117,2,0.3333,Champions,0
14842.0,0,Actif,0.630852377537738,1,Risque churn,2 - Risque moyen,117,1,310.0,310.0,2,117,1,1.0,Prometteurs,0
15843.0,1,Churné,0.6566005591132666,1,Risque churn,2 - Risque moyen,112,1,118.95,118.95,8,112,0,0.0,Prometteurs,0
18159.0,1,Churné,0.6289077203495523,1,Risque churn,2 - Risque moyen,110,1,530.15,530.15,23,110,0,0.0,Prometteurs,0
14371.0,1,Churné,0.6508403281077625,1,Risque churn,2 - Risque moyen,104,1,100.5,100.5,4,104,0,0.0,Prometteurs,0
15121.0,0,Actif,0.6242787812467582,1,Risque churn,2 - Risque moyen,97,1,295.15,295.15,18,97,0,0.0,Prometteurs,0
13261.0,1,Churné,0.41061538011422616,0,Va rester,2 - Risque moyen,77,2,944.1,472.05,8,94,0,0.0,Potentiellement Fidèles,0
17654.0,1,Churné,0.6124697953209749,1,Risque churn,2 - Risque moyen,86,1,117.55,117.55,22,86,0,0.0,Prometteurs,0
14165.0,1,Churné,0.6088937255899987,1,Risque churn,2 - Risque moyen,84,1,122.54,122.54,23,84,0,0.0,Prometteurs,0
15632.0,0,Actif,0.2832067966391398,0,Va rester,3 - Risque faible,34,3,1242.5,414.17,51,83,1,0.3333,Potentiellement Fidèles,0
14297.0,0,Actif,0.6147259924996388,1,Risque churn,2 - Risque moyen,83,1,232.6,232.6,11,83,0,0.0,Prometteurs,0
13899.0,0,Actif,0.6091366560698798,1,Risque churn,2 - Risque moyen,83,1,298.5,298.5,15,83,0,0.0,Prometteurs,0
14603.0,1,Churné,0.6092165297794068,1,Risque churn,2 - Risque moyen,83,1,660.0,660.0,2,83,0,0.0,Prometteurs,0
16808.0,0,Actif,0.6097660987179678,1,Risque churn,2 - Risque moyen,83,1,166.5,166.5,19,83,0,0.0,Prometteurs,0
14352.0,0,Actif,0.3372370872053317,0,Va rester,3 - Risque faible,43,2,845.32,422.66,35,82,0,0.0,Potentiellement Fidèles,0
13708.0,1,Churné,0.5749128953194115,1,Risque churn,2 - Risque moyen,80,1,296.88,296.88,49,80,0,0.0,Prometteurs,0
13121.0,1,Churné,0.5382582030867569,1,Risque churn,2 - Risque moyen,78,1,283.73,283.73,50,78,1,1.0,Prometteurs,0
13533.0,0,Actif,0.36276909164859866,0,Va rester,3 - Risque faible,76,2,146.64,73.32,42,76,0,0.0,Potentiellement Fidèles,0
14377.0,0,Actif,0.6030636990937926,1,Risque churn,2 - Risque moyen,71,1,314.6,314.6,4,71,0,0.0,Prometteurs,0
17250.0,1,Churné,0.589675024336402,1,Risque churn,2 - Risque moyen,70,1,162.65,162.65,23,70,0,0.0,Prometteurs,0
14348.0,1,Churné,0.5849531623994714,1,Risque churn,2 - Risque moyen,69,1,409.57,409.57,18,69,0,0.0,Prometteurs,0
17946.0,1,Churné,0.3478279973769995,0,Va rester,3 - Risque faible,42,2,149.58,74.79,18,68,0,0.0,Potentiellement Fidèles,0
15528.0,1,Churné,0.5757421480617354,1,Risque churn,2 - Risque moyen,63,1,229.33,229.33,26,63,0,0.0,Prometteurs,0
17088.0,0,Actif,0.5221085668717692,1,Risque churn,2 - Risque moyen,62,1,1015.83,1015.83,55,62,0,0.0,Prometteurs,0
17781.0,0,Actif,0.6000655854107073,1,Risque churn,2 - Risque moyen,62,1,102.0,102.0,2,62,0,0.0,Prometteurs,0
18263.0,0,Actif,0.5805517223557042,1,Risque churn,2 - Risque moyen,61,1,307.6,307.6,15,61,0,0.0,Prometteurs,0
18185.0,1,Churné,0.5749454493416088,1,Risque churn,2 - Risque moyen,58,1,304.25,304.25,17,58,0,0.0,Prometteurs,0
16633.0,0,Actif,0.5423202460107285,1,Risque churn,2 - Risque moyen,43,1,447.52,447.52,26,43,0,0.0,Prometteurs,0
16637.0,0,Actif,0.5443151839270207,1,Risque churn,2 - Risque moyen,34,1,303.62,303.62,16,34,0,0.0,Prometteurs,0
14149.0,1,Churné,0.45406985437614095,0,Va rester,2 - Risque moyen,29,1,446.62,446.62,28,29,2,2.0,Prometteurs,0
15582.0,0,Actif,0.5321577615315012,1,Risque churn,2 - Risque moyen,29,1,303.61,303.61,22,29,0,0.0,Prometteurs,0
17394.0,1,Churné,0.5506631563393843,1,Risque churn,2 - Risque moyen,28,1,203.87,203.87,4,28,0,0.0,Nouveaux Clients,0
16457.0,1,Churné,0.544604779903166,1,Risque churn,2 - Risque moyen,27,1,208.36,208.36,9,27,0,0.0,Nouveaux Clients,0
13867.0,0,Actif,0.5478024036218997,1,Risque churn,2 - Risque moyen,27,1,138.85,138.85,8,27,0,0.0,Nouveaux Clients,0
13741.0,0,Actif,0.5118270547467109,1,Risque churn,2 - Risque moyen,26,1,162.96,162.96,8,26,1,1.0,Nouveaux Clients,0
17410.0,0,Actif,0.5320087727678485,1,Risque churn,2 - Risque moyen,24,1,302.4,302.4,15,24,0,0.0,Nouveaux Clients,0
13990.0,1,Churné,0.5281331876531435,1,Risque churn,2 - Risque moyen,22,1,311.3,311.3,16,22,0,0.0,Nouveaux Clients,0
15187.0,0,Actif,0.5292991300391079,1,Risque churn,2 - Risque moyen,21,1,431.6,431.6,9,21,0,0.0,Nouveaux Clients,0
17263.0,1,Churné,0.5231880424989863,1,Risque churn,2 - Risque moyen,17,1,63.44,63.44,23,17,0,0.0,Nouveaux Clients,0
16446.0,1,Churné,0.5066649724734349,1,Risque churn,2 - Risque moyen,14,1,2.9,2.9,2,14,1,1.0,Nouveaux Clients,0
12971.0,0,Actif,0.014277739308117014,0,Va rester,3 - Risque faible,5,69,9421.1,136.54,74,533,3,0.0435,Champions,3
18145.0,0,Actif,0.13169568494374498,0,Va rester,3 - Risque faible,13,9,3780.02,420.0,158,540,1,0.1111,Champions,3
13418.0,0,Actif,0.05546836412664473,0,Va rester,3 - Risque faible,13,22,9446.77,429.4,250,537,3,0.1364,Champions,3
18168.0,0,Actif,0.08759830182540877,0,Va rester,3 - Risque faible,13,15,3655.12,243.67,209,545,6,0.4,Champions,3
18225.0,0,Actif,0.0739252815755955,0,Va rester,3 - Risque faible,13,19,9213.21,484.91,217,544,6,0.3158,Champions,3
16146.0,0,Actif,0.29035684906683895,0,Va rester,3 - Risque faible,12,3,871.38,290.46,34,257,0,0.0,Potentiellement Fidèles,0
15370.0,0,Actif,0.24780509867835163,0,Va rester,3 - Risque faible,12,4,2480.9,620.23,77,219,0,0.0,Champions,0
15220.0,0,Actif,0.2613254801011274,0,Va rester,3 - Risque faible,12,3,858.19,286.06,53,89,1,0.3333,Potentiellement Fidèles,0
13856.0,0,Actif,0.2063368845036735,0,Va rester,3 - Risque faible,12,9,847.93,94.21,30,428,2,0.2222,Champions,0
16497.0,0,Actif,0.06510961400377627,0,Va rester,3 - Risque faible,12,22,5280.29,240.01,204,545,0,0.0,Champions,3
15290.0,0,Actif,0.1377722209726381,0,Va rester,3 - Risque faible,12,16,4585.63,286.6,62,462,3,0.1875,Champions,3
18198.0,0,Actif,0.20012540625844735,0,Va rester,3 - Risque faible,12,10,3175.11,317.51,48,145,1,0.1,Champions,0
17757.0,0,Actif,0.02363304758412328,0,Va rester,3 - Risque faible,12,40,6136.06,153.4,287,504,3,0.075,Champions,3
13527.0,0,Actif,0.13948402650950828,0,Va rester,3 - Risque faible,10,7,2981.87,425.98,174,496,1,0.1429,Champions,3
17176.0,1,Churné,0.29235772981215397,0,Va rester,3 - Risque faible,10,3,902.32,300.77,37,486,0,0.0,Potentiellement Fidèles,2
14921.0,0,Actif,0.4584055628166047,0,Va rester,2 - Risque moyen,10,1,903.01,903.01,53,10,0,0.0,Nouveaux Clients,0
14647.0,1,Churné,0.3492030688792473,0,Va rester,3 - Risque faible,10,2,519.97,259.98,42,332,0,0.0,Potentiellement Fidèles,2
15555.0,0,Actif,0.020687640177779496,0,Va rester,3 - Risque faible,10,25,8966.93,358.68,501,542,8,0.32,Champions,3
15938.0,0,Actif,0.22291517744953193,0,Va rester,3 - Risque faible,10,8,665.53,83.19,24,365,0,0.0,Champions,0
14514.0,0,Actif,0.12274628641959764,0,Va rester,3 - Risque faible,10,8,3946.74,493.34,197,535,1,0.125,Champions,3
12877.0,0,Actif,0.1337609088411557,0,Va rester,3 - Risque faible,9,15,2101.44,140.1,80,499,0,0.0,Champions,3
14239.0,0,Actif,0.1269135917746665,0,Va rester,3 - Risque faible,9,16,3177.36,198.58,80,543,3,0.1875,Champions,3
14049.0,0,Actif,0.042984002247356635,0,Va rester,3 - Risque faible,9,11,10615.77,965.07,465,426,4,0.3636,Champions,3
14573.0,0,Actif,0.11754091867600094,0,Va rester,3 - Risque faible,9,11,2346.9,213.35,177,509,4,0.3636,Champions,3
13078.0,0,Actif,0.04277633505585572,0,Va rester,3 - Risque faible,9,41,21371.67,521.26,131,547,29,0.7073,Champions,3
15311.0,0,Actif,3.1102474955967915e-05,0,Va rester,3 - Risque faible,5,160,85669.95,535.44,698,547,50,0.3125,Champions,1
14817.0,1,Churné,0.14828629661002343,0,Va rester,3 - Risque faible,9,7,3959.86,565.69,142,436,2,0.2857,Champions,3
18160.0,0,Actif,0.3156570494703905,0,Va rester,3 - Risque faible,9,2,684.37,342.18,41,195,0,0.0,Potentiellement Fidèles,0
13590.0,0,Actif,0.0757758567129556,0,Va rester,3 - Risque faible,8,15,5279.7,351.98,241,547,2,0.1333,Champions,3
13854.0,0,Actif,0.07594188687277012,0,Va rester,3 - Risque faible,5,30,9303.98,310.13,53,509,4,0.1333,Champions,3
15819.0,0,Actif,0.13898979494877967,0,Va rester,3 - Risque faible,8,8,3206.48,400.81,162,440,1,0.125,Champions,3
17375.0,1,Churné,0.23701780530329847,0,Va rester,3 - Risque faible,8,4,660.55,165.14,77,240,0,0.0,Champions,0
15042.0,1,Churné,0.39688253047834526,0,Va rester,3 - Risque faible,8,2,315.45,157.73,9,404,0,0.0,Potentiellement Fidèles,2
15804.0,0,Actif,0.484398426361028,0,Va rester,2 - Risque moyen,7,1,525.36,525.36,34,7,0,0.0,Nouveaux Clients,0
13263.0,0,Actif,0.047830794157144384,0,Va rester,3 - Risque faible,7,18,4541.37,252.3,373,222,0,0.0,Champions,3
17770.0,1,Churné,0.2625709480286968,0,Va rester,3 - Risque faible,7,5,1143.27,228.65,33,91,0,0.0,Champions,0
14009.0,1,Churné,0.24768847726724563,0,Va rester,3 - Risque faible,7,3,1099.91,366.64,71,271,1,0.3333,Potentiellement Fidèles,0
14584.0,0,Actif,0.17820578673994214,0,Va rester,3 - Risque faible,6,6,1180.45,196.74,114,469,0,0.0,Champions,2
15805.0,0,Actif,0.06637669664366001,0,Va rester,3 - Risque faible,6,18,7164.53,398.03,245,538,8,0.4444,Champions,3
15658.0,0,Actif,0.17880468491066884,0,Va rester,3 - Risque faible,6,7,2415.97,345.14,79,545,5,0.7143,Champions,3
12942.0,0,Actif,0.33566979483667797,0,Va rester,3 - Risque faible,6,2,655.27,327.64,23,174,0,0.0,Potentiellement Fidèles,0
14816.0,1,Churné,0.5192192327729085,1,Risque churn,2 - Risque moyen,6,1,271.85,271.85,4,6,0,0.0,Nouveaux Clients,0
15852.0,0,Actif,0.3602335925138214,0,Va rester,3 - Risque faible,6,2,199.76,99.88,30,335,0,0.0,Potentiellement Fidèles,2
16624.0,0,Actif,0.49837111131193007,0,Va rester,2 - Risque moyen,6,1,426.43,426.43,21,6,0,0.0,Nouveaux Clients,0
14740.0,1,Churné,0.11395768105527652,0,Va rester,3 - Risque faible,6,11,4161.06,378.28,173,461,1,0.0909,Champions,3
17739.0,0,Actif,0.1420792987458957,0,Va rester,3 - Risque faible,5,14,6010.01,429.29,47,541,1,0.0714,Champions,3
15172.0,0,Actif,0.2883843600484685,0,Va rester,3 - Risque faible,5,2,526.2,263.1,38,45,0,0.0,Potentiellement Fidèles,0
14828.0,1,Churné,0.1352714847541376,0,Va rester,3 - Risque faible,5,13,9839.46,756.88,72,541,1,0.0769,Champions,3
13488.0,0,Actif,0.05875671936959943,0,Va rester,3 - Risque faible,5,16,12150.0,759.38,306,492,4,0.25,Champions,3
15939.0,0,Actif,0.2067502052586919,0,Va rester,3 - Risque faible,5,10,7577.73,757.77,52,183,1,0.1,Champions,0
18242.0,0,Actif,0.1983447868508344,0,Va rester,3 - Risque faible,5,6,2066.8,344.47,68,506,0,0.0,Champions,2
16323.0,1,Churné,0.39386619783597937,0,Va rester,3 - Risque faible,5,2,353.66,176.83,4,386,0,0.0,Potentiellement Fidèles,2
17412.0,0,Actif,0.11277890467388245,0,Va rester,3 - Risque faible,5,13,3869.28,297.64,143,546,3,0.2308,Champions,3
17051.0,1,Churné,0.21033836656388802,0,Va rester,3 - Risque faible,3,4,714.39,178.6,107,437,0,0.0,Champions,2
16566.0,0,Actif,0.3230261131156103,0,Va rester,3 - Risque faible,1,2,280.12,140.06,6,101,0,0.0,Potentiellement Fidèles,0
16167.0,1,Churné,0.49377951302114614,0,Va rester,2 - Risque moyen,223,5,1386.12,277.22,51,547,1,0.2,En danger,2
17984.0,0,Actif,0.38585672936785803,0,Va rester,3 - Risque faible,201,4,1038.59,259.65,165,547,0,0.0,En danger,2
14871.0,0,Actif,0.2322321066061566,0,Va rester,3 - Risque faible,64,7,985.19,140.74,89,547,0,0.0,Champions,2
15662.0,1,Churné,0.8474033974749012,1,Risque churn,1 - Risque élevé,470,2,283.73,141.87,12,547,0,0.0,Perdus,2
13442.0,1,Churné,0.8265972375594318,1,Risque churn,1 - Risque élevé,476,3,419.87,139.96,33,547,0,0.0,En danger,2
13819.0,1,Churné,0.3194740477494505,0,Va rester,3 - Risque faible,110,6,2642.35,440.39,47,547,1,0.1667,Fidèles,2
14831.0,1,Churné,0.800082095558079,1,Risque churn,1 - Risque élevé,489,3,1676.57,558.86,67,546,4,1.3333,En danger,2
17818.0,1,Churné,0.9446714263407645,1,Risque churn,1 - Risque élevé,546,1,130.18,130.18,42,546,0,0.0,Perdus,2
14667.0,0,Actif,0.01220299644986941,0,Va rester,3 - Risque faible,23,40,16639.75,415.99,473,546,7,0.175,Champions,3
14669.0,1,Churné,0.09967481497683289,0,Va rester,3 - Risque faible,50,7,3243.93,463.42,334,546,0,0.0,Champions,3
17909.0,1,Churné,0.9508833746720953,1,Risque churn,1 - Risque élevé,546,1,132.55,132.55,8,546,0,0.0,Perdus,2
17606.0,1,Churné,0.9515052518757254,1,Risque churn,1 - Risque élevé,546,1,87.3,87.3,6,546,0,0.0,Perdus,2
17716.0,0,Actif,0.09252425772589842,0,Va rester,3 - Risque faible,58,15,11752.6,783.51,261,546,2,0.1333,Champions,3
14838.0,1,Churné,0.6275042530048929,1,Risque churn,2 - Risque moyen,232,2,773.67,386.84,69,545,0,0.0,Sur le point de Partir,2
14483.0,1,Churné,0.5162262402326409,1,Risque churn,2 - Risque moyen,90,2,257.1,128.55,13,545,0,0.0,Potentiellement Fidèles,2
13753.0,1,Churné,0.33479562161417914,0,Va rester,3 - Risque faible,96,4,2094.57,523.64,64,545,0,0.0,Fidèles,2
15965.0,0,Actif,0.2824661266456953,0,Va rester,3 - Risque faible,176,10,2323.64,232.36,144,545,1,0.1,Fidèles,3
16159.0,1,Churné,0.3493811643831181,0,Va rester,3 - Risque faible,90,4,1232.79,308.2,31,545,1,0.25,Champions,2
17581.0,0,Actif,0.040851832594594926,0,Va rester,3 - Risque faible,22,28,11132.27,397.58,291,545,7,0.25,Champions,3
15953.0,0,Actif,0.14912041598193512,0,Va rester,3 - Risque faible,20,14,2836.31,202.59,69,545,2,0.1429,Champions,3
12949.0,0,Actif,0.05680355467287412,0,Va rester,3 - Risque faible,15,17,13610.18,800.6,311,545,6,0.3529,Champions,3
15884.0,1,Churné,0.6654724166718913,1,Risque churn,2 - Risque moyen,241,2,249.7,124.85,14,545,1,0.5,Sur le point de Partir,2
17884.0,1,Churné,0.10211958503301853,0,Va rester,3 - Risque faible,120,19,2958.28,155.7,287,544,3,0.1579,Fidèles,3
13679.0,1,Churné,0.6533340788268737,1,Risque churn,2 - Risque moyen,302,3,281.26,93.75,44,544,0,0.0,En danger,2
14238.0,1,Churné,0.47028388999543735,0,Va rester,2 - Risque moyen,135,3,434.23,144.74,13,543,0,0.0,Besoin d'Attention,2
13958.0,1,Churné,0.3073152867311682,0,Va rester,3 - Risque faible,188,8,4709.23,588.65,172,543,4,0.5,Fidèles,3
13641.0,1,Churné,0.7739478279177999,1,Risque churn,1 - Risque élevé,449,5,1016.47,203.29,41,543,2,0.4,En danger,2
15420.0,1,Churné,0.504521127872172,1,Risque churn,2 - Risque moyen,243,6,743.0,123.83,52,543,0,0.0,En danger,2
16158.0,1,Churné,0.6109601847391991,1,Risque churn,2 - Risque moyen,331,9,628.32,69.81,29,543,1,0.1111,En danger,2
14709.0,0,Actif,0.13041176981831493,0,Va rester,3 - Risque faible,24,16,5575.43,348.46,83,543,2,0.125,Champions,3
16277.0,1,Churné,0.9467906112920914,1,Risque churn,1 - Risque élevé,542,1,188.69,188.69,23,542,0,0.0,Perdus,2
13448.0,0,Actif,0.08886743643000806,0,Va rester,3 - Risque faible,27,11,7124.76,647.71,271,542,5,0.4545,Champions,3
16964.0,1,Churné,0.8872326350811625,1,Risque churn,1 - Risque élevé,542,2,207.85,103.93,6,542,0,0.0,Perdus,2
17848.0,0,Actif,0.11041622222377137,0,Va rester,3 - Risque faible,58,25,3138.07,125.52,91,542,1,0.04,Champions,3
17561.0,0,Actif,0.44310349133036325,0,Va rester,2 - Risque moyen,199,3,554.72,184.91,129,542,0,0.0,Sur le point de Partir,2
17557.0,0,Actif,0.9514537103397173,1,Risque churn,1 - Risque élevé,541,1,34.0,34.0,1,541,0,0.0,Perdus,2
16124.0,1,Churné,0.3612031213973489,0,Va rester,3 - Risque faible,126,4,1772.49,443.12,63,541,2,0.5,Fidèles,2
13693.0,1,Churné,0.35236121965470907,0,Va rester,3 - Risque faible,183,9,2011.82,223.54,78,541,4,0.4444,Fidèles,3
14955.0,1,Churné,0.9453635749228222,1,Risque churn,1 - Risque élevé,541,1,163.77,163.77,30,541,0,0.0,Perdus,2
13905.0,1,Churné,0.9325135040486561,1,Risque churn,1 - Risque élevé,541,1,312.65,312.65,12,541,2,2.0,Perdus,2
14408.0,0,Actif,0.27424502736992096,0,Va rester,3 - Risque faible,47,6,2208.88,368.15,13,541,0,0.0,Champions,2
13234.0,1,Churné,0.8314244691992776,1,Risque churn,1 - Risque élevé,481,2,356.95,178.48,56,541,0,0.0,Perdus,2
17441.0,1,Churné,0.9461942708189808,1,Risque churn,1 - Risque élevé,541,1,293.35,293.35,21,541,0,0.0,Perdus,2
17988.0,0,Actif,0.30242126371669104,0,Va rester,3 - Risque faible,135,8,353.41,44.18,92,541,0,0.0,Fidèles,2
13042.0,1,Churné,0.658202804397492,1,Risque churn,2 - Risque moyen,407,3,1556.54,518.85,164,541,1,0.3333,En danger,2
17047.0,0,Actif,0.20077003791004625,0,Va rester,3 - Risque faible,14,5,1937.76,387.55,98,540,0,0.0,Champions,2
15093.0,0,Actif,0.099294230526567,0,Va rester,3 - Risque faible,15,21,13125.77,625.04,104,540,11,0.5238,Champions,3
13643.0,0,Actif,0.4029372885242411,0,Va rester,2 - Risque moyen,191,7,1637.33,233.9,57,540,5,0.7143,Fidèles,3
15924.0,1,Churné,0.9484789539058881,1,Risque churn,1 - Risque élevé,540,1,102.82,102.82,14,540,0,0.0,Perdus,2
18275.0,1,Churné,0.782439173160221,1,Risque churn,1 - Risque élevé,387,2,741.85,370.93,19,540,0,0.0,Perdus,2
15403.0,1,Churné,0.7301725277804831,1,Risque churn,1 - Risque élevé,300,2,170.88,85.44,6,539,0,0.0,Perdus,2
14211.0,0,Actif,0.12700832199639742,0,Va rester,3 - Risque faible,16,14,3071.08,219.36,117,539,7,0.5,Champions,3
15911.0,1,Churné,0.6379398738006532,1,Risque churn,2 - Risque moyen,432,8,1702.34,212.79,162,539,2,0.25,En danger,2
13141.0,0,Actif,0.07429213272988504,0,Va rester,3 - Risque faible,23,16,6680.86,417.55,259,539,4,0.25,Champions,3
14107.0,0,Actif,0.18633796909642583,0,Va rester,3 - Risque faible,29,8,3649.15,456.14,89,539,2,0.25,Champions,3
12917.0,0,Actif,0.47991498778339853,0,Va rester,2 - Risque moyen,209,5,3765.2,753.04,44,539,2,0.4,En danger,2
15441.0,1,Churné,0.5279958341071613,1,Risque churn,2 - Risque moyen,205,3,1254.21,418.07,45,539,0,0.0,Sur le point de Partir,2
15077.0,1,Churné,0.6811811361085492,1,Risque churn,2 - Risque moyen,303,2,2428.08,1214.04,28,539,2,1.0,Perdus,2
15209.0,1,Churné,0.9479037428250243,1,Risque churn,1 - Risque élevé,539,1,178.98,178.98,13,539,0,0.0,Perdus,2
17388.0,0,Actif,0.20836021494353568,0,Va rester,3 - Risque faible,20,9,2195.21,243.91,29,538,0,0.0,Champions,2
13091.0,0,Actif,0.855313351266527,1,Risque churn,1 - Risque élevé,538,2,1976.0,988.0,24,538,2,1.0,Perdus,2
15642.0,1,Churné,0.9493788587521489,1,Risque churn,1 - Risque élevé,538,1,105.78,105.78,6,538,0,0.0,Perdus,2
15912.0,0,Actif,0.20995261021909037,0,Va rester,3 - Risque faible,42,8,951.57,118.95,77,538,0,0.0,Champions,2
15623.0,0,Actif,0.4064999017057335,0,Va rester,2 - Risque moyen,202,7,2136.02,305.15,77,538,0,0.0,En danger,2
14626.0,0,Actif,0.18132034411202072,0,Va rester,3 - Risque faible,42,8,3206.55,400.82,112,538,2,0.25,Champions,3
15916.0,0,Actif,0.15675939167700223,0,Va rester,3 - Risque faible,55,9,2634.26,292.7,172,538,3,0.3333,Champions,3
14507.0,0,Actif,0.14312753176999893,0,Va rester,3 - Risque faible,24,8,2516.56,314.57,169,538,3,0.375,Champions,3
16798.0,1,Churné,0.6299757381458498,1,Risque churn,2 - Risque moyen,363,3,848.71,282.9,141,538,1,0.3333,En danger,2
15494.0,0,Actif,0.4789885748430911,0,Va rester,2 - Risque moyen,287,3,2480.82,826.94,219,538,1,0.3333,En danger,2
18172.0,0,Actif,0.04159330873901738,0,Va rester,3 - Risque faible,20,39,13638.32,349.7,151,537,7,0.1795,Champions,3
16952.0,0,Actif,0.5735215760989919,1,Risque churn,2 - Risque moyen,250,3,631.17,210.39,61,537,0,0.0,Sur le point de Partir,2
17487.0,1,Churné,0.9484093144002497,1,Risque churn,1 - Risque élevé,537,1,160.55,160.55,8,537,0,0.0,Perdus,2
17860.0,1,Churné,0.3903484517681506,0,Va rester,3 - Risque faible,177,4,1015.54,253.89,127,537,0,0.0,Fidèles,2
16719.0,0,Actif,0.13497143545279194,0,Va rester,3 - Risque faible,44,11,3161.11,287.37,180,535,3,0.2727,Champions,3
15628.0,0,Actif,0.19571667240904506,0,Va rester,3 - Risque faible,64,10,3473.03,347.3,95,535,3,0.3,Champions,3
14525.0,0,Actif,0.12543267903155336,0,Va rester,3 - Risque faible,44,12,5158.31,429.86,184,535,1,0.0833,Champions,3
13462.0,1,Churné,0.27861431726740893,0,Va rester,3 - Risque faible,61,5,1153.85,230.77,64,534,0,0.0,Champions,2
16190.0,0,Actif,0.3978688501418269,0,Va rester,3 - Risque faible,203,7,2508.47,358.35,88,534,0,0.0,En danger,2
15329.0,0,Actif,0.37846027884270184,0,Va rester,3 - Risque faible,183,8,1934.63,241.83,60,534,8,1.0,Fidèles,3
13004.0,0,Actif,0.04144617909429641,0,Va rester,3 - Risque faible,23,25,8442.96,337.72,312,533,7,0.28,Champions,3
17572.0,0,Actif,0.2580806125769544,0,Va rester,3 - Risque faible,47,8,648.46,81.06,14,533,0,0.0,Champions,2
17368.0,0,Actif,0.18887508297028568,0,Va rester,3 - Risque faible,68,9,1802.39,200.27,139,533,2,0.2222,Champions,3
13047.0,0,Actif,0.09943062663976437,0,Va rester,3 - Risque faible,28,20,7229.3,361.47,147,532,12,0.6,Champions,3
13769.0,0,Actif,0.12583857984359118,0,Va rester,3 - Risque faible,16,15,4451.92,296.79,105,532,6,0.4,Champions,3
16195.0,1,Churné,0.9444642702758995,1,Risque churn,1 - Risque élevé,532,1,323.25,323.25,16,532,0,0.0,Perdus,2
15055.0,1,Churné,0.5995391417393594,1,Risque churn,2 - Risque moyen,283,3,560.07,186.69,77,532,0,0.0,En danger,2
12867.0,0,Actif,0.08057793918507082,0,Va rester,3 - Risque faible,23,10,5615.01,561.5,302,532,1,0.1,Champions,3
16109.0,1,Churné,0.30917951801575766,0,Va rester,3 - Risque faible,27,3,939.48,313.16,30,507,1,0.3333,Potentiellement Fidèles,2
14849.0,0,Actif,0.058101594231339065,0,Va rester,3 - Risque faible,22,28,10245.82,365.92,194,507,6,0.2143,Champions,3
14160.0,1,Churné,0.7216558384661923,1,Risque churn,1 - Risque élevé,419,7,8421.47,1203.07,80,507,0,0.0,En danger,2
17222.0,0,Actif,0.5692662902755977,1,Risque churn,2 - Risque moyen,286,5,1250.86,250.17,71,507,0,0.0,En danger,2
17740.0,1,Churné,0.49018392811385375,0,Va rester,2 - Risque moyen,198,6,426.9,71.15,5,506,0,0.0,En danger,2
14984.0,0,Actif,0.5245754506036221,1,Risque churn,2 - Risque moyen,197,4,1058.14,264.54,11,506,0,0.0,En danger,2
17023.0,1,Churné,0.5568535519738589,1,Risque churn,2 - Risque moyen,226,3,800.18,266.73,48,506,0,0.0,Sur le point de Partir,2
14754.0,0,Actif,0.30682937848442104,0,Va rester,3 - Risque faible,104,5,1140.7,228.14,90,499,1,0.2,Fidèles,2
15795.0,0,Actif,0.4684949642127001,0,Va rester,2 - Risque moyen,239,7,1369.86,195.69,74,499,0,0.0,En danger,2
15164.0,0,Actif,0.11744662081470146,0,Va rester,3 - Risque faible,17,8,1594.05,199.26,223,499,1,0.125,Champions,3
14343.0,1,Churné,0.397776428454622,0,Va rester,3 - Risque faible,230,4,1088.91,272.23,193,499,0,0.0,En danger,2
16867.0,1,Churné,0.938297900984132,1,Risque churn,1 - Risque élevé,498,1,76.74,76.74,6,498,0,0.0,Perdus,2
16287.0,0,Actif,0.49505671203257406,0,Va rester,2 - Risque moyen,185,4,864.48,216.12,18,498,0,0.0,Fidèles,2
17706.0,0,Actif,0.10135430552510685,0,Va rester,3 - Risque faible,98,18,11134.34,618.57,290,498,7,0.3889,Fidèles,3
14472.0,0,Actif,0.218747095762392,0,Va rester,3 - Risque faible,66,5,1619.56,323.91,150,498,0,0.0,Champions,2
17356.0,1,Churné,0.34013359650859715,0,Va rester,3 - Risque faible,120,5,946.47,189.29,73,497,0,0.0,Fidèles,2
17726.0,1,Churné,0.43817497589433557,0,Va rester,2 - Risque moyen,204,7,1092.06,156.01,52,491,1,0.1429,En danger,2
12846.0,1,Churné,0.9376724073959578,1,Risque churn,1 - Risque élevé,491,1,15.58,15.58,1,491,0,0.0,Perdus,2
15073.0,0,Actif,0.4378349087628045,0,Va rester,2 - Risque moyen,209,5,1744.61,348.92,89,490,0,0.0,En danger,2
13698.0,1,Churné,0.785292052661645,1,Risque churn,1 - Risque élevé,405,2,465.53,232.77,31,490,0,0.0,Perdus,2
15797.0,0,Actif,0.2904075767561077,0,Va rester,3 - Risque faible,23,5,2453.88,490.78,11,490,0,0.0,Champions,2
14820.0,0,Actif,0.4700106802876007,0,Va rester,2 - Risque moyen,189,5,767.47,153.49,31,486,0,0.0,Fidèles,2
14637.0,1,Churné,0.9340125035356294,1,Risque churn,1 - Risque élevé,486,1,106.68,106.68,7,486,0,0.0,Perdus,2
16415.0,0,Actif,0.7435386544163456,1,Risque churn,1 - Risque élevé,392,2,509.09,254.55,78,485,0,0.0,Perdus,2
13628.0,1,Churné,0.9298525610053873,1,Risque churn,1 - Risque élevé,485,1,310.14,310.14,16,485,0,0.0,Perdus,2
18064.0,0,Actif,0.2085273833786839,0,Va rester,3 - Risque faible,44,10,4089.03,408.9,48,485,4,0.4,Champions,3
17350.0,0,Actif,0.5098817164212853,1,Risque churn,2 - Risque moyen,203,3,619.97,206.66,65,485,0,0.0,Sur le point de Partir,2
18175.0,1,Churné,0.9327778272728795,1,Risque churn,1 - Risque élevé,484,1,176.1,176.1,7,484,0,0.0,Perdus,2
15339.0,0,Actif,0.28319385660637264,0,Va rester,3 - Risque faible,127,6,1511.67,251.95,134,478,3,0.5,Fidèles,3
17294.0,1,Churné,0.8443055320692691,1,Risque churn,1 - Risque élevé,478,2,467.79,233.9,17,478,0,0.0,Perdus,2
13119.0,1,Churné,0.9297873783805044,1,Risque churn,1 - Risque élevé,477,1,134.9,134.9,11,477,0,0.0,Perdus,2
17577.0,1,Churné,0.8246115782657437,1,Risque churn,1 - Risque élevé,454,2,348.75,174.38,20,477,0,0.0,Perdus,2
16344.0,0,Actif,0.6716117882333599,1,Risque churn,2 - Risque moyen,318,3,741.32,247.11,42,477,0,0.0,En danger,2
13092.0,0,Actif,0.1854827743919489,0,Va rester,3 - Risque faible,20,11,2102.2,191.11,48,476,3,0.2727,Champions,3
15176.0,1,Churné,0.898199598651727,1,Risque churn,1 - Risque élevé,476,1,988.04,988.04,52,476,1,1.0,Perdus,2
17201.0,0,Actif,0.6122414251422074,1,Risque churn,2 - Risque moyen,332,3,899.41,299.8,119,476,1,0.3333,En danger,2
15765.0,1,Churné,0.9234165213893436,1,Risque churn,1 - Risque élevé,475,1,370.63,370.63,25,475,0,0.0,Perdus,2
16136.0,0,Actif,0.47424090784112866,0,Va rester,2 - Risque moyen,86,2,396.72,198.36,17,472,1,0.5,Potentiellement Fidèles,2
16742.0,0,Actif,0.5018164705149628,1,Risque churn,2 - Risque moyen,301,13,2387.71,183.67,50,532,0,0.0,En danger,2
18186.0,1,Churné,0.9451083860683006,1,Risque churn,1 - Risque élevé,531,1,329.58,329.58,11,531,0,0.0,Perdus,2
13427.0,0,Actif,0.28882592263177076,0,Va rester,3 - Risque faible,24,4,638.43,159.61,23,531,0,0.0,Champions,2
13327.0,0,Actif,0.1361791302957165,0,Va rester,3 - Risque faible,68,16,7673.66,479.6,145,530,1,0.0625,Champions,3
18251.0,0,Actif,0.4410594096767074,0,Va rester,2 - Risque moyen,254,8,21964.14,2745.52,77,526,0,0.0,En danger,3
13965.0,1,Churné,0.6350431493838042,1,Risque churn,2 - Risque moyen,285,3,996.61,332.2,23,512,2,0.6667,En danger,2
17753.0,1,Churné,0.5721515137758116,1,Risque churn,2 - Risque moyen,273,4,390.56,97.64,63,511,1,0.25,En danger,2
13433.0,1,Churné,0.654828028555411,1,Risque churn,2 - Risque moyen,310,4,658.32,164.58,22,505,1,0.25,En danger,2
14241.0,0,Actif,0.9409337514169559,1,Risque churn,1 - Risque élevé,505,1,120.0,120.0,2,505,0,0.0,Perdus,2
14826.0,1,Churné,0.788932633633562,1,Risque churn,1 - Risque élevé,390,2,385.2,192.6,10,504,0,0.0,Perdus,2
13152.0,1,Churné,0.4047082245132794,0,Va rester,2 - Risque moyen,226,7,2146.38,306.63,114,503,2,0.2857,En danger,2
15903.0,0,Actif,0.24039328012083933,0,Va rester,3 - Risque faible,36,7,4454.72,636.39,39,503,3,0.4286,Champions,3
13562.0,0,Actif,0.2433774433580148,0,Va rester,3 - Risque faible,54,6,3642.12,607.02,72,503,0,0.0,Champions,2
14324.0,1,Churné,0.6076763099792778,1,Risque churn,2 - Risque moyen,218,2,701.61,350.81,41,502,0,0.0,Sur le point de Partir,2
15489.0,0,Actif,0.2112982384859312,0,Va rester,3 - Risque faible,20,6,1633.59,272.26,66,502,3,0.5,Champions,3
16510.0,1,Churné,0.3863996530255187,0,Va rester,3 - Risque faible,181,6,2100.0,350.0,94,500,0,0.0,Fidèles,2
16166.0,1,Churné,0.6230013059106095,1,Risque churn,2 - Risque moyen,237,2,435.83,217.92,18,500,2,1.0,Sur le point de Partir,2
14892.0,1,Churné,0.9361080205653095,1,Risque churn,1 - Risque élevé,499,1,202.35,202.35,13,499,0,0.0,Perdus,2
14649.0,0,Actif,0.09710508143525654,0,Va rester,3 - Risque faible,21,7,2942.24,420.32,301,497,2,0.2857,Champions,3
16634.0,1,Churné,0.21725354476850986,0,Va rester,3 - Risque faible,31,6,1814.61,302.44,72,496,4,0.6667,Champions,3
14064.0,0,Actif,0.14423060953361252,0,Va rester,3 - Risque faible,20,13,2820.84,216.99,100,496,5,0.3846,Champions,3
17320.0,0,Actif,0.2551274747934143,0,Va rester,3 - Risque faible,45,5,2605.25,521.05,67,496,0,0.0,Champions,2
15126.0,1,Churné,0.7431573355158166,1,Risque churn,1 - Risque élevé,345,2,449.49,224.74,25,496,0,0.0,Perdus,2
13413.0,1,Churné,0.7729196832479962,1,Risque churn,1 - Risque élevé,448,6,429.44,71.57,38,496,2,0.3333,En danger,2
13889.0,0,Actif,0.4442721069760207,0,Va rester,2 - Risque moyen,191,5,1574.33,314.87,50,495,2,0.4,Fidèles,2
14640.0,0,Actif,0.20499559959776656,0,Va rester,3 - Risque faible,36,5,1955.43,391.09,105,495,5,1.0,Champions,3
17141.0,1,Churné,0.4430171069230968,0,Va rester,2 - Risque moyen,227,4,754.33,188.58,138,493,0,0.0,En danger,2
15696.0,0,Actif,0.1549892889324464,0,Va rester,3 - Risque faible,29,11,2808.01,255.27,116,493,7,0.6364,Champions,3
15483.0,0,Actif,0.18579591984568175,0,Va rester,3 - Risque faible,75,7,743.24,106.18,191,493,0,0.0,Champions,3
15303.0,1,Churné,0.36732832155032097,0,Va rester,3 - Risque faible,99,3,1224.18,408.06,63,492,1,0.3333,Besoin d'Attention,2
17419.0,0,Actif,0.1507640248685396,0,Va rester,3 - Risque faible,58,13,4319.75,332.29,140,492,1,0.0769,Champions,3
15137.0,1,Churné,0.6766121602698226,1,Risque churn,2 - Risque moyen,329,2,823.4,411.7,34,489,3,1.5,Perdus,2
17905.0,0,Actif,0.27816648866617555,0,Va rester,3 - Risque faible,161,11,1977.43,179.77,123,489,1,0.0909,Fidèles,3
15861.0,0,Actif,0.1502799882241536,0,Va rester,3 - Risque faible,76,6,1958.91,326.48,266,489,2,0.3333,Champions,3
15487.0,1,Churné,0.9320287381345362,1,Risque churn,1 - Risque élevé,488,1,231.32,231.32,14,488,0,0.0,Perdus,2
17311.0,0,Actif,0.3187346335261512,0,Va rester,3 - Risque faible,125,5,2738.17,547.63,93,483,1,0.2,Fidèles,2
16081.0,0,Actif,0.2374964626360403,0,Va rester,3 - Risque faible,68,5,2221.41,444.28,146,483,0,0.0,Champions,2
12840.0,0,Actif,0.20046040003600263,0,Va rester,3 - Risque faible,23,5,2893.17,578.63,102,483,4,0.8,Champions,3
15732.0,1,Churné,0.1907066621469134,0,Va rester,3 - Risque faible,21,10,1682.07,168.21,53,482,2,0.2,Champions,3
17328.0,1,Churné,0.9329328013859282,1,Risque churn,1 - Risque élevé,482,1,104.7,104.7,6,482,0,0.0,Perdus,2
12853.0,0,Actif,0.21157494298638446,0,Va rester,3 - Risque faible,48,8,2835.4,354.42,81,481,4,0.5,Champions,3
15323.0,1,Churné,0.7278039024325488,1,Risque churn,1 - Risque élevé,371,3,434.6,144.87,29,470,1,0.3333,En danger,2
13802.0,0,Actif,0.09032518827739265,0,Va rester,3 - Risque faible,63,18,24790.75,1377.26,210,470,4,0.2222,Champions,3
14944.0,0,Actif,0.14649730711752712,0,Va rester,3 - Risque faible,26,11,5208.75,473.52,130,469,4,0.3636,Champions,3
18178.0,0,Actif,0.124767150918604,0,Va rester,3 - Risque faible,28,10,5612.87,561.29,190,468,3,0.3,Champions,3
16487.0,1,Churné,0.7695146895270242,1,Risque churn,1 - Risque élevé,386,2,209.4,104.7,28,468,0,0.0,Perdus,2
13333.0,1,Churné,0.5475745463980103,1,Risque churn,2 - Risque moyen,220,3,1015.74,338.58,54,467,0,0.0,Sur le point de Partir,2
15988.0,0,Actif,0.6970690936379661,1,Risque churn,2 - Risque moyen,360,2,612.06,306.03,93,465,0,0.0,Perdus,2
14602.0,1,Churné,0.9195281270884026,1,Risque churn,1 - Risque élevé,465,1,205.36,205.36,31,465,0,0.0,Perdus,2
16071.0,0,Actif,0.6815719993009105,1,Risque churn,2 - Risque moyen,336,3,750.56,250.19,47,464,0,0.0,En danger,2
16416.0,0,Actif,0.4131230473024273,0,Va rester,2 - Risque moyen,199,6,1921.48,320.25,92,463,0,0.0,En danger,2
16406.0,0,Actif,0.5921318356165781,1,Risque churn,2 - Risque moyen,259,2,389.61,194.8,85,462,1,0.5,Sur le point de Partir,2
15659.0,0,Actif,0.6107928908976313,1,Risque churn,2 - Risque moyen,195,2,226.04,113.02,8,462,0,0.0,Besoin d'Attention,2
14535.0,0,Actif,0.07363549321870486,0,Va rester,3 - Risque faible,57,7,4020.51,574.36,437,462,1,0.1429,Champions,3
16118.0,1,Churné,0.7827819886264833,1,Risque churn,1 - Risque élevé,461,1,4376.25,4376.25,41,461,4,4.0,Perdus,3
17200.0,1,Churné,0.5107894303413858,1,Risque churn,2 - Risque moyen,196,4,356.71,89.18,25,461,0,0.0,En danger,2
13935.0,1,Churné,0.7543994043511434,1,Risque churn,1 - Risque élevé,405,3,6116.92,2038.97,67,461,0,0.0,En danger,2
17883.0,0,Actif,0.30418456888797624,0,Va rester,3 - Risque faible,55,4,443.43,110.86,46,461,1,0.25,Champions,2
15366.0,0,Actif,0.3902477012520802,0,Va rester,3 - Risque faible,167,6,1892.11,315.35,68,460,0,0.0,Fidèles,2
15219.0,0,Actif,0.9184931746437361,1,Risque churn,1 - Risque élevé,457,1,379.7,379.7,17,457,0,0.0,Perdus,2
13294.0,0,Actif,0.3933828174844063,0,Va rester,3 - Risque faible,58,2,1299.44,649.72,80,455,0,0.0,Potentiellement Fidèles,2
13595.0,1,Churné,0.6215910695161786,1,Risque churn,2 - Risque moyen,325,3,818.22,272.74,114,455,0,0.0,En danger,2
18272.0,0,Actif,0.22080130236417492,0,Va rester,3 - Risque faible,34,5,2287.94,457.59,94,454,2,0.4,Champions,3
17159.0,0,Actif,0.6781505996323588,1,Risque churn,2 - Risque moyen,286,2,560.71,280.35,27,454,0,0.0,Perdus,2
14957.0,1,Churné,0.45668933472946766,0,Va rester,2 - Risque moyen,62,2,333.29,166.65,27,453,0,0.0,Potentiellement Fidèles,2
17006.0,0,Actif,0.46722659132254496,0,Va rester,2 - Risque moyen,201,4,854.54,213.64,77,453,0,0.0,En danger,2
16534.0,1,Churné,0.907688638234029,1,Risque churn,1 - Risque élevé,451,1,635.9,635.9,36,451,0,0.0,Perdus,2
17857.0,0,Actif,0.24973279423828815,0,Va rester,3 - Risque faible,15,10,10587.04,1058.7,12,450,1,0.1,Champions,3
16537.0,1,Churné,0.9229904733045973,1,Risque churn,1 - Risque élevé,450,1,23.35,23.35,3,450,0,0.0,Perdus,2
17002.0,0,Actif,0.23917933985405837,0,Va rester,3 - Risque faible,24,6,2071.34,345.22,48,450,0,0.0,Champions,2
15437.0,1,Churné,0.42882654270596243,0,Va rester,2 - Risque moyen,71,2,393.45,196.73,56,449,0,0.0,Potentiellement Fidèles,2
17907.0,1,Churné,0.9172681003895888,1,Risque churn,1 - Risque élevé,449,1,291.76,291.76,13,449,0,0.0,Perdus,2
14403.0,0,Actif,0.2857848208428956,0,Va rester,3 - Risque faible,26,4,1380.71,345.18,20,448,3,0.75,Champions,2
16258.0,0,Actif,0.12156463261675682,0,Va rester,3 - Risque faible,28,11,7771.47,706.5,192,448,1,0.0909,Champions,3
15558.0,1,Churné,0.90358681023361,1,Risque churn,1 - Risque élevé,448,1,214.13,214.13,23,448,1,1.0,Perdus,2
15008.0,1,Churné,0.7017970300799491,1,Risque churn,1 - Risque élevé,289,2,360.0,180.0,6,446,0,0.0,Perdus,2
13795.0,1,Churné,0.5046187254792731,1,Risque churn,2 - Risque moyen,197,4,836.3,209.08,23,446,0,0.0,En danger,2
14824.0,0,Actif,0.40026106069119444,0,Va rester,2 - Risque moyen,188,6,2895.2,482.53,76,446,2,0.3333,Fidèles,2
15665.0,0,Actif,0.2236662135570897,0,Va rester,3 - Risque faible,52,4,3249.33,812.33,156,444,0,0.0,Champions,3
16336.0,1,Churné,0.5089460290611277,1,Risque churn,2 - Risque moyen,229,4,3517.69,879.42,64,440,0,0.0,En danger,2
15461.0,1,Churné,0.6675170662735631,1,Risque churn,2 - Risque moyen,269,2,429.7,214.85,1,440,1,0.5,Sur le point de Partir,2
16385.0,0,Actif,0.4708819922374232,0,Va rester,2 - Risque moyen,175,3,622.95,207.65,64,440,0,0.0,Besoin d'Attention,2
14851.0,0,Actif,0.45130387650257114,0,Va rester,2 - Risque moyen,65,2,524.19,262.1,24,439,0,0.0,Potentiellement Fidèles,2
13482.0,1,Churné,0.42865904088458867,0,Va rester,2 - Risque moyen,41,2,336.09,168.05,20,436,0,0.0,Potentiellement Fidèles,2
14464.0,1,Churné,0.7738674293015629,1,Risque churn,1 - Risque élevé,377,2,111.0,55.5,4,436,0,0.0,Perdus,2
16578.0,1,Churné,0.914021655799169,1,Risque churn,1 - Risque élevé,435,1,156.6,156.6,9,435,0,0.0,Perdus,2
14344.0,0,Actif,0.10993844732669789,0,Va rester,3 - Risque faible,15,18,3089.65,171.65,124,435,0,0.0,Champions,3
18189.0,0,Actif,0.4058950137851133,0,Va rester,2 - Risque moyen,76,2,946.59,473.29,54,434,2,1.0,Potentiellement Fidèles,2
13252.0,1,Churné,0.596501974662043,1,Risque churn,2 - Risque moyen,203,2,399.3,199.65,19,434,1,0.5,Sur le point de Partir,2
17301.0,0,Actif,0.8999733927278569,1,Risque churn,1 - Risque élevé,433,1,132.8,132.8,52,433,0,0.0,Perdus,2
14330.0,1,Churné,0.9110967291116465,1,Risque churn,1 - Risque élevé,432,1,200.63,200.63,13,432,0,0.0,Perdus,2
18188.0,0,Actif,0.3467022195629418,0,Va rester,3 - Risque faible,99,4,1706.15,426.54,65,432,1,0.25,Fidèles,2
16601.0,0,Actif,0.5894054555613655,1,Risque churn,2 - Risque moyen,199,2,439.45,219.72,38,432,0,0.0,Sur le point de Partir,2
13117.0,0,Actif,0.1304667419010637,0,Va rester,3 - Risque faible,26,16,2410.27,150.64,113,432,1,0.0625,Champions,3
17518.0,1,Churné,0.5859200955108494,1,Risque churn,2 - Risque moyen,234,2,329.42,164.71,71,430,0,0.0,Sur le point de Partir,2
14583.0,0,Actif,0.1778323368459357,0,Va rester,3 - Risque faible,14,4,902.99,225.75,177,430,0,0.0,Champions,2
14809.0,1,Churné,0.7995173030429268,1,Risque churn,1 - Risque élevé,430,2,686.76,343.38,18,430,0,0.0,Perdus,2
16549.0,0,Actif,0.026802908338248502,0,Va rester,3 - Risque faible,143,25,9147.04,365.88,647,430,3,0.12,Fidèles,3
17464.0,0,Actif,0.6984904996672332,1,Risque churn,2 - Risque moyen,331,2,710.98,355.49,28,428,1,0.5,Perdus,2
15742.0,1,Churné,0.9009482038832342,1,Risque churn,1 - Risque élevé,428,1,156.87,156.87,41,428,0,0.0,Perdus,2
14706.0,1,Churné,0.9029821602654635,1,Risque churn,1 - Risque élevé,427,1,390.69,390.69,25,427,0,0.0,Perdus,2
15741.0,1,Churné,0.6741824702188515,1,Risque churn,2 - Risque moyen,267,2,208.62,104.31,11,427,0,0.0,Sur le point de Partir,2
15454.0,1,Churné,0.5529269906499967,1,Risque churn,2 - Risque moyen,171,2,307.69,153.85,35,427,0,0.0,Besoin d'Attention,2
15800.0,0,Actif,0.23099313345891517,0,Va rester,3 - Risque faible,55,6,788.0,131.33,110,427,0,0.0,Champions,2
16130.0,1,Churné,0.5224787339807327,1,Risque churn,2 - Risque moyen,231,4,987.48,246.87,53,426,0,0.0,En danger,2
14692.0,0,Actif,0.18239860234403057,0,Va rester,3 - Risque faible,44,11,1633.84,148.53,95,426,1,0.0909,Champions,3
13750.0,0,Actif,0.30113134606559955,0,Va rester,3 - Risque faible,105,8,2643.72,330.47,39,426,2,0.25,Fidèles,2
14264.0,0,Actif,0.27681668750059396,0,Va rester,3 - Risque faible,54,5,1299.09,259.82,52,420,2,0.4,Champions,2
14145.0,0,Actif,0.2698472125964016,0,Va rester,3 - Risque faible,26,4,4986.45,1246.61,11,419,0,0.0,Champions,2
16053.0,0,Actif,0.4576381522867087,0,Va rester,2 - Risque moyen,222,4,2122.89,530.72,101,419,2,0.5,En danger,2
14813.0,1,Churné,0.4067631027881976,0,Va rester,2 - Risque moyen,178,4,1090.87,272.72,110,419,0,0.0,Fidèles,2
16944.0,1,Churné,0.9078553671630604,1,Risque churn,1 - Risque élevé,418,1,101.36,101.36,7,418,0,0.0,Perdus,2
16372.0,0,Actif,0.3906068814155614,0,Va rester,3 - Risque faible,218,3,960.68,320.23,203,416,1,0.3333,Sur le point de Partir,2
14430.0,1,Churné,0.6689326005221463,1,Risque churn,2 - Risque moyen,320,3,1220.9,406.97,29,416,2,0.6667,En danger,2
15890.0,1,Churné,0.5166514383590731,1,Risque churn,2 - Risque moyen,203,5,535.65,107.13,10,413,0,0.0,En danger,2
18262.0,0,Actif,0.5856685581430315,1,Risque churn,2 - Risque moyen,202,2,428.06,214.03,27,411,0,0.0,Sur le point de Partir,2
14623.0,0,Actif,0.20119604981978273,0,Va rester,3 - Risque faible,44,6,1363.01,227.17,134,411,1,0.1667,Champions,3
16921.0,0,Actif,0.6379229012924934,1,Risque churn,2 - Risque moyen,251,2,276.88,138.44,28,409,0,0.0,Sur le point de Partir,2
13145.0,0,Actif,0.5135570151533003,1,Risque churn,2 - Risque moyen,181,4,1100.0,275.0,2,408,0,0.0,Fidèles,2
15273.0,1,Churné,0.9037574889933867,1,Risque churn,1 - Risque élevé,408,1,228.96,228.96,1,408,0,0.0,Perdus,2
14611.0,1,Churné,0.6097133601332041,1,Risque churn,2 - Risque moyen,252,2,604.33,302.16,37,407,1,0.5,Sur le point de Partir,2
14917.0,1,Churné,0.7610879275896928,1,Risque churn,1 - Risque élevé,405,2,1123.75,561.88,29,405,0,0.0,Perdus,2
17181.0,0,Actif,0.5908296359167655,1,Risque churn,2 - Risque moyen,182,2,380.97,190.49,7,404,0,0.0,Besoin d'Attention,2
15245.0,0,Actif,0.27370463579192766,0,Va rester,3 - Risque faible,70,6,3346.48,557.75,71,404,0,0.0,Champions,0
16068.0,1,Churné,0.890848033629893,1,Risque churn,1 - Risque élevé,402,1,122.93,122.93,34,402,0,0.0,Perdus,2
13609.0,1,Churné,0.8996717727520027,1,Risque churn,1 - Risque élevé,402,1,167.35,167.35,7,402,0,0.0,Perdus,2
17093.0,1,Churné,0.89631645445299,1,Risque churn,1 - Risque élevé,401,1,235.88,235.88,13,401,0,0.0,Perdus,2
12849.0,0,Actif,0.2590104617961798,0,Va rester,3 - Risque faible,77,5,2744.17,548.83,110,400,0,0.0,Champions,2
14389.0,0,Actif,0.5331728417869582,1,Risque churn,2 - Risque moyen,233,3,854.55,284.85,29,399,4,1.3333,Sur le point de Partir,2
13041.0,1,Churné,0.589575612480801,1,Risque churn,2 - Risque moyen,259,4,799.13,199.78,23,398,0,0.0,En danger,2
17730.0,0,Actif,0.17157242448153756,0,Va rester,3 - Risque faible,42,11,3920.71,356.43,108,398,2,0.1818,Champions,3
14650.0,1,Churné,0.8999991654610283,1,Risque churn,1 - Risque élevé,398,1,62.5,62.5,4,398,0,0.0,Perdus,2
15818.0,1,Churné,0.8937057535679741,1,Risque churn,1 - Risque élevé,397,1,340.5,340.5,11,397,0,0.0,Perdus,2
16145.0,0,Actif,0.13913301493502123,0,Va rester,3 - Risque faible,35,12,4322.23,360.19,154,393,6,0.5,Champions,3
16844.0,1,Churné,0.7390931749957462,1,Risque churn,1 - Risque élevé,371,2,614.34,307.17,26,391,0,0.0,Perdus,2
13425.0,0,Actif,0.3198471370372102,0,Va rester,3 - Risque faible,103,3,2180.99,727.0,96,388,3,1.0,Besoin d'Attention,3
13943.0,1,Churné,0.8877594309547813,1,Risque churn,1 - Risque élevé,386,1,246.54,246.54,15,386,0,0.0,Perdus,2
17321.0,0,Actif,0.40019240944781137,0,Va rester,2 - Risque moyen,203,4,1040.32,260.08,159,386,0,0.0,En danger,2
13222.0,1,Churné,0.8948087939398545,1,Risque churn,1 - Risque élevé,386,1,88.5,88.5,1,386,0,0.0,Perdus,2
16307.0,1,Churné,0.5333445003594005,1,Risque churn,2 - Risque moyen,238,3,1194.92,398.31,69,386,0,0.0,Sur le point de Partir,2
17016.0,1,Churné,0.8727983988656913,1,Risque churn,1 - Risque élevé,385,1,552.4,552.4,41,385,0,0.0,Perdus,2
13892.0,0,Actif,0.37516177134425416,0,Va rester,3 - Risque faible,55,3,689.2,229.73,11,384,0,0.0,Potentiellement Fidèles,2
13888.0,0,Actif,0.2064911003149236,0,Va rester,3 - Risque faible,27,6,1802.94,300.49,110,384,0,0.0,Champions,0
14296.0,1,Churné,0.5964997746002045,1,Risque churn,2 - Risque moyen,230,2,456.4,228.2,27,383,1,0.5,Sur le point de Partir,2
17123.0,0,Actif,0.6256862558943443,1,Risque churn,2 - Risque moyen,248,2,631.87,315.94,31,381,0,0.0,Sur le point de Partir,2
18157.0,1,Churné,0.8811228055472877,1,Risque churn,1 - Risque élevé,380,1,215.35,215.35,25,380,0,0.0,Perdus,2
13541.0,1,Churné,0.6130532339096462,1,Risque churn,2 - Risque moyen,236,2,785.25,392.63,10,379,1,0.5,Sur le point de Partir,2
12837.0,0,Actif,0.8544278774271101,1,Risque churn,1 - Risque élevé,378,1,554.31,554.31,73,378,0,0.0,Perdus,2
14311.0,1,Churné,0.39920525186051314,0,Va rester,3 - Risque faible,51,2,516.45,258.23,31,376,1,0.5,Potentiellement Fidèles,2
13402.0,0,Actif,0.49219017526483594,0,Va rester,2 - Risque moyen,181,3,1222.18,407.39,43,373,0,0.0,Besoin d'Attention,2
17327.0,1,Churné,0.6230465905781115,1,Risque churn,2 - Risque moyen,218,2,152.35,76.18,3,371,0,0.0,Sur le point de Partir,2
14181.0,1,Churné,0.5805869638875542,1,Risque churn,2 - Risque moyen,219,2,310.55,155.28,48,371,0,0.0,Sur le point de Partir,2
15340.0,1,Churné,0.8840075710368979,1,Risque churn,1 - Risque élevé,370,1,105.5,105.5,7,370,0,0.0,Perdus,2
17699.0,1,Churné,0.6695638770715859,1,Risque churn,2 - Risque moyen,285,2,442.0,221.0,17,370,0,0.0,Perdus,2
16695.0,1,Churné,0.7410202839170114,1,Risque churn,1 - Risque élevé,370,2,193.15,96.57,30,370,0,0.0,Perdus,2
14104.0,0,Actif,0.4608925999480992,0,Va rester,2 - Risque moyen,198,3,555.37,185.12,100,369,0,0.0,Sur le point de Partir,2
15135.0,1,Churné,0.4062432390684277,0,Va rester,2 - Risque moyen,48,2,305.68,152.84,17,365,1,0.5,Potentiellement Fidèles,2
13472.0,1,Churné,0.6470446562660398,1,Risque churn,2 - Risque moyen,272,2,592.24,296.12,24,364,0,0.0,Sur le point de Partir,2
17216.0,1,Churné,0.8783285163710572,1,Risque churn,1 - Risque élevé,363,1,65.05,65.05,13,363,0,0.0,Perdus,2
17683.0,1,Churné,0.5163959326275631,1,Risque churn,2 - Risque moyen,194,3,819.01,273.0,41,363,0,0.0,Besoin d'Attention,2
18214.0,1,Churné,0.6754414575094689,1,Risque churn,2 - Risque moyen,339,4,1780.34,445.09,38,363,1,0.25,En danger,2
16382.0,1,Churné,0.5766775950592811,1,Risque churn,2 - Risque moyen,217,2,353.1,176.55,42,359,0,0.0,Sur le point de Partir,2
16232.0,0,Actif,0.24285343375447205,0,Va rester,3 - Risque faible,24,5,2088.56,417.71,59,359,2,0.4,Champions,0
17040.0,0,Actif,0.8814900286916223,1,Risque churn,1 - Risque élevé,359,1,13.52,13.52,1,359,0,0.0,Perdus,2
13997.0,1,Churné,0.6829297461293864,1,Risque churn,2 - Risque moyen,328,3,382.31,127.44,36,359,0,0.0,En danger,2
16209.0,0,Actif,0.30414159890796916,0,Va rester,3 - Risque faible,55,5,2190.11,438.02,26,355,0,0.0,Champions,0
15150.0,0,Actif,0.1927820054159302,0,Va rester,3 - Risque faible,78,4,4187.86,1046.97,261,352,0,0.0,Champions,3
15905.0,1,Churné,0.8673887653459861,1,Risque churn,1 - Risque élevé,352,1,114.69,114.69,22,352,0,0.0,Perdus,2
17922.0,1,Churné,0.8724237395228646,1,Risque churn,1 - Risque élevé,352,1,170.4,170.4,8,352,0,0.0,Perdus,2
13297.0,0,Actif,0.49163092487136545,0,Va rester,2 - Risque moyen,194,3,2278.77,759.59,58,351,1,0.3333,Besoin d'Attention,2
17571.0,0,Actif,0.3316369783513638,0,Va rester,3 - Risque faible,86,3,565.19,188.4,95,351,0,0.0,Potentiellement Fidèles,2
15926.0,1,Churné,0.8727710205563064,1,Risque churn,1 - Risque élevé,351,1,134.44,134.44,7,351,0,0.0,Perdus,2
14375.0,0,Actif,0.5375870524121996,1,Risque churn,2 - Risque moyen,259,2,875.31,437.65,128,350,0,0.0,Sur le point de Partir,2
14619.0,1,Churné,0.3754771868971522,0,Va rester,3 - Risque faible,54,2,1291.24,645.62,58,350,1,0.5,Potentiellement Fidèles,2
13608.0,1,Churné,0.8596797835021777,1,Risque churn,1 - Risque élevé,349,1,236.2,236.2,31,349,0,0.0,Perdus,2
14508.0,0,Actif,0.43596375491553646,0,Va rester,2 - Risque moyen,185,3,598.52,199.51,100,349,1,0.3333,Besoin d'Attention,2
16925.0,1,Churné,0.8670841095919447,1,Risque churn,1 - Risque élevé,349,1,125.65,125.65,18,349,0,0.0,Perdus,2
15718.0,1,Churné,0.8644994473183143,1,Risque churn,1 - Risque élevé,349,1,293.79,293.79,18,349,0,0.0,Perdus,2
16815.0,1,Churné,0.5982926512160703,1,Risque churn,2 - Risque moyen,262,2,410.97,205.49,66,345,0,0.0,Sur le point de Partir,2
14509.0,1,Churné,0.86049432055225,1,Risque churn,1 - Risque élevé,343,1,110.95,110.95,25,343,0,0.0,Perdus,2
15779.0,1,Churné,0.6603016910974259,1,Risque churn,2 - Risque moyen,272,2,124.08,62.04,8,341,0,0.0,Sur le point de Partir,2
14058.0,1,Churné,0.6471121303147869,1,Risque churn,2 - Risque moyen,271,2,469.19,234.59,23,339,0,0.0,Sur le point de Partir,2
13861.0,1,Churné,0.5980236656285556,1,Risque churn,2 - Risque moyen,238,2,273.26,136.63,21,339,1,0.5,Sur le point de Partir,2
13123.0,1,Churné,0.646316949295615,1,Risque churn,2 - Risque moyen,281,2,506.75,253.37,36,338,0,0.0,Perdus,2
14208.0,0,Actif,0.8664451207090612,1,Risque churn,1 - Risque élevé,360,1,415.31,415.31,25,360,0,0.0,Perdus,2
14128.0,0,Actif,0.4012200723038294,0,Va rester,2 - Risque moyen,64,2,592.25,296.13,34,360,1,0.5,Potentiellement Fidèles,2
14247.0,1,Churné,0.29444010578421903,0,Va rester,3 - Risque faible,87,5,772.66,154.53,82,360,1,0.2,Champions,0
17009.0,1,Churné,0.8752695956200114,1,Risque churn,1 - Risque élevé,360,1,242.06,242.06,10,360,0,0.0,Perdus,2
15532.0,0,Actif,0.20686115958104087,0,Va rester,3 - Risque faible,167,7,2547.32,363.9,297,358,0,0.0,Fidèles,3
17417.0,1,Churné,0.8721872273252859,1,Risque churn,1 - Risque élevé,357,1,164.18,164.18,16,357,0,0.0,Perdus,2
15842.0,1,Churné,0.5599143714644262,1,Risque churn,2 - Risque moyen,202,2,548.8,274.4,24,336,1,0.5,Sur le point de Partir,2
13649.0,1,Churné,0.25097435929284573,0,Va rester,3 - Risque faible,65,6,1678.88,279.81,97,336,0,0.0,Champions,0
15851.0,1,Churné,0.8629293988481346,1,Risque churn,1 - Risque élevé,335,1,109.73,109.73,8,335,0,0.0,Perdus,2
13125.0,1,Churné,0.8548184583802938,1,Risque churn,1 - Risque élevé,332,1,158.57,158.57,20,332,0,0.0,Perdus,2
14900.0,1,Churné,0.8649576314979142,1,Risque churn,1 - Risque élevé,331,1,13.92,13.92,1,331,0,0.0,Perdus,2
12749.0,0,Actif,0.16963548537291162,0,Va rester,3 - Risque faible,22,5,3665.58,733.12,157,330,5,1.0,Champions,3
16443.0,1,Churné,0.8613792419460469,1,Risque churn,1 - Risque élevé,329,1,162.24,162.24,1,329,0,0.0,Perdus,2
17129.0,1,Churné,0.8629887495104248,1,Risque churn,1 - Risque élevé,329,1,31.85,31.85,2,329,0,0.0,Perdus,2
16650.0,0,Actif,0.5059921788235363,1,Risque churn,2 - Risque moyen,229,6,1397.69,232.95,53,328,0,0.0,En danger,0
18238.0,1,Churné,0.8503771920486587,1,Risque churn,1 - Risque élevé,324,1,270.92,270.92,14,324,0,0.0,Perdus,2
17143.0,1,Churné,0.5462001505613616,1,Risque churn,2 - Risque moyen,226,2,924.11,462.05,82,324,0,0.0,Sur le point de Partir,2
16435.0,1,Churné,0.6025090889001739,1,Risque churn,2 - Risque moyen,321,3,1011.57,337.19,119,323,0,0.0,En danger,0
17408.0,0,Actif,0.6862615059229606,1,Risque churn,2 - Risque moyen,309,2,283.44,141.72,6,323,1,0.5,Perdus,0
18096.0,0,Actif,0.4795861961135948,0,Va rester,2 - Risque moyen,251,3,894.13,298.04,154,322,0,0.0,Sur le point de Partir,0
15530.0,0,Actif,0.36910733391863026,0,Va rester,3 - Risque faible,55,2,864.5,432.25,71,321,0,0.0,Potentiellement Fidèles,2
17541.0,1,Churné,0.8404968178453448,1,Risque churn,1 - Risque élevé,318,1,124.46,124.46,31,318,0,0.0,Perdus,2
14553.0,0,Actif,0.17124539749769224,0,Va rester,3 - Risque faible,27,6,1294.59,215.76,169,318,1,0.1667,Champions,0
17339.0,0,Actif,0.5432742439101361,1,Risque churn,2 - Risque moyen,174,2,179.0,89.5,5,318,1,0.5,Besoin d'Attention,2
16975.0,1,Churné,0.5438729277883513,1,Risque churn,2 - Risque moyen,232,3,926.12,308.71,44,314,2,0.6667,Sur le point de Partir,0
14312.0,0,Actif,0.24603232411758877,0,Va rester,3 - Risque faible,82,8,2072.72,259.09,109,313,0,0.0,Champions,0
13137.0,0,Actif,0.05992975294655079,0,Va rester,3 - Risque faible,61,10,4926.13,492.61,482,311,0,0.0,Champions,3
17494.0,1,Churné,0.849691523996133,1,Risque churn,1 - Risque élevé,310,1,54.7,54.7,3,310,0,0.0,Perdus,2
14833.0,1,Churné,0.8450174745132586,1,Risque churn,1 - Risque élevé,307,1,94.8,94.8,7,307,0,0.0,Perdus,2
14901.0,0,Actif,0.4073403083364856,0,Va rester,2 - Risque moyen,169,6,1365.41,227.57,61,307,1,0.1667,Fidèles,0
16045.0,0,Actif,0.23333931571774258,0,Va rester,3 - Risque faible,54,6,2955.48,492.58,103,307,1,0.1667,Champions,0
14346.0,0,Actif,0.3389418938025842,0,Va rester,3 - Risque faible,106,4,1556.61,389.15,88,306,0,0.0,Fidèles,0
12907.0,1,Churné,0.5528739650911286,1,Risque churn,2 - Risque moyen,204,2,508.91,254.45,23,303,1,0.5,Sur le point de Partir,2
17665.0,1,Churné,0.8267751408040657,1,Risque churn,1 - Risque élevé,302,1,563.1,563.1,19,302,0,0.0,Perdus,2
15363.0,1,Churné,0.5172833587301895,1,Risque churn,2 - Risque moyen,181,2,1004.11,502.06,32,301,1,0.5,Besoin d'Attention,2
13653.0,1,Churné,0.8351149246046289,1,Risque churn,1 - Risque élevé,296,1,152.2,152.2,9,296,0,0.0,Perdus,2
14722.0,0,Actif,0.6246609518489349,1,Risque churn,2 - Risque moyen,286,2,325.45,162.73,53,295,0,0.0,Perdus,0
14700.0,0,Actif,0.2945588406471161,0,Va rester,3 - Risque faible,47,3,1602.51,534.17,76,294,0,0.0,Potentiellement Fidèles,0
18227.0,1,Churné,0.38133627555574495,0,Va rester,3 - Risque faible,26,2,388.75,194.38,6,293,1,0.5,Potentiellement Fidèles,2
14749.0,1,Churné,0.8213287242513093,1,Risque churn,1 - Risque élevé,288,1,310.15,310.15,18,288,0,0.0,Perdus,0
17513.0,0,Actif,0.584645750732296,1,Risque churn,2 - Risque moyen,217,2,645.6,322.8,12,288,0,0.0,Sur le point de Partir,0
17792.0,1,Churné,0.6207133755413967,1,Risque churn,2 - Risque moyen,276,2,370.05,185.03,45,287,0,0.0,Sur le point de Partir,0
17599.0,1,Churné,0.7912563225659763,1,Risque churn,1 - Risque élevé,286,1,52.05,52.05,3,286,2,2.0,Perdus,2
18191.0,1,Churné,0.4259052704184968,0,Va rester,2 - Risque moyen,70,2,529.4,264.7,15,286,0,0.0,Potentiellement Fidèles,2
15322.0,0,Actif,0.7975574307497159,1,Risque churn,1 - Risque élevé,285,1,711.18,711.18,41,285,0,0.0,Perdus,0
14243.0,0,Actif,0.14076215627380012,0,Va rester,3 - Risque faible,54,12,6355.35,529.61,214,285,3,0.25,Champions,3
15683.0,0,Actif,0.817279708418239,1,Risque churn,1 - Risque élevé,282,1,330.79,330.79,16,282,0,0.0,Perdus,0
14187.0,1,Churné,0.825647154026608,1,Risque churn,1 - Risque élevé,282,1,123.5,123.5,8,282,0,0.0,Perdus,0
13452.0,1,Churné,0.3832300559308159,0,Va rester,3 - Risque faible,68,3,729.8,243.27,2,281,0,0.0,Potentiellement Fidèles,0
16375.0,1,Churné,0.6504732827123546,1,Risque churn,2 - Risque moyen,279,2,104.0,52.0,11,279,0,0.0,Sur le point de Partir,0
14499.0,0,Actif,0.26316501246124596,0,Va rester,3 - Risque faible,87,5,1449.67,289.93,119,278,3,0.6,Champions,0
16421.0,1,Churné,0.5041417387155983,1,Risque churn,2 - Risque moyen,185,3,526.27,175.42,35,278,0,0.0,Besoin d'Attention,0
15166.0,1,Churné,0.8179413667865496,1,Risque churn,1 - Risque élevé,276,1,167.16,167.16,12,276,0,0.0,en Hibernation,0
14908.0,0,Actif,0.8198577924437587,1,Risque churn,1 - Risque élevé,272,1,104.1,104.1,5,272,0,0.0,en Hibernation,0
16100.0,1,Churné,0.7905404308402157,1,Risque churn,1 - Risque élevé,271,1,582.64,582.64,37,271,0,0.0,en Hibernation,0
12859.0,1,Churné,0.7969121236545506,1,Risque churn,1 - Risque élevé,267,1,575.1,575.1,21,267,0,0.0,en Hibernation,0
12819.0,1,Churné,0.798844791792242,1,Risque churn,1 - Risque élevé,267,1,540.52,540.52,19,267,0,0.0,en Hibernation,0
16972.0,1,Churné,0.5132728207916873,1,Risque churn,2 - Risque moyen,191,2,786.25,393.12,54,265,0,0.0,Besoin d'Attention,0
14444.0,1,Churné,0.8103201578790143,1,Risque churn,1 - Risque élevé,265,1,132.04,132.04,11,265,0,0.0,en Hibernation,0
15906.0,0,Actif,0.22413767965935819,0,Va rester,3 - Risque faible,28,6,1671.11,278.52,84,259,2,0.3333,Champions,0
17392.0,1,Churné,0.38412614007871243,0,Va rester,3 - Risque faible,115,3,626.56,208.85,66,259,0,0.0,Besoin d'Attention,0
13424.0,1,Churné,0.7526935259485171,1,Risque churn,1 - Risque élevé,258,1,572.77,572.77,40,258,1,1.0,en Hibernation,0
16646.0,1,Churné,0.7576344597797754,1,Risque churn,1 - Risque élevé,258,1,678.8,678.8,29,258,1,1.0,en Hibernation,0
14126.0,1,Churné,0.7825905021299067,1,Risque churn,1 - Risque élevé,253,1,466.33,466.33,28,253,0,0.0,en Hibernation,0
17161.0,1,Churné,0.7577458157344782,1,Risque churn,1 - Risque élevé,253,1,856.01,856.01,52,253,0,0.0,en Hibernation,0
14570.0,1,Churné,0.35940909750920147,0,Va rester,3 - Risque faible,89,3,613.75,204.58,64,252,0,0.0,Potentiellement Fidèles,0
16856.0,0,Actif,0.5840785284393563,1,Risque churn,2 - Risque moyen,226,2,323.09,161.55,15,251,0,0.0,Sur le point de Partir,0
16261.0,0,Actif,0.29965082720368097,0,Va rester,3 - Risque faible,55,3,567.58,189.19,83,251,0,0.0,Potentiellement Fidèles,0
14094.0,1,Churné,0.7478860808411718,1,Risque churn,1 - Risque élevé,248,1,335.22,335.22,41,248,1,1.0,en Hibernation,0
14806.0,0,Actif,0.7976483925138136,1,Risque churn,1 - Risque élevé,248,1,110.04,110.04,9,248,0,0.0,en Hibernation,0
14328.0,1,Churné,0.746444511966568,1,Risque churn,1 - Risque élevé,247,1,445.05,445.05,1,247,2,2.0,en Hibernation,0
14802.0,1,Churné,0.5854396628113683,1,Risque churn,2 - Risque moyen,247,2,1502.98,751.49,1,247,4,2.0,Sur le point de Partir,0
17280.0,1,Churné,0.7983912817633566,1,Risque churn,1 - Risque élevé,247,1,118.86,118.86,6,247,0,0.0,en Hibernation,0
13073.0,1,Churné,0.5718476548200746,1,Risque churn,2 - Risque moyen,220,2,418.08,209.04,25,246,0,0.0,Sur le point de Partir,0
13639.0,0,Actif,0.7844445032014298,1,Risque churn,1 - Risque élevé,245,1,312.93,312.93,19,245,0,0.0,en Hibernation,0
14449.0,0,Actif,0.17829679306318794,0,Va rester,3 - Risque faible,55,6,1977.0,329.5,211,245,0,0.0,Champions,0
16368.0,0,Actif,0.786713009182034,1,Risque churn,1 - Risque élevé,244,1,142.78,142.78,20,244,0,0.0,en Hibernation,0
15736.0,1,Churné,0.5402840597248297,1,Risque churn,2 - Risque moyen,244,2,1815.72,907.86,95,244,1,0.5,Sur le point de Partir,0
13108.0,1,Churné,0.5209405158637183,1,Risque churn,2 - Risque moyen,181,2,1098.52,549.26,27,244,0,0.0,Besoin d'Attention,0
15261.0,0,Actif,0.48389630740206396,0,Va rester,2 - Risque moyen,190,3,1253.18,417.73,70,243,0,0.0,Besoin d'Attention,0
17360.0,0,Actif,0.447165171935083,0,Va rester,2 - Risque moyen,194,3,645.59,215.2,90,243,1,0.3333,Besoin d'Attention,0
15190.0,1,Churné,0.7566293175785206,1,Risque churn,1 - Risque élevé,243,1,834.44,834.44,40,243,0,0.0,en Hibernation,0
18266.0,1,Churné,0.7871421558941676,1,Risque churn,1 - Risque élevé,243,1,251.1,251.1,14,243,0,0.0,en Hibernation,0
18270.0,0,Actif,0.4102169010793751,0,Va rester,2 - Risque moyen,75,2,273.35,136.68,11,241,1,0.5,Potentiellement Fidèles,0
14254.0,1,Churné,0.7716181171775961,1,Risque churn,1 - Risque élevé,241,1,601.03,601.03,23,241,0,0.0,en Hibernation,0
15143.0,1,Churné,0.3638355501506447,0,Va rester,3 - Risque faible,34,2,563.63,281.81,27,241,0,0.0,Potentiellement Fidèles,0
15579.0,0,Actif,0.3195960065754679,0,Va rester,3 - Risque faible,122,4,1153.5,288.38,125,241,2,0.5,Fidèles,0
13441.0,0,Actif,0.7734874651066573,1,Risque churn,1 - Risque élevé,240,1,424.26,424.26,25,240,0,0.0,en Hibernation,0
14350.0,1,Churné,0.34026928556082914,0,Va rester,3 - Risque faible,83,3,972.03,324.01,55,239,1,0.3333,Potentiellement Fidèles,0
13033.0,1,Churné,0.526475061539228,1,Risque churn,2 - Risque moyen,166,2,220.55,110.28,12,238,0,0.0,Besoin d'Attention,0
16437.0,1,Churné,0.5421553237187502,1,Risque churn,2 - Risque moyen,190,2,301.25,150.63,17,238,0,0.0,Besoin d'Attention,0
12903.0,1,Churné,0.7500115291745695,1,Risque churn,1 - Risque élevé,237,1,833.53,833.53,41,237,0,0.0,en Hibernation,0
16980.0,1,Churné,0.300836733754286,0,Va rester,3 - Risque faible,64,3,1473.33,491.11,91,237,0,0.0,Potentiellement Fidèles,0
15931.0,1,Churné,0.781978982994862,1,Risque churn,1 - Risque élevé,237,1,239.9,239.9,14,237,0,0.0,en Hibernation,0
14358.0,1,Churné,0.531190574060902,1,Risque churn,2 - Risque moyen,198,2,400.06,200.03,21,237,1,0.5,Sur le point de Partir,0
15177.0,1,Churné,0.7545377730250646,1,Risque churn,1 - Risque élevé,234,1,948.93,948.93,26,234,0,0.0,en Hibernation,0
14390.0,0,Actif,0.1698827305713712,0,Va rester,3 - Risque faible,20,7,2783.09,397.58,150,234,2,0.2857,Champions,0
17264.0,1,Churné,0.7394610768121413,1,Risque churn,1 - Risque élevé,233,1,279.59,279.59,70,233,0,0.0,en Hibernation,0
14319.0,1,Churné,0.739187004972089,1,Risque churn,1 - Risque élevé,233,1,494.85,494.85,26,233,1,1.0,en Hibernation,0
15208.0,0,Actif,0.5199159494809547,1,Risque churn,2 - Risque moyen,162,2,165.8,82.9,8,232,0,0.0,Besoin d'Attention,0
16263.0,1,Churné,0.7715919196619287,1,Risque churn,1 - Risque élevé,232,1,351.01,351.01,19,232,0,0.0,en Hibernation,0
17944.0,1,Churné,0.7747378148788105,1,Risque churn,1 - Risque élevé,232,1,75.41,75.41,24,232,0,0.0,en Hibernation,0
13395.0,0,Actif,0.5182086343545157,1,Risque churn,2 - Risque moyen,209,2,872.51,436.25,56,230,0,0.0,Sur le point de Partir,0
14975.0,0,Actif,0.7759886705926172,1,Risque churn,1 - Risque élevé,230,1,192.45,192.45,15,230,0,0.0,en Hibernation,0
17202.0,1,Churné,0.7802704223984259,1,Risque churn,1 - Risque élevé,229,1,160.65,160.65,8,229,0,0.0,en Hibernation,0
13387.0,1,Churné,0.7338067924763194,1,Risque churn,1 - Risque élevé,226,1,189.44,189.44,71,226,0,0.0,en Hibernation,0
13981.0,1,Churné,0.7369507962470339,1,Risque churn,1 - Risque élevé,224,1,331.14,331.14,22,224,1,1.0,en Hibernation,0
15608.0,0,Actif,0.737524544749251,1,Risque churn,1 - Risque élevé,224,1,692.3,692.3,45,224,0,0.0,en Hibernation,0
15377.0,1,Churné,0.49620014349692393,0,Va rester,2 - Risque moyen,191,4,1211.75,302.94,15,224,1,0.25,Fidèles,0
15501.0,1,Churné,0.5182447097669919,1,Risque churn,2 - Risque moyen,213,2,402.5,201.25,64,224,0,0.0,Sur le point de Partir,0
16590.0,1,Churné,0.5281299258152686,1,Risque churn,2 - Risque moyen,209,2,605.9,302.95,26,223,1,0.5,Sur le point de Partir,0
12899.0,1,Churné,0.7630207304031557,1,Risque churn,1 - Risque élevé,222,1,366.4,366.4,17,222,0,0.0,en Hibernation,0
17843.0,1,Churné,0.41679824351578654,0,Va rester,2 - Risque moyen,112,2,326.23,163.12,58,220,0,0.0,Besoin d'Attention,0
13574.0,1,Churné,0.7115994290727814,1,Risque churn,1 - Risque élevé,220,1,421.25,421.25,84,220,0,0.0,en Hibernation,0
13898.0,1,Churné,0.4597871442167656,0,Va rester,2 - Risque moyen,134,2,686.4,343.2,43,220,0,0.0,Besoin d'Attention,0
17981.0,1,Churné,0.7631696952307099,1,Risque churn,1 - Risque élevé,219,1,239.12,239.12,17,219,0,0.0,en Hibernation,0
13274.0,1,Churné,0.7579153579823245,1,Risque churn,1 - Risque élevé,218,1,360.85,360.85,19,218,0,0.0,en Hibernation,0
13669.0,0,Actif,0.7693092642792482,1,Risque churn,1 - Risque élevé,216,1,195.0,195.0,5,216,0,0.0,en Hibernation,0
16265.0,0,Actif,0.20375425558987306,0,Va rester,3 - Risque faible,69,8,4363.31,545.41,147,216,3,0.375,Champions,3
14834.0,0,Actif,0.36290701296434535,0,Va rester,3 - Risque faible,49,2,729.55,364.78,28,216,1,0.5,Potentiellement Fidèles,0
16635.0,1,Churné,0.7480433928819223,1,Risque churn,1 - Risque élevé,215,1,473.0,473.0,25,215,0,0.0,en Hibernation,0
14213.0,1,Churné,0.7151485981486984,1,Risque churn,1 - Risque élevé,213,1,1192.2,1192.2,5,213,1,1.0,en Hibernation,0
16724.0,1,Churné,0.7595561821926525,1,Risque churn,1 - Risque élevé,213,1,147.35,147.35,17,213,0,0.0,en Hibernation,0
15458.0,0,Actif,0.7635412298781477,1,Risque churn,1 - Risque élevé,211,1,208.8,208.8,6,211,0,0.0,en Hibernation,0
15915.0,1,Churné,0.6837220998208493,1,Risque churn,2 - Risque moyen,210,1,429.21,429.21,105,210,0,0.0,en Hibernation,0
17420.0,0,Actif,0.48019792278760703,0,Va rester,2 - Risque moyen,182,4,616.45,154.11,24,210,2,0.5,Fidèles,0
13034.0,0,Actif,0.5269552555332381,1,Risque churn,2 - Risque moyen,178,2,445.77,222.89,16,210,0,0.0,Besoin d'Attention,0
16050.0,0,Actif,0.544832544793315,1,Risque churn,2 - Risque moyen,192,2,162.8,81.4,9,210,0,0.0,Besoin d'Attention,0
16876.0,1,Churné,0.7485397457640415,1,Risque churn,1 - Risque élevé,212,1,136.01,136.01,32,212,0,0.0,en Hibernation,0
12914.0,1,Churné,0.7592175155829466,1,Risque churn,1 - Risque élevé,209,1,223.98,223.98,9,209,0,0.0,en Hibernation,0
15560.0,1,Churné,0.560278629420074,1,Risque churn,2 - Risque moyen,206,2,153.52,76.76,10,206,0,0.0,Sur le point de Partir,0
18083.0,1,Churné,0.7310012190910501,1,Risque churn,1 - Risque élevé,206,1,470.73,470.73,36,206,0,0.0,en Hibernation,0
16420.0,1,Churné,0.7636297850736574,1,Risque churn,1 - Risque élevé,205,1,75.0,75.0,2,205,0,0.0,en Hibernation,0
13738.0,1,Churné,0.6911856636110311,1,Risque churn,2 - Risque moyen,205,1,440.93,440.93,88,205,0,0.0,en Hibernation,0
18098.0,1,Churné,0.6904537550447276,1,Risque churn,2 - Risque moyen,205,1,550.84,550.84,85,205,0,0.0,en Hibernation,0
15635.0,1,Churné,0.7620572880267135,1,Risque churn,1 - Risque élevé,204,1,100.35,100.35,2,204,0,0.0,en Hibernation,0
17983.0,1,Churné,0.7458789145253215,1,Risque churn,1 - Risque élevé,204,1,171.71,171.71,23,204,0,0.0,en Hibernation,0
17878.0,0,Actif,0.5383814556653662,1,Risque churn,2 - Risque moyen,204,2,1032.88,516.44,56,204,0,0.0,Sur le point de Partir,0
14899.0,1,Churné,0.6305714663190226,1,Risque churn,2 - Risque moyen,204,1,1384.88,1384.88,126,204,0,0.0,en Hibernation,0
12927.0,1,Churné,0.7525918553899458,1,Risque churn,1 - Risque élevé,203,1,197.31,197.31,11,203,0,0.0,en Hibernation,0
13915.0,1,Churné,0.7362586368028099,1,Risque churn,1 - Risque élevé,203,1,70.8,70.8,2,203,1,1.0,en Hibernation,0
15368.0,0,Actif,0.7554756246012657,1,Risque churn,1 - Risque élevé,203,1,275.8,275.8,4,203,0,0.0,en Hibernation,0
15468.0,0,Actif,0.6368920590426308,1,Risque churn,2 - Risque moyen,201,1,962.97,962.97,56,201,2,2.0,en Hibernation,0
14559.0,1,Churné,0.7577851541633182,1,Risque churn,1 - Risque élevé,199,1,75.6,75.6,2,199,0,0.0,en Hibernation,0
15726.0,1,Churné,0.7369527169869136,1,Risque churn,1 - Risque élevé,199,1,321.91,321.91,23,199,0,0.0,en Hibernation,0
17992.0,1,Churné,0.7185937189203507,1,Risque churn,1 - Risque élevé,198,1,254.13,254.13,49,198,0,0.0,en Hibernation,0
13862.0,0,Actif,0.27133584177021797,0,Va rester,3 - Risque faible,41,4,1199.04,299.76,67,198,1,0.25,Champions,0
16602.0,0,Actif,0.6907299050463481,1,Risque churn,2 - Risque moyen,197,1,235.25,235.25,11,197,2,2.0,en Hibernation,0
15811.0,0,Actif,0.17927638271333887,0,Va rester,3 - Risque faible,14,5,2966.74,593.35,161,197,2,0.4,Champions,0
18195.0,1,Churné,0.7521411061781161,1,Risque churn,1 - Risque élevé,196,1,101.16,101.16,5,196,0,0.0,en Hibernation,0
14446.0,0,Actif,0.3056343441706192,0,Va rester,3 - Risque faible,55,2,504.77,252.39,113,195,0,0.0,Potentiellement Fidèles,0
16973.0,1,Churné,0.7498106728115358,1,Risque churn,1 - Risque élevé,195,1,127.0,127.0,6,195,0,0.0,Prometteurs,0
17089.0,1,Churné,0.7511622060176495,1,Risque churn,1 - Risque élevé,195,1,128.45,128.45,4,195,0,0.0,Prometteurs,0
16367.0,0,Actif,0.4223328983541778,0,Va rester,2 - Risque moyen,171,2,728.82,364.41,119,192,0,0.0,Besoin d'Attention,0
17275.0,1,Churné,0.7350230850691191,1,Risque churn,1 - Risque élevé,192,1,114.52,114.52,23,192,0,0.0,Prometteurs,0
18210.0,0,Actif,0.40878598314477976,0,Va rester,2 - Risque moyen,76,2,289.85,144.92,14,191,0,0.0,Potentiellement Fidèles,0
16765.0,1,Churné,0.4159036193692123,0,Va rester,2 - Risque moyen,103,2,454.75,227.37,52,191,0,0.0,Besoin d'Attention,0
15986.0,0,Actif,0.7397255698700355,1,Risque churn,1 - Risque élevé,190,1,186.3,186.3,11,190,0,0.0,Prometteurs,0
14252.0,1,Churné,0.7362288821153351,1,Risque churn,1 - Risque élevé,190,1,350.99,350.99,10,190,0,0.0,Prometteurs,0
17766.0,1,Churné,0.5320638155455703,1,Risque churn,2 - Risque moyen,190,2,299.61,149.81,21,190,0,0.0,Besoin d'Attention,0
17744.0,0,Actif,0.2784760204929287,0,Va rester,3 - Risque faible,59,5,1615.7,323.14,63,189,1,0.2,Champions,0
15902.0,1,Churné,0.7347259448682015,1,Risque churn,1 - Risque élevé,189,1,145.01,145.01,18,189,0,0.0,Prometteurs,0
14487.0,0,Actif,0.48692346475104015,0,Va rester,2 - Risque moyen,177,2,382.38,191.19,32,188,1,0.5,Besoin d'Attention,0
15495.0,1,Churné,0.7295931857665454,1,Risque churn,1 - Risque élevé,188,1,246.5,246.5,20,188,0,0.0,Prometteurs,0
13626.0,1,Churné,0.3529222056769186,0,Va rester,3 - Risque faible,61,2,707.04,353.52,44,188,1,0.5,Potentiellement Fidèles,0
14627.0,1,Churné,0.6589699109723097,1,Risque churn,2 - Risque moyen,188,1,462.75,462.75,29,188,2,2.0,Prometteurs,0
17556.0,1,Churné,0.34652305517737597,0,Va rester,3 - Risque faible,14,2,300.67,150.34,13,188,0,0.0,Potentiellement Fidèles,0
18031.0,1,Churné,0.7008317488202515,1,Risque churn,1 - Risque élevé,187,1,462.1,462.1,49,187,0,0.0,Prometteurs,0
17607.0,1,Churné,0.7226379080199271,1,Risque churn,1 - Risque élevé,185,1,333.81,333.81,22,185,0,0.0,Prometteurs,0
16893.0,1,Churné,0.4573666575813843,0,Va rester,2 - Risque moyen,175,2,401.77,200.89,80,185,0,0.0,Besoin d'Attention,0
15540.0,1,Churné,0.7282790804505747,1,Risque churn,1 - Risque élevé,184,1,247.38,247.38,16,184,0,0.0,Prometteurs,0
15828.0,1,Churné,0.6586018943436794,1,Risque churn,2 - Risque moyen,184,1,1108.82,1108.82,74,184,0,0.0,Prometteurs,0
17223.0,1,Churné,0.39515934144191933,0,Va rester,3 - Risque faible,119,3,873.53,291.18,62,184,0,0.0,Besoin d'Attention,0
16244.0,1,Churné,0.31570602436965434,0,Va rester,3 - Risque faible,20,2,2579.38,1289.69,88,181,0,0.0,Potentiellement Fidèles,0
14775.0,0,Actif,0.7068697107114702,1,Risque churn,1 - Risque élevé,181,1,813.12,813.12,20,181,0,0.0,Prometteurs,0
13011.0,1,Churné,0.7383494794311631,1,Risque churn,1 - Risque élevé,181,1,101.1,101.1,3,181,0,0.0,Prometteurs,0
14576.0,1,Churné,0.7405493086820554,1,Risque churn,1 - Risque élevé,181,1,70.8,70.8,1,181,0,0.0,Prometteurs,0
18156.0,0,Actif,0.6912735026019698,1,Risque churn,2 - Risque moyen,178,1,412.46,412.46,50,178,0,0.0,Prometteurs,0
17674.0,0,Actif,0.7150907959995884,1,Risque churn,1 - Risque élevé,177,1,601.32,601.32,11,177,0,0.0,Prometteurs,0
14448.0,1,Churné,0.7188906479559888,1,Risque churn,1 - Risque élevé,173,1,102.35,102.35,18,173,0,0.0,Prometteurs,0
16927.0,0,Actif,0.4238923294353144,0,Va rester,2 - Risque moyen,85,2,341.45,170.73,5,170,0,0.0,Potentiellement Fidèles,0
17551.0,1,Churné,0.6915598696390907,1,Risque churn,2 - Risque moyen,168,1,306.84,306.84,39,168,0,0.0,Prometteurs,0
14373.0,1,Churné,0.7235650440297986,1,Risque churn,1 - Risque élevé,167,1,76.55,76.55,4,167,0,0.0,Prometteurs,0
18176.0,1,Churné,0.6630799301617034,1,Risque churn,2 - Risque moyen,167,1,476.35,476.35,30,167,1,1.0,Prometteurs,0
17128.0,1,Churné,0.6870565425372811,1,Risque churn,2 - Risque moyen,143,1,157.09,157.09,14,143,0,0.0,Prometteurs,0
15213.0,1,Churné,0.4384360438148188,0,Va rester,2 - Risque moyen,127,2,328.35,164.17,22,138,1,0.5,Besoin d'Attention,0
16882.0,0,Actif,0.3722837199933195,0,Va rester,3 - Risque faible,48,2,215.7,107.85,15,126,0,0.0,Potentiellement Fidèles,0
16897.0,1,Churné,0.3949733031554084,0,Va rester,3 - Risque faible,108,2,289.78,144.89,37,122,1,0.5,Besoin d'Attention,0
15940.0,1,Churné,0.612045934262542,1,Risque churn,2 - Risque moyen,120,1,35.8,35.8,1,120,2,2.0,Prometteurs,0
14188.0,0,Actif,0.3294767980407037,0,Va rester,3 - Risque faible,23,2,760.9,380.45,17,119,0,0.0,Potentiellement Fidèles,0
12834.0,1,Churné,0.6161977443085083,1,Risque churn,2 - Risque moyen,91,1,312.38,312.38,18,91,0,0.0,Prometteurs,0
14473.0,0,Actif,0.637955669272481,1,Risque churn,2 - Risque moyen,91,1,85.0,85.0,1,91,0,0.0,Prometteurs,0
15643.0,0,Actif,0.6110306527471249,1,Risque churn,2 - Risque moyen,91,1,337.1,337.1,23,91,0,0.0,Prometteurs,0
15019.0,1,Churné,0.5557047874258149,1,Risque churn,2 - Risque moyen,75,1,266.0,266.0,64,75,0,0.0,Prometteurs,0
15703.0,1,Churné,0.6079870587837335,1,Risque churn,2 - Risque moyen,73,1,211.5,211.5,5,73,0,0.0,Prometteurs,0
14232.0,0,Actif,0.5208843418068485,1,Risque churn,2 - Risque moyen,73,1,693.18,693.18,47,73,1,1.0,Prometteurs,0
13731.0,1,Churné,0.30576230248305664,0,Va rester,3 - Risque faible,28,2,610.59,305.29,36,55,0,0.0,Potentiellement Fidèles,0
15460.0,1,Churné,0.6771668780915033,1,Risque churn,2 - Risque moyen,163,1,216.76,216.76,53,163,0,0.0,Prometteurs,0
18233.0,1,Churné,0.6789787132195698,1,Risque churn,2 - Risque moyen,134,1,440.0,440.0,1,134,0,0.0,Prometteurs,0
14428.0,0,Actif,0.3450059423693599,0,Va rester,3 - Risque faible,48,2,330.62,165.31,25,134,1,0.5,Potentiellement Fidèles,0
14090.0,1,Churné,0.688230149478253,1,Risque churn,2 - Risque moyen,133,1,76.32,76.32,1,133,0,0.0,Prometteurs,0
14779.0,1,Churné,0.3732477656286478,0,Va rester,3 - Risque faible,89,3,386.15,128.72,40,132,0,0.0,Potentiellement Fidèles,0
13932.0,1,Churné,0.6331067245544895,1,Risque churn,2 - Risque moyen,103,1,307.4,307.4,16,103,0,0.0,Prometteurs,0
14520.0,1,Churné,0.6453415575284487,1,Risque churn,2 - Risque moyen,99,1,165.0,165.0,1,99,0,0.0,Prometteurs,0
18114.0,1,Churné,0.6204145432011084,1,Risque churn,2 - Risque moyen,99,1,220.1,220.1,28,99,0,0.0,Prometteurs,0
16394.0,0,Actif,0.32007542609051337,0,Va rester,3 - Risque faible,57,2,619.3,309.65,47,98,1,0.5,Potentiellement Fidèles,0
13149.0,0,Actif,0.6229982127248577,1,Risque churn,2 - Risque moyen,98,1,376.74,376.74,18,98,0,0.0,Prometteurs,0
13636.0,0,Actif,0.33214757896558,0,Va rester,3 - Risque faible,61,3,541.45,180.48,32,94,1,0.3333,Potentiellement Fidèles,0
15806.0,0,Actif,0.6107368111250081,1,Risque churn,2 - Risque moyen,85,1,300.36,300.36,16,85,0,0.0,Prometteurs,0
15206.0,0,Actif,0.6313558490265575,1,Risque churn,2 - Risque moyen,84,1,17.7,17.7,1,84,0,0.0,Prometteurs,0
17164.0,0,Actif,0.30124325824221937,0,Va rester,3 - Risque faible,21,2,943.22,471.61,49,82,0,0.0,Potentiellement Fidèles,0
13716.0,1,Churné,0.6025165411247909,1,Risque churn,2 - Risque moyen,78,1,138.28,138.28,21,78,0,0.0,Prometteurs,0
16152.0,1,Churné,0.5392447401667313,1,Risque churn,2 - Risque moyen,77,1,1829.04,1829.04,29,77,0,0.0,Prometteurs,0
13358.0,1,Churné,0.5844813699004605,1,Risque churn,2 - Risque moyen,77,1,439.03,439.03,29,77,0,0.0,Prometteurs,0
13185.0,1,Churné,0.6196887282131288,1,Risque churn,2 - Risque moyen,76,1,71.4,71.4,1,76,0,0.0,Prometteurs,0
15433.0,1,Churné,0.31041950879007124,0,Va rester,3 - Risque faible,22,2,533.3,266.65,40,76,0,0.0,Potentiellement Fidèles,0
17102.0,1,Churné,0.613552557313702,1,Risque churn,2 - Risque moyen,70,1,25.5,25.5,1,70,0,0.0,Prometteurs,0
14536.0,1,Churné,0.5912797987033298,1,Risque churn,2 - Risque moyen,68,1,171.8,171.8,18,68,0,0.0,Prometteurs,0
15083.0,1,Churné,0.6016787513667641,1,Risque churn,2 - Risque moyen,65,1,88.2,88.2,5,65,0,0.0,Prometteurs,0
12888.0,1,Churné,0.3129360859648434,0,Va rester,3 - Risque faible,23,2,354.12,177.06,4,64,2,1.0,Potentiellement Fidèles,0
13720.0,0,Actif,0.3398118781204721,0,Va rester,3 - Risque faible,47,2,432.1,216.05,26,63,0,0.0,Potentiellement Fidèles,0
16657.0,0,Actif,0.5396879159611955,1,Risque churn,2 - Risque moyen,63,1,242.55,242.55,65,63,0,0.0,Prometteurs,0
16162.0,1,Churné,0.6008352508922986,1,Risque churn,2 - Risque moyen,61,1,37.4,37.4,2,61,0,0.0,Prometteurs,0
13525.0,0,Actif,0.5878578922960462,1,Risque churn,2 - Risque moyen,57,1,282.88,282.88,2,57,0,0.0,Prometteurs,0
15230.0,1,Churné,0.3482168695874899,0,Va rester,3 - Risque faible,48,2,429.6,214.8,23,49,0,0.0,Potentiellement Fidèles,0
16617.0,1,Churné,0.5724710853365177,1,Risque churn,2 - Risque moyen,44,1,151.85,151.85,5,44,0,0.0,Prometteurs,0
16587.0,1,Churné,0.5588732594325662,1,Risque churn,2 - Risque moyen,41,1,225.15,225.15,13,41,0,0.0,Prometteurs,0
17893.0,1,Churné,0.5515040585041269,1,Risque churn,2 - Risque moyen,34,1,112.25,112.25,15,34,0,0.0,Prometteurs,0
14393.0,1,Churné,0.5528739245475229,1,Risque churn,2 - Risque moyen,27,1,67.95,67.95,5,27,0,0.0,Nouveaux Clients,0
15063.0,1,Churné,0.5363188448439701,1,Risque churn,2 - Risque moyen,22,1,370.8,370.8,5,22,0,0.0,Nouveaux Clients,0
17489.0,0,Actif,0.5301896596795038,1,Risque churn,2 - Risque moyen,21,1,208.56,208.56,16,21,0,0.0,Nouveaux Clients,0
13235.0,1,Churné,0.4351339936741848,0,Va rester,2 - Risque moyen,21,1,1031.07,1031.07,53,21,1,1.0,Nouveaux Clients,0
16116.0,1,Churné,0.46492151833251244,0,Va rester,2 - Risque moyen,20,1,612.78,612.78,34,20,1,1.0,Nouveaux Clients,0
16184.0,0,Actif,0.5373013536731693,1,Risque churn,2 - Risque moyen,20,1,148.22,148.22,9,20,0,0.0,Nouveaux Clients,0
15907.0,0,Actif,0.4983624380432131,0,Va rester,2 - Risque moyen,19,1,251.18,251.18,46,19,0,0.0,Nouveaux Clients,0
14689.0,1,Churné,0.5307948513185025,1,Risque churn,2 - Risque moyen,17,1,112.8,112.8,13,17,0,0.0,Nouveaux Clients,0
16647.0,0,Actif,0.30413807411828536,0,Va rester,3 - Risque faible,13,3,455.59,151.86,25,353,0,0.0,Potentiellement Fidèles,2
13627.0,0,Actif,0.22977002620882506,0,Va rester,3 - Risque faible,13,4,1213.35,303.34,76,449,1,0.25,Champions,2
13450.0,0,Actif,0.19402688362343665,0,Va rester,3 - Risque faible,13,9,2754.86,306.1,47,412,1,0.1111,Champions,0
18075.0,0,Actif,0.12011800909266218,0,Va rester,3 - Risque faible,13,16,4442.26,277.64,139,307,10,0.625,Champions,3
16782.0,0,Actif,0.012383494935585992,0,Va rester,3 - Risque faible,13,32,9506.81,297.09,565,539,10,0.3125,Champions,3
16463.0,0,Actif,0.4791309152429449,0,Va rester,2 - Risque moyen,13,1,319.37,319.37,19,13,1,1.0,Nouveaux Clients,0
15791.0,0,Actif,0.20185801816492174,0,Va rester,3 - Risque faible,13,4,3218.89,804.72,112,450,3,0.75,Champions,3
16966.0,0,Actif,0.28999767340387383,0,Va rester,3 - Risque faible,6,3,1154.4,384.8,8,49,0,0.0,Potentiellement Fidèles,0
14825.0,0,Actif,0.0965922272129296,0,Va rester,3 - Risque faible,13,17,3724.04,219.06,170,421,3,0.1765,Champions,3
14292.0,0,Actif,0.16504828767523716,0,Va rester,3 - Risque faible,13,9,5479.53,608.84,98,439,8,0.8889,Champions,3
15809.0,0,Actif,0.24777842667964062,0,Va rester,3 - Risque faible,13,5,1141.98,228.4,45,344,1,0.2,Champions,0
14551.0,0,Actif,0.210512676026632,0,Va rester,3 - Risque faible,13,6,819.24,136.54,68,490,2,0.3333,Champions,2
15955.0,0,Actif,0.13580630395657997,0,Va rester,3 - Risque faible,12,11,5687.72,517.07,130,463,1,0.0909,Champions,3
15856.0,0,Actif,0.0340238479795012,0,Va rester,3 - Risque faible,12,33,24772.24,750.67,231,545,3,0.0909,Champions,3
17644.0,0,Actif,0.13613138530557395,0,Va rester,3 - Risque faible,12,12,4054.73,337.89,117,470,5,0.4167,Champions,3
17591.0,0,Actif,0.19540441091708513,0,Va rester,3 - Risque faible,12,6,2200.27,366.71,93,500,1,0.1667,Champions,3
13972.0,0,Actif,0.5240831803456057,1,Risque churn,2 - Risque moyen,10,1,145.9,145.9,9,10,0,0.0,Nouveaux Clients,0
14546.0,0,Actif,0.07814136192988666,0,Va rester,3 - Risque faible,10,8,3494.69,436.84,314,542,6,0.75,Champions,3
13668.0,0,Actif,0.04151243782907819,0,Va rester,3 - Risque faible,10,25,10484.42,419.38,298,537,7,0.28,Champions,3
15292.0,1,Churné,0.5090493023233974,1,Risque churn,2 - Risque moyen,10,1,180.94,180.94,24,10,0,0.0,Nouveaux Clients,0
15705.0,1,Churné,0.5269468267855736,1,Risque churn,2 - Risque moyen,10,1,143.1,143.1,6,10,0,0.0,Nouveaux Clients,0
16722.0,0,Actif,0.11664616212081771,0,Va rester,3 - Risque faible,9,14,6221.53,444.4,120,545,3,0.2143,Champions,3
13546.0,0,Actif,0.2685028420216013,0,Va rester,3 - Risque faible,9,3,653.31,217.77,58,233,0,0.0,Potentiellement Fidèles,0
12901.0,0,Actif,0.23517697957895692,0,Va rester,3 - Risque faible,9,11,7785.56,707.78,21,79,3,0.2727,Champions,0
15734.0,0,Actif,0.298395519681296,0,Va rester,3 - Risque faible,9,3,1502.5,500.83,22,356,0,0.0,Potentiellement Fidèles,2
13737.0,1,Churné,0.4978372811990327,0,Va rester,2 - Risque moyen,9,1,339.6,339.6,29,9,0,0.0,Nouveaux Clients,0
17450.0,0,Actif,0.15202823008488334,0,Va rester,3 - Risque faible,1,19,108182.56,5693.82,95,247,3,0.1579,Champions,1
13213.0,0,Actif,0.16052206220625267,0,Va rester,3 - Risque faible,8,8,2746.22,343.28,129,377,2,0.25,Champions,3
14163.0,0,Actif,0.29501988625898645,0,Va rester,3 - Risque faible,8,3,898.5,299.5,26,271,0,0.0,Potentiellement Fidèles,0
14083.0,0,Actif,0.18516525092519892,0,Va rester,3 - Risque faible,8,7,878.3,125.47,96,530,0,0.0,Champions,2
13317.0,0,Actif,0.08488124091802067,0,Va rester,3 - Risque faible,7,18,5526.39,307.02,181,535,10,0.5556,Champions,3
12924.0,0,Actif,0.17464309892845725,0,Va rester,3 - Risque faible,7,11,2190.97,199.18,45,539,2,0.1818,Champions,3
15203.0,0,Actif,0.13166501705809744,0,Va rester,3 - Risque faible,7,11,3265.28,296.84,126,540,0,0.0,Champions,3
16448.0,1,Churné,0.33322105965711696,0,Va rester,3 - Risque faible,7,2,367.87,183.94,45,280,0,0.0,Potentiellement Fidèles,2
17550.0,1,Churné,0.09911816120839295,0,Va rester,3 - Risque faible,6,9,2547.64,283.07,250,479,1,0.1111,Champions,3
15241.0,0,Actif,0.1813724509102799,0,Va rester,3 - Risque faible,1,6,2259.12,376.52,95,463,1,0.1667,Champions,3
13015.0,0,Actif,0.1098004467440637,0,Va rester,3 - Risque faible,6,10,5003.18,500.32,202,412,3,0.3,Champions,3
13135.0,1,Churné,0.42305370060115643,0,Va rester,2 - Risque moyen,5,2,3371.45,1685.73,18,300,0,0.0,Potentiellement Fidèles,2
17345.0,0,Actif,0.15108385007217828,0,Va rester,3 - Risque faible,5,8,1195.27,149.41,128,547,2,0.25,Champions,3
12748.0,0,Actif,9.707268894720381e-08,0,Va rester,3 - Risque faible,1,213,32430.44,152.26,1645,544,18,0.0845,Champions,1
16726.0,0,Actif,0.188002680548676,0,Va rester,3 - Risque faible,5,6,1501.58,250.26,117,220,0,0.0,Champions,0
13018.0,0,Actif,0.05778743330608029,0,Va rester,3 - Risque faible,5,18,6159.42,342.19,285,457,2,0.1111,Champions,3
13232.0,0,Actif,0.2308404087105489,0,Va rester,3 - Risque faible,5,3,691.9,230.63,99,52,0,0.0,Potentiellement Fidèles,0
15402.0,0,Actif,0.2160626425757469,0,Va rester,3 - Risque faible,5,5,1644.76,328.95,72,400,1,0.2,Champions,0
14560.0,0,Actif,0.07422122290095434,0,Va rester,3 - Risque faible,5,31,5108.26,164.78,51,546,1,0.0323,Champions,3
16034.0,1,Churné,0.2298584491393591,0,Va rester,3 - Risque faible,5,6,928.72,154.79,43,218,1,0.1667,Champions,0
16444.0,0,Actif,0.09469453348973568,0,Va rester,3 - Risque faible,3,15,3241.99,216.13,188,434,3,0.2,Champions,3
16889.0,1,Churné,0.1530817515970743,0,Va rester,3 - Risque faible,3,6,2530.9,421.82,163,374,0,0.0,Champions,3
15547.0,0,Actif,0.029181295978234524,0,Va rester,3 - Risque faible,3,19,7604.08,400.21,449,542,2,0.1053,Champions,3
16558.0,0,Actif,0.03880468143118383,0,Va rester,3 - Risque faible,1,28,8985.6,320.91,273,545,8,0.2857,Champions,3
16470.0,0,Actif,0.09771807245037653,0,Va rester,3 - Risque faible,1,9,2041.87,226.87,240,537,1,0.1111,Champions,3
16483.0,1,Churné,0.5030455681638759,1,Risque churn,2 - Risque moyen,1,1,139.35,139.35,19,1,0,0.0,Nouveaux Clients,0
13398.0,1,Churné,0.3330072009961364,0,Va rester,3 - Risque faible,1,2,670.34,335.17,37,257,0,0.0,Potentiellement Fidèles,2
17454.0,1,Churné,0.14830356724267071,0,Va rester,3 - Risque faible,1,10,1547.94,154.79,98,502,1,0.1,Champions,3
13571.0,0,Actif,0.0823778848707056,0,Va rester,3 - Risque faible,1,17,2846.82,167.46,180,540,0,0.0,Champions,3
18204.0,0,Actif,0.42974896006837127,0,Va rester,2 - Risque moyen,1,1,549.43,549.43,84,1,0,0.0,Nouveaux Clients,0
15998.0,0,Actif,0.03272689895753085,0,Va rester,3 - Risque faible,71,13,7000.59,538.51,596,547,4,0.3077,Champions,3
15061.0,0,Actif,0.0014648016704920603,0,Va rester,3 - Risque faible,20,108,114007.3,1055.62,116,547,9,0.0833,Champions,1
13526.0,1,Churné,0.8672566251198021,1,Risque churn,1 - Risque élevé,547,2,1182.0,591.0,29,547,2,1.0,En danger,2
15051.0,0,Actif,0.366946847307219,0,Va rester,3 - Risque faible,188,6,2543.55,423.93,113,547,1,0.1667,Fidèles,2
13110.0,0,Actif,0.19732828259234272,0,Va rester,3 - Risque faible,66,8,2201.29,275.16,128,547,2,0.25,Champions,3
15485.0,0,Actif,0.3753410950215357,0,Va rester,3 - Risque faible,145,6,4475.14,745.86,56,547,1,0.1667,Fidèles,2
14135.0,0,Actif,0.11938238339985703,0,Va rester,3 - Risque faible,29,17,7074.87,416.17,111,546,1,0.0588,Champions,3
13777.0,0,Actif,0.04093767291273032,0,Va rester,3 - Risque faible,16,47,40417.91,859.96,44,546,9,0.1915,Champions,3
17087.0,1,Churné,0.9496264861584516,1,Risque churn,1 - Risque élevé,546,1,221.53,221.53,12,546,0,0.0,Perdus,2
16550.0,0,Actif,0.0935366539879372,0,Va rester,3 - Risque faible,44,15,8175.07,545.0,233,546,9,0.6,Champions,3
14425.0,1,Churné,0.5670320906472565,1,Risque churn,2 - Risque moyen,243,3,661.39,220.46,35,546,2,0.6667,Sur le point de Partir,2
15353.0,1,Churné,0.12721192549010768,0,Va rester,3 - Risque faible,63,7,3175.95,453.71,274,546,1,0.1429,Champions,3
15542.0,1,Churné,0.5127764524784193,1,Risque churn,2 - Risque moyen,321,3,918.45,306.15,212,546,1,0.3333,En danger,2
17377.0,0,Actif,0.006943046004728393,0,Va rester,3 - Risque faible,64,65,15816.11,243.32,428,546,13,0.2,Champions,3
16797.0,1,Churné,0.24970434922033546,0,Va rester,3 - Risque faible,202,5,1827.77,365.55,289,546,4,0.8,En danger,3
14396.0,0,Actif,0.31809411915994845,0,Va rester,3 - Risque faible,180,6,1744.29,290.71,167,546,0,0.0,Fidèles,2
16200.0,0,Actif,0.2350404313146906,0,Va rester,3 - Risque faible,191,10,4562.83,456.28,241,546,1,0.1,Fidèles,3
14915.0,0,Actif,0.24241053648048966,0,Va rester,3 - Risque faible,86,10,1646.05,164.61,63,545,1,0.1,Champions,2
13931.0,0,Actif,0.17792546172316018,0,Va rester,3 - Risque faible,89,10,4398.06,439.81,177,545,0,0.0,Champions,3
14051.0,0,Actif,0.09224125276904294,0,Va rester,3 - Risque faible,22,25,12657.09,506.28,74,545,5,0.2,Champions,3
15179.0,0,Actif,0.1273768389213455,0,Va rester,3 - Risque faible,42,11,6740.09,612.74,190,545,3,0.2727,Champions,3
14159.0,0,Actif,0.06450134331218141,0,Va rester,3 - Risque faible,65,11,3897.09,354.28,428,545,2,0.1818,Champions,3
17940.0,0,Actif,0.24407203291831306,0,Va rester,3 - Risque faible,27,11,29748.69,2704.43,11,545,6,0.5455,Champions,3
17913.0,0,Actif,0.1979865719799921,0,Va rester,3 - Risque faible,164,13,3286.09,252.78,213,545,0,0.0,Fidèles,3
17764.0,0,Actif,0.2434334185467128,0,Va rester,3 - Risque faible,20,4,1066.79,266.7,76,545,0,0.0,Champions,2
15550.0,0,Actif,0.22500736738157726,0,Va rester,3 - Risque faible,110,9,1781.07,197.9,141,545,2,0.2222,Fidèles,3
16612.0,0,Actif,0.30744767610278567,0,Va rester,3 - Risque faible,120,6,2337.82,389.64,82,545,1,0.1667,Fidèles,2
14898.0,0,Actif,0.15072896159625424,0,Va rester,3 - Risque faible,49,12,2815.22,234.6,135,545,4,0.3333,Champions,3
17576.0,0,Actif,0.03327067178186644,0,Va rester,3 - Risque faible,23,31,6874.16,221.75,305,545,3,0.0968,Champions,3
17343.0,1,Churné,0.386523382662001,0,Va rester,3 - Risque faible,164,6,1259.94,209.99,61,545,0,0.0,Fidèles,2
17432.0,0,Actif,0.31793423651682023,0,Va rester,3 - Risque faible,194,7,1385.63,197.95,174,545,0,0.0,Fidèles,2
17160.0,0,Actif,0.11016161494947523,0,Va rester,3 - Risque faible,34,13,7896.2,607.4,184,544,1,0.0769,Champions,3
14723.0,0,Actif,0.2681802318146487,0,Va rester,3 - Risque faible,167,8,1405.76,175.72,180,544,0,0.0,Fidèles,2
15999.0,1,Churné,0.9522699483627962,1,Risque churn,1 - Risque élevé,544,1,20.4,20.4,1,544,0,0.0,Perdus,2
13807.0,1,Churné,0.505031668810655,1,Risque churn,2 - Risque moyen,176,3,534.8,178.27,24,544,1,0.3333,Besoin d'Attention,2
16710.0,0,Actif,0.027864907798354523,0,Va rester,3 - Risque faible,16,18,5503.69,305.76,496,544,1,0.0556,Champions,3
12970.0,1,Churné,0.23690272809851504,0,Va rester,3 - Risque faible,131,8,1096.53,137.07,181,544,0,0.0,Fidèles,3
14087.0,1,Churné,0.5283514542706212,1,Risque churn,2 - Risque moyen,213,2,651.8,325.9,126,544,1,0.5,Sur le point de Partir,2
13733.0,1,Churné,0.6261579660226965,1,Risque churn,2 - Risque moyen,219,2,487.03,243.52,28,544,1,0.5,Sur le point de Partir,2
18181.0,0,Actif,0.4273646846652409,0,Va rester,2 - Risque moyen,209,4,823.14,205.79,119,544,2,0.5,En danger,2
16593.0,0,Actif,0.3672891290129551,0,Va rester,3 - Risque faible,136,6,810.71,135.12,41,543,1,0.1667,Fidèles,2
12820.0,0,Actif,0.2944240517995843,0,Va rester,3 - Risque faible,135,8,1917.64,239.71,91,543,2,0.25,Fidèles,2
14867.0,0,Actif,0.1523622388763791,0,Va rester,3 - Risque faible,27,15,2855.92,190.39,66,543,3,0.2,Champions,3
12975.0,1,Churné,0.46709458449614216,0,Va rester,2 - Risque moyen,245,6,2100.09,350.02,92,542,2,0.3333,En danger,2
17150.0,1,Churné,0.4121626124809019,0,Va rester,2 - Risque moyen,185,6,1375.65,229.28,64,542,0,0.0,Fidèles,2
15571.0,0,Actif,0.14397426872696825,0,Va rester,3 - Risque faible,195,10,3401.2,340.12,410,542,0,0.0,Fidèles,3
17085.0,0,Actif,0.03562997141130885,0,Va rester,3 - Risque faible,59,27,7543.66,279.39,395,542,4,0.1481,Champions,3
13373.0,0,Actif,0.20467115343940157,0,Va rester,3 - Risque faible,85,4,5262.64,1315.66,222,542,0,0.0,Champions,3
15822.0,1,Churné,0.42902507643921756,0,Va rester,2 - Risque moyen,168,5,1394.79,278.96,34,542,2,0.4,Fidèles,2
14003.0,1,Churné,0.9476828912377662,1,Risque churn,1 - Risque élevé,541,1,209.41,209.41,16,541,0,0.0,Perdus,2
15115.0,0,Actif,0.9410603484789171,1,Risque churn,1 - Risque élevé,541,1,191.74,191.74,14,541,1,1.0,Perdus,2
16768.0,0,Actif,0.24653453866999725,0,Va rester,3 - Risque faible,80,7,1413.28,201.9,88,541,3,0.4286,Champions,3
17044.0,0,Actif,0.30514425796789363,0,Va rester,3 - Risque faible,183,11,11013.82,1001.26,91,541,3,0.2727,Fidèles,3
17990.0,1,Churné,0.2566712052151708,0,Va rester,3 - Risque faible,45,6,1527.61,254.6,40,541,1,0.1667,Champions,2
13382.0,1,Churné,0.30064550744029445,0,Va rester,3 - Risque faible,89,5,1387.58,277.52,74,540,0,0.0,Champions,2
18002.0,1,Churné,0.4664193889846281,0,Va rester,2 - Risque moyen,184,4,249.92,62.48,52,540,0,0.0,Fidèles,2
15079.0,1,Churné,0.14739490991597146,0,Va rester,3 - Risque faible,21,11,3767.35,342.49,119,540,6,0.5455,Champions,3
18271.0,1,Churné,0.8127281547960193,1,Risque churn,1 - Risque élevé,418,2,680.85,340.42,19,540,0,0.0,En danger,2
14290.0,0,Actif,0.38757093466895437,0,Va rester,3 - Risque faible,170,4,2979.47,744.87,59,540,6,1.5,Fidèles,3
17268.0,0,Actif,0.24613143524838962,0,Va rester,3 - Risque faible,52,9,1246.73,138.53,24,540,0,0.0,Champions,2
16805.0,0,Actif,0.33367688882336044,0,Va rester,3 - Risque faible,169,4,851.42,212.86,181,540,0,0.0,Fidèles,2
13204.0,1,Churné,0.9333473935586224,1,Risque churn,1 - Risque élevé,540,1,966.66,966.66,57,540,0,0.0,Perdus,2
13576.0,0,Actif,0.1159332275537183,0,Va rester,3 - Risque faible,28,17,7580.8,445.93,109,540,3,0.1765,Champions,3
15674.0,0,Actif,0.09763455024975687,0,Va rester,3 - Risque faible,22,12,5881.29,490.11,219,540,5,0.4167,Champions,3
13114.0,1,Churné,0.9469854074639603,1,Risque churn,1 - Risque élevé,539,1,234.38,234.38,16,539,0,0.0,Perdus,2
13768.0,1,Churné,0.8213511460609074,1,Risque churn,1 - Risque élevé,535,2,875.97,437.99,30,539,6,3.0,En danger,2
16912.0,0,Actif,0.16726136954509765,0,Va rester,3 - Risque faible,16,9,3070.59,341.18,95,539,2,0.2222,Champions,3
15302.0,1,Churné,0.9393877344519121,1,Risque churn,1 - Risque élevé,539,1,308.0,308.0,15,539,1,1.0,Perdus,2
17184.0,1,Churné,0.7880009882638412,1,Risque churn,1 - Risque élevé,378,2,198.41,99.21,14,539,0,0.0,En danger,2
13825.0,1,Churné,0.8072953182727799,1,Risque churn,1 - Risque élevé,430,2,255.59,127.8,38,539,0,0.0,En danger,2
15858.0,0,Actif,0.15584841371290944,0,Va rester,3 - Risque faible,98,10,3337.74,333.77,231,538,2,0.2,Fidèles,3
15085.0,1,Churné,0.9472670368122763,1,Risque churn,1 - Risque élevé,538,1,347.54,347.54,9,538,0,0.0,Perdus,2
15889.0,0,Actif,0.2533475090248376,0,Va rester,3 - Risque faible,178,7,1657.33,236.76,237,538,1,0.1429,Fidèles,3
16901.0,1,Churné,0.945598695109291,1,Risque churn,1 - Risque élevé,538,1,204.26,204.26,23,538,0,0.0,Perdus,2
13542.0,1,Churné,0.2612920344636342,0,Va rester,3 - Risque faible,185,17,4006.17,235.66,98,538,1,0.0588,Fidèles,3
14702.0,0,Actif,0.10436897541578388,0,Va rester,3 - Risque faible,90,18,4684.23,260.23,240,538,2,0.1111,Champions,3
14519.0,1,Churné,0.8458447810804194,1,Risque churn,1 - Risque élevé,492,2,206.09,103.05,38,537,0,0.0,En danger,2
14643.0,0,Actif,0.4354198875928356,0,Va rester,2 - Risque moyen,167,4,1344.02,336.01,42,537,1,0.25,Fidèles,2
16365.0,0,Actif,0.22390526603196995,0,Va rester,3 - Risque faible,62,9,2256.14,250.68,65,537,1,0.1111,Champions,2
12854.0,0,Actif,0.17588898816782228,0,Va rester,3 - Risque faible,50,6,2479.89,413.32,166,537,4,0.6667,Champions,3
16442.0,1,Churné,0.20413708960039448,0,Va rester,3 - Risque faible,36,4,719.71,179.93,165,535,0,0.0,Champions,2
16830.0,0,Actif,0.5772050285317262,1,Risque churn,2 - Risque moyen,251,3,881.59,293.86,47,535,1,0.3333,Sur le point de Partir,2
16125.0,1,Churné,0.22883219149681708,0,Va rester,3 - Risque faible,176,14,4587.65,327.69,168,534,0,0.0,Fidèles,3
12992.0,1,Churné,0.9484232556324786,1,Risque churn,1 - Risque élevé,534,1,93.35,93.35,6,534,0,0.0,Perdus,2
13000.0,0,Actif,0.3427838043440632,0,Va rester,3 - Risque faible,68,3,956.18,318.73,56,534,1,0.3333,Potentiellement Fidèles,2
15838.0,0,Actif,0.16630063554249927,0,Va rester,3 - Risque faible,27,21,46622.82,2220.13,44,533,3,0.1429,Champions,3
17251.0,1,Churné,0.45559529859187003,0,Va rester,2 - Risque moyen,171,3,812.43,270.81,65,533,1,0.3333,Besoin d'Attention,2
17082.0,0,Actif,0.3446266736465671,0,Va rester,3 - Risque faible,127,5,3365.12,673.02,74,533,0,0.0,Fidèles,2
17596.0,0,Actif,0.16083027715679774,0,Va rester,3 - Risque faible,57,8,2839.65,354.96,186,533,1,0.125,Champions,3
14966.0,0,Actif,0.41872461131523026,0,Va rester,2 - Risque moyen,196,5,924.52,184.9,93,533,0,0.0,En danger,2
14897.0,0,Actif,0.32194134547463593,0,Va rester,3 - Risque faible,105,5,1949.66,389.93,65,533,1,0.2,Fidèles,2
12956.0,1,Churné,0.3842355275019764,0,Va rester,3 - Risque faible,115,4,521.89,130.47,42,533,0,0.0,Fidèles,2
15312.0,0,Actif,0.1563083986882148,0,Va rester,3 - Risque faible,24,10,2613.24,261.32,111,532,2,0.2,Champions,3
18286.0,1,Churné,0.6496337567663624,1,Risque churn,2 - Risque moyen,285,2,1296.43,648.22,67,532,1,0.5,En danger,2
14869.0,0,Actif,0.3865939540409642,0,Va rester,3 - Risque faible,197,4,2078.54,519.64,136,532,2,0.5,En danger,2
16641.0,0,Actif,0.9362248337887991,1,Risque churn,1 - Risque élevé,510,1,323.4,323.4,24,510,0,0.0,Perdus,2
14327.0,0,Actif,0.40921512396957826,0,Va rester,2 - Risque moyen,191,5,1583.28,316.66,89,509,0,0.0,Fidèles,2
13044.0,1,Churné,0.09873983458872425,0,Va rester,3 - Risque faible,100,11,4853.9,441.26,356,509,2,0.1818,Fidèles,3
12875.0,0,Actif,0.48481773314471427,0,Va rester,2 - Risque moyen,171,4,1307.52,326.88,2,506,0,0.0,Fidèles,2
15375.0,1,Churné,0.9387264281628193,1,Risque churn,1 - Risque élevé,499,1,60.96,60.96,6,499,0,0.0,Perdus,2
15198.0,0,Actif,0.5592443255064579,1,Risque churn,2 - Risque moyen,217,3,377.71,125.9,20,498,1,0.3333,Sur le point de Partir,2
14413.0,1,Churné,0.4112017790112987,0,Va rester,2 - Risque moyen,171,4,770.37,192.59,93,498,0,0.0,Fidèles,2
14538.0,0,Actif,0.3323099623604042,0,Va rester,3 - Risque faible,65,4,1089.09,272.27,30,492,0,0.0,Champions,2
13459.0,1,Churné,0.7814282231255679,1,Risque churn,1 - Risque élevé,433,2,1160.41,580.2,57,491,0,0.0,En danger,2
12905.0,1,Churné,0.7400341627928452,1,Risque churn,1 - Risque élevé,385,2,1018.42,509.21,52,491,1,0.5,En danger,2
15798.0,1,Churné,0.6201286780966846,1,Risque churn,2 - Risque moyen,301,3,1535.37,511.79,73,490,0,0.0,En danger,2
16430.0,0,Actif,0.47267754013643115,0,Va rester,2 - Risque moyen,190,6,817.09,136.18,17,490,0,0.0,Fidèles,2
13048.0,0,Actif,0.1987553645119479,0,Va rester,3 - Risque faible,47,7,3188.22,455.46,115,490,3,0.4286,Champions,3
15013.0,1,Churné,0.41679921128483877,0,Va rester,2 - Risque moyen,296,10,1641.3,164.13,177,486,0,0.0,En danger,2
17137.0,1,Churné,0.4174430622832726,0,Va rester,2 - Risque moyen,225,6,1133.63,188.94,125,486,0,0.0,En danger,2
14306.0,0,Actif,0.5024224377820882,1,Risque churn,2 - Risque moyen,187,4,1058.08,264.52,12,486,0,0.0,Fidèles,2
13897.0,0,Actif,0.6336467871625536,1,Risque churn,2 - Risque moyen,247,2,849.56,424.78,42,486,0,0.0,Sur le point de Partir,2
16655.0,0,Actif,0.18358823521161857,0,Va rester,3 - Risque faible,140,8,3566.1,445.76,270,486,1,0.125,Fidèles,3
13478.0,1,Churné,0.520122390623097,1,Risque churn,2 - Risque moyen,278,5,2215.78,443.16,114,486,2,0.4,En danger,2
14821.0,1,Churné,0.39551141209536805,0,Va rester,3 - Risque faible,175,7,1286.45,183.78,65,485,0,0.0,Fidèles,2
17146.0,0,Actif,0.15639836612940697,0,Va rester,3 - Risque faible,72,12,5674.34,472.86,162,484,3,0.25,Champions,3
15279.0,1,Churné,0.3795852428899421,0,Va rester,3 - Risque faible,163,5,1580.54,316.11,74,484,2,0.4,Fidèles,2
17342.0,1,Churné,0.4625542036819719,0,Va rester,2 - Risque moyen,188,4,1227.54,306.89,31,478,3,0.75,Fidèles,2
13497.0,1,Churné,0.3023775353142801,0,Va rester,3 - Risque faible,91,6,1320.33,220.06,52,478,1,0.1667,Champions,2
17319.0,1,Churné,0.9329179512328428,1,Risque churn,1 - Risque élevé,478,1,29.1,29.1,3,478,0,0.0,Perdus,2
14609.0,0,Actif,0.347488603390138,0,Va rester,3 - Risque faible,105,7,1028.64,146.95,6,477,1,0.1429,Fidèles,2
17685.0,0,Actif,0.22131251757880013,0,Va rester,3 - Risque faible,75,10,4264.36,426.44,81,475,2,0.2,Champions,3
17226.0,1,Churné,0.41390954448938827,0,Va rester,2 - Risque moyen,117,3,900.12,300.04,51,474,0,0.0,Besoin d'Attention,2
15278.0,1,Churné,0.7189341397084826,1,Risque churn,1 - Risque élevé,370,4,496.16,124.04,29,474,0,0.0,En danger,2
12976.0,1,Churné,0.1747335773772505,0,Va rester,3 - Risque faible,20,8,3156.38,394.55,106,474,0,0.0,Champions,3
15561.0,0,Actif,0.24993137859256934,0,Va rester,3 - Risque faible,24,5,1399.55,279.91,49,472,0,0.0,Champions,2
13587.0,0,Actif,0.623994312282522,1,Risque churn,2 - Risque moyen,258,3,961.1,320.37,20,472,0,0.0,Sur le point de Partir,2
14970.0,0,Actif,0.22488777081223793,0,Va rester,3 - Risque faible,61,10,4109.54,410.95,56,472,4,0.4,Champions,3
18201.0,1,Churné,0.9410917440779695,1,Risque churn,1 - Risque élevé,531,1,447.53,447.53,27,531,0,0.0,Perdus,2
17612.0,0,Actif,0.11513832001197277,0,Va rester,3 - Risque faible,23,14,4012.16,286.58,157,531,12,0.8571,Champions,3
13203.0,0,Actif,0.2052591658469297,0,Va rester,3 - Risque faible,51,7,1944.5,277.79,115,531,1,0.1429,Champions,3
17400.0,0,Actif,0.10510618822837373,0,Va rester,3 - Risque faible,19,7,3859.61,551.37,278,531,0,0.0,Champions,3
13039.0,1,Churné,0.7374397999568829,1,Risque churn,1 - Risque élevé,393,4,1010.73,252.68,37,531,0,0.0,En danger,2
12826.0,0,Actif,0.29070850956688016,0,Va rester,3 - Risque faible,125,8,2178.13,272.27,82,530,2,0.25,Fidèles,3
17927.0,1,Churné,0.9452676203118964,1,Risque churn,1 - Risque élevé,530,1,294.0,294.0,10,530,0,0.0,Perdus,2
13781.0,1,Churné,0.3319365735025106,0,Va rester,3 - Risque faible,59,3,778.83,259.61,56,530,1,0.3333,Potentiellement Fidèles,2
17888.0,0,Actif,0.10858675492960225,0,Va rester,3 - Risque faible,21,20,1273.17,63.66,107,527,4,0.2,Champions,3
16017.0,0,Actif,0.49615737730977183,0,Va rester,2 - Risque moyen,226,4,1341.95,335.49,81,512,0,0.0,En danger,2
18094.0,0,Actif,0.20265003040884097,0,Va rester,3 - Risque faible,27,9,5151.42,572.38,46,510,2,0.2222,Champions,3
13622.0,1,Churné,0.9205482867004432,1,Risque churn,1 - Risque élevé,505,1,658.95,658.95,32,505,1,1.0,Perdus,2
17962.0,0,Actif,0.6425895254406017,1,Risque churn,2 - Risque moyen,358,3,584.59,194.86,126,504,1,0.3333,En danger,2
13929.0,0,Actif,0.3202553107549909,0,Va rester,3 - Risque faible,135,10,3064.3,306.43,38,503,3,0.3,Fidèles,3
16452.0,1,Churné,0.8206473522170393,1,Risque churn,1 - Risque élevé,439,2,332.17,166.09,14,502,0,0.0,En danger,2
17227.0,0,Actif,0.2542415694822379,0,Va rester,3 - Risque faible,65,8,1448.86,181.11,47,502,0,0.0,Champions,2
16595.0,0,Actif,0.2655092915746295,0,Va rester,3 - Risque faible,185,4,1450.02,362.51,286,500,0,0.0,Fidèles,3
13907.0,1,Churné,0.9388823620466102,1,Risque churn,1 - Risque élevé,500,1,136.8,136.8,4,500,0,0.0,Perdus,2
14595.0,0,Actif,0.43464276321105105,0,Va rester,2 - Risque moyen,122,3,587.65,195.88,30,497,0,0.0,Besoin d'Attention,2
12986.0,1,Churné,0.4396257633668042,0,Va rester,2 - Risque moyen,237,10,2729.84,272.98,61,496,2,0.2,En danger,2
15910.0,0,Actif,0.07374108631796099,0,Va rester,3 - Risque faible,16,11,2000.23,181.84,322,496,0,0.0,Champions,3
13543.0,1,Churné,0.8028867789202173,1,Risque churn,1 - Risque élevé,443,2,1439.61,719.81,37,496,0,0.0,En danger,2
17460.0,0,Actif,0.14820900567076672,0,Va rester,3 - Risque faible,34,15,2068.42,137.89,90,495,4,0.2667,Champions,3
14070.0,1,Churné,0.9266306797003316,1,Risque churn,1 - Risque élevé,493,1,326.55,326.55,40,493,0,0.0,Perdus,2
16390.0,1,Churné,0.7208138440717059,1,Risque churn,1 - Risque élevé,345,3,467.5,155.83,16,488,0,0.0,En danger,2
13553.0,1,Churné,0.9080999761315623,1,Risque churn,1 - Risque élevé,483,1,517.8,517.8,85,483,0,0.0,Perdus,2
13107.0,0,Actif,0.29891105128965656,0,Va rester,3 - Risque faible,142,6,4288.29,714.72,113,482,6,1.0,Fidèles,3
16412.0,0,Actif,0.4706170901922499,0,Va rester,2 - Risque moyen,202,4,495.4,123.85,72,482,0,0.0,En danger,2
13009.0,1,Churné,0.9319859308701322,1,Risque churn,1 - Risque élevé,481,1,234.0,234.0,4,481,0,0.0,Perdus,2
16704.0,1,Churné,0.7952009946207057,1,Risque churn,1 - Risque élevé,427,2,695.66,347.83,50,481,0,0.0,En danger,2
16714.0,1,Churné,0.24242525761690517,0,Va rester,3 - Risque faible,27,4,1529.8,382.45,95,479,3,0.75,Champions,3
17285.0,1,Churné,0.7966264780884192,1,Risque churn,1 - Risque élevé,437,2,428.34,214.17,41,472,0,0.0,En danger,2
15964.0,1,Churné,0.9245006141577271,1,Risque churn,1 - Risque élevé,472,1,272.96,272.96,20,472,0,0.0,Perdus,2
16359.0,0,Actif,0.16841132333118117,0,Va rester,3 - Risque faible,23,12,1963.09,163.59,72,470,3,0.25,Champions,3
12960.0,1,Churné,0.5150938771470148,1,Risque churn,2 - Risque moyen,222,4,1322.07,330.52,49,470,0,0.0,En danger,2
14322.0,1,Churné,0.5698462220194846,1,Risque churn,2 - Risque moyen,238,4,474.1,118.53,10,468,2,0.5,En danger,2
14495.0,0,Actif,0.9203842797888416,1,Risque churn,1 - Risque élevé,468,1,51.0,51.0,1,468,1,1.0,Perdus,2
13020.0,1,Churné,0.7186895737547018,1,Risque churn,1 - Risque élevé,371,2,618.96,309.48,38,468,3,1.5,En danger,2
12993.0,0,Actif,0.22200298645241934,0,Va rester,3 - Risque faible,16,6,1020.17,170.03,54,468,2,0.3333,Champions,2
15306.0,0,Actif,0.5798284257185066,1,Risque churn,2 - Risque moyen,309,6,2310.38,385.06,80,468,1,0.1667,En danger,2
15774.0,0,Actif,0.4835561619377134,0,Va rester,2 - Risque moyen,227,5,1059.14,211.83,69,465,1,0.2,En danger,2
14997.0,0,Actif,0.9239798023733009,1,Risque churn,1 - Risque élevé,464,1,230.4,230.4,12,464,0,0.0,Perdus,2
15058.0,0,Actif,0.16022625185971812,0,Va rester,3 - Risque faible,52,10,2025.8,202.58,157,462,1,0.1,Champions,3
13469.0,1,Churné,0.9261378669435505,1,Risque churn,1 - Risque élevé,462,1,82.4,82.4,6,462,0,0.0,Perdus,2
16471.0,1,Churné,0.32264302327462996,0,Va rester,3 - Risque faible,83,4,1189.98,297.5,48,461,2,0.5,Champions,2
16631.0,1,Churné,0.5656191196288133,1,Risque churn,2 - Risque moyen,290,7,1892.52,270.36,46,460,1,0.1429,En danger,2
14459.0,0,Actif,0.8410048129949469,1,Risque churn,1 - Risque élevé,460,1,3537.82,3537.82,76,460,1,1.0,Perdus,2
15569.0,0,Actif,0.32141457339122664,0,Va rester,3 - Risque faible,141,6,2499.14,416.52,108,458,0,0.0,Fidèles,2
15149.0,0,Actif,0.7333053997654576,1,Risque churn,1 - Risque élevé,385,4,1033.81,258.45,44,458,0,0.0,En danger,2
17760.0,0,Actif,0.44959322946992225,0,Va rester,2 - Risque moyen,182,5,803.88,160.78,44,458,1,0.2,Fidèles,2
15664.0,0,Actif,0.5675442891219326,1,Risque churn,2 - Risque moyen,258,3,867.6,289.2,46,458,3,1.0,Sur le point de Partir,2
16511.0,0,Actif,0.2359704409556541,0,Va rester,3 - Risque faible,75,4,1209.51,302.38,166,457,0,0.0,Champions,2
16521.0,1,Churné,0.40169696608383904,0,Va rester,2 - Risque moyen,224,3,1148.01,382.67,212,457,0,0.0,Sur le point de Partir,2
15603.0,0,Actif,0.9158004766958778,1,Risque churn,1 - Risque élevé,457,1,40.0,40.0,2,457,1,1.0,Perdus,2
13797.0,1,Churné,0.5394582790279848,1,Risque churn,2 - Risque moyen,245,3,1179.45,393.15,71,456,1,0.3333,Sur le point de Partir,2
13126.0,0,Actif,0.18435294512715983,0,Va rester,3 - Risque faible,62,10,2976.03,297.6,123,456,5,0.5,Champions,3
15927.0,1,Churné,0.9216830546718984,1,Risque churn,1 - Risque élevé,456,1,123.39,123.39,13,456,0,0.0,Perdus,2
13593.0,0,Actif,0.14594345546403562,0,Va rester,3 - Risque faible,72,12,4509.56,375.8,190,456,2,0.1667,Champions,3
17020.0,1,Churné,0.7126003741393192,1,Risque churn,1 - Risque élevé,351,2,935.62,467.81,64,455,0,0.0,En danger,2
14157.0,0,Actif,0.32763388804974286,0,Va rester,3 - Risque faible,94,4,847.07,211.77,68,455,1,0.25,Fidèles,2
15875.0,1,Churné,0.9200568396286154,1,Risque churn,1 - Risque élevé,455,1,111.72,111.72,18,455,0,0.0,Perdus,2
18151.0,0,Actif,0.31015172757733667,0,Va rester,3 - Risque faible,98,5,1538.64,307.73,78,454,1,0.2,Fidèles,2
16859.0,0,Actif,0.2807272349859559,0,Va rester,3 - Risque faible,70,6,1444.44,240.74,57,454,0,0.0,Champions,2
17847.0,1,Churné,0.7325488412728692,1,Risque churn,1 - Risque élevé,324,2,129.69,64.85,9,454,0,0.0,En danger,2
16096.0,1,Churné,0.3139029651756294,0,Va rester,3 - Risque faible,73,4,1584.97,396.24,58,454,0,0.0,Champions,2
17718.0,1,Churné,0.4197315049447676,0,Va rester,2 - Risque moyen,41,2,439.18,219.59,22,453,1,0.5,Potentiellement Fidèles,2
13280.0,0,Actif,0.26186329169073636,0,Va rester,3 - Risque faible,125,6,2207.13,367.86,157,453,1,0.1667,Fidèles,3
14233.0,0,Actif,0.23882847716563158,0,Va rester,3 - Risque faible,20,6,2400.65,400.11,30,453,2,0.3333,Champions,2
13201.0,1,Churné,0.6206206785066807,1,Risque churn,2 - Risque moyen,311,4,1240.61,310.15,65,451,0,0.0,En danger,2
15847.0,0,Actif,0.3727817896658487,0,Va rester,3 - Risque faible,97,4,613.98,153.5,28,450,0,0.0,Fidèles,2
17325.0,1,Churné,0.3917105596691835,0,Va rester,3 - Risque faible,89,3,609.57,203.19,39,450,0,0.0,Potentiellement Fidèles,2
17542.0,1,Churné,0.36078058933244406,0,Va rester,3 - Risque faible,78,3,341.7,113.9,57,450,0,0.0,Potentiellement Fidèles,2
14147.0,0,Actif,0.3102966756202565,0,Va rester,3 - Risque faible,94,8,2289.6,286.2,23,449,2,0.25,Fidèles,2
16756.0,1,Churné,0.212563066463164,0,Va rester,3 - Risque faible,23,7,1312.37,187.48,64,449,2,0.2857,Champions,3
13316.0,0,Actif,0.23261145447995948,0,Va rester,3 - Risque faible,63,7,8836.32,1262.33,71,448,2,0.2857,Champions,3
13484.0,1,Churné,0.33073587421888523,0,Va rester,3 - Risque faible,50,3,790.72,263.57,38,448,1,0.3333,Potentiellement Fidèles,2
16611.0,0,Actif,0.4490337852597731,0,Va rester,2 - Risque moyen,212,5,1655.64,331.13,79,448,1,0.2,En danger,2
17588.0,0,Actif,0.2705688591864192,0,Va rester,3 - Risque faible,41,5,2096.55,419.31,30,446,2,0.4,Champions,2
13573.0,0,Actif,0.2926994052981871,0,Va rester,3 - Risque faible,62,5,653.84,130.77,54,446,0,0.0,Champions,2
16586.0,1,Churné,0.3532690846110945,0,Va rester,3 - Risque faible,57,3,1462.78,487.59,27,444,0,0.0,Potentiellement Fidèles,2
15946.0,1,Churné,0.6825094520242581,1,Risque churn,2 - Risque moyen,311,3,2304.18,768.06,25,442,0,0.0,En danger,2
14604.0,1,Churné,0.9138881018229976,1,Risque churn,1 - Risque élevé,442,1,143.86,143.86,20,442,0,0.0,Perdus,2
14496.0,1,Churné,0.3158229207141407,0,Va rester,3 - Risque faible,120,7,2668.23,381.18,64,442,3,0.4286,Fidèles,3
14872.0,1,Churné,0.6317051740378329,1,Risque churn,2 - Risque moyen,292,3,816.6,272.2,34,442,1,0.3333,En danger,2
17568.0,1,Churné,0.8983074298163224,1,Risque churn,1 - Risque élevé,442,1,382.79,382.79,61,442,0,0.0,Perdus,2
16917.0,1,Churné,0.45642240319743316,0,Va rester,2 - Risque moyen,85,2,1857.83,928.92,45,441,1,0.5,Potentiellement Fidèles,2
18187.0,1,Churné,0.8697650348175493,1,Risque churn,1 - Risque élevé,440,1,724.89,724.89,48,440,2,2.0,Perdus,2
16977.0,1,Churné,0.5186277787920548,1,Risque churn,2 - Risque moyen,204,4,496.0,124.0,25,440,0,0.0,En danger,2
16108.0,0,Actif,0.5086384638100289,1,Risque churn,2 - Risque moyen,243,3,1393.42,464.47,79,440,3,1.0,Sur le point de Partir,2
14316.0,1,Churné,0.5358564310570781,1,Risque churn,2 - Risque moyen,231,5,1370.34,274.07,21,439,1,0.2,En danger,2
13896.0,1,Churné,0.9074826080568996,1,Risque churn,1 - Risque élevé,434,1,388.55,388.55,21,434,0,0.0,Perdus,2
15086.0,1,Churné,0.7649362306771604,1,Risque churn,1 - Risque élevé,373,2,218.53,109.27,10,434,0,0.0,En danger,2
14026.0,1,Churné,0.652096710751889,1,Risque churn,2 - Risque moyen,279,2,713.11,356.55,43,434,0,0.0,Sur le point de Partir,2
16741.0,1,Churné,0.9128414652066172,1,Risque churn,1 - Risque élevé,434,1,173.06,173.06,11,434,0,0.0,Perdus,2
14202.0,1,Churné,0.5284352793810424,1,Risque churn,2 - Risque moyen,190,3,847.76,282.59,27,433,0,0.0,Besoin d'Attention,2
13849.0,0,Actif,0.4529101820839125,0,Va rester,2 - Risque moyen,206,3,1931.35,643.78,108,433,1,0.3333,Sur le point de Partir,2
16090.0,1,Churné,0.9099657162290639,1,Risque churn,1 - Risque élevé,433,1,205.91,205.91,18,433,0,0.0,Perdus,2
18215.0,0,Actif,0.5439022210298208,1,Risque churn,2 - Risque moyen,246,4,1948.15,487.04,49,432,1,0.25,En danger,2
14253.0,1,Churné,0.7039448759427762,1,Risque churn,1 - Risque élevé,302,2,363.4,181.7,11,432,0,0.0,En danger,2
17827.0,1,Churné,0.1884769052880969,0,Va rester,3 - Risque faible,51,5,1976.4,395.28,191,430,1,0.2,Champions,3
13684.0,1,Churné,0.3149468729818962,0,Va rester,3 - Risque faible,94,4,596.98,149.25,81,430,2,0.5,Fidèles,2
17046.0,0,Actif,0.5569193986256771,1,Risque churn,2 - Risque moyen,253,4,1264.05,316.01,57,429,0,0.0,En danger,2
15029.0,1,Churné,0.8965208826986028,1,Risque churn,1 - Risque élevé,428,1,365.1,365.1,10,428,1,1.0,Perdus,2
13179.0,1,Churné,0.8978387248639342,1,Risque churn,1 - Risque élevé,427,1,572.31,572.31,34,427,0,0.0,Perdus,2
15125.0,0,Actif,0.13962571497028298,0,Va rester,3 - Risque faible,16,13,12807.11,985.16,127,427,7,0.5385,Champions,3
16654.0,0,Actif,0.2482857156007489,0,Va rester,3 - Risque faible,44,6,1612.05,268.68,60,421,1,0.1667,Champions,2
13071.0,1,Churné,0.9073358642840867,1,Risque churn,1 - Risque élevé,421,1,129.22,129.22,12,421,0,0.0,Perdus,2
15252.0,0,Actif,0.5063232569259719,1,Risque churn,2 - Risque moyen,230,3,1362.63,454.21,73,420,2,0.6667,Sur le point de Partir,2
16941.0,1,Churné,0.9110051086055929,1,Risque churn,1 - Risque élevé,420,1,33.0,33.0,2,420,0,0.0,Perdus,2
12821.0,1,Churné,0.41412160336259574,0,Va rester,2 - Risque moyen,23,2,220.8,110.4,13,420,0,0.0,Potentiellement Fidèles,2
16454.0,0,Actif,0.75909714256116,1,Risque churn,1 - Risque élevé,415,2,24.05,12.03,2,420,4,2.0,En danger,2
13712.0,1,Churné,0.4324182836176618,0,Va rester,2 - Risque moyen,55,2,766.42,383.21,32,419,0,0.0,Potentiellement Fidèles,2
13278.0,0,Actif,0.5109795303080872,1,Risque churn,2 - Risque moyen,208,3,893.12,297.71,48,419,1,0.3333,Sur le point de Partir,2
13197.0,1,Churné,0.9009058763439295,1,Risque churn,1 - Risque élevé,418,1,373.01,373.01,19,418,0,0.0,Perdus,2
16040.0,0,Actif,0.2893328619419841,0,Va rester,3 - Risque faible,77,5,1525.78,305.16,69,418,1,0.2,Champions,2
13080.0,0,Actif,0.5543406860919278,1,Risque churn,2 - Risque moyen,210,3,222.65,74.22,11,418,1,0.3333,Sur le point de Partir,2
16276.0,0,Actif,0.6706972910712439,1,Risque churn,2 - Risque moyen,288,2,1818.79,909.4,16,416,0,0.0,En danger,2
14275.0,1,Churné,0.4993919660571522,0,Va rester,2 - Risque moyen,204,6,1189.38,198.23,14,416,0,0.0,En danger,2
14011.0,1,Churné,0.6596154327722953,1,Risque churn,2 - Risque moyen,289,2,457.82,228.91,32,416,1,0.5,En danger,2
15590.0,1,Churné,0.43509130969519033,0,Va rester,2 - Risque moyen,191,5,1496.6,299.32,75,415,1,0.2,Fidèles,2
14656.0,0,Actif,0.29650949469675725,0,Va rester,3 - Risque faible,92,4,656.71,164.18,112,412,0,0.0,Champions,2
15354.0,1,Churné,0.7634286385162903,1,Risque churn,1 - Risque élevé,412,3,284.4,94.8,1,412,4,1.3333,En danger,2
12969.0,1,Churné,0.9050789728441591,1,Risque churn,1 - Risque élevé,411,1,122.45,122.45,5,411,0,0.0,Perdus,2
17626.0,1,Churné,0.8992946806310655,1,Risque churn,1 - Risque élevé,411,1,254.0,254.0,18,411,0,0.0,Perdus,2
13346.0,1,Churné,0.5982312973383203,1,Risque churn,2 - Risque moyen,271,6,299.4,49.9,4,405,0,0.0,En danger,2
14788.0,0,Actif,0.8900105674522453,1,Risque churn,1 - Risque élevé,405,1,476.88,476.88,28,405,0,0.0,Perdus,2
14677.0,1,Churné,0.8965984932589983,1,Risque churn,1 - Risque élevé,401,1,184.91,184.91,14,401,0,0.0,Perdus,2
14563.0,1,Churné,0.6517521472717531,1,Risque churn,2 - Risque moyen,318,2,679.44,339.72,95,401,0,0.0,En danger,2
16408.0,1,Churné,0.8842783455264714,1,Risque churn,1 - Risque élevé,400,1,231.93,231.93,45,400,0,0.0,Perdus,2
15101.0,1,Churné,0.4124207794907312,0,Va rester,2 - Risque moyen,168,5,1262.69,252.54,48,399,5,1.0,Fidèles,3
16332.0,0,Actif,0.3557669125330585,0,Va rester,3 - Risque faible,114,5,539.51,107.9,49,398,1,0.2,Fidèles,2
16607.0,0,Actif,0.10236143164599809,0,Va rester,3 - Risque faible,16,18,4076.22,226.46,148,398,3,0.1667,Champions,3
17463.0,0,Actif,0.2048533090690466,0,Va rester,3 - Risque faible,42,4,1605.26,401.31,169,398,1,0.25,Champions,3
16651.0,1,Churné,0.8969735621046171,1,Risque churn,1 - Risque élevé,395,1,136.2,136.2,6,395,0,0.0,Perdus,2
17555.0,0,Actif,0.3048983151852602,0,Va rester,3 - Risque faible,143,4,769.93,192.48,174,395,0,0.0,Fidèles,2
18163.0,1,Churné,0.8628282863724858,1,Risque churn,1 - Risque élevé,393,1,728.84,728.84,33,393,1,1.0,Perdus,2
13512.0,1,Churné,0.3355771627678017,0,Va rester,3 - Risque faible,69,4,713.39,178.35,31,392,0,0.0,Champions,2
15381.0,1,Churné,0.26899974561730905,0,Va rester,3 - Risque faible,22,5,1890.57,378.11,20,392,1,0.2,Champions,0
13024.0,1,Churné,0.6448830533730499,1,Risque churn,2 - Risque moyen,279,2,555.87,277.94,26,391,1,0.5,Sur le point de Partir,2
18254.0,1,Churné,0.889227919498892,1,Risque churn,1 - Risque élevé,390,1,267.9,267.9,16,390,0,0.0,Perdus,2
14941.0,1,Churné,0.8920214319060116,1,Risque churn,1 - Risque élevé,387,1,182.1,182.1,7,387,0,0.0,Perdus,2
14014.0,0,Actif,0.5710842957146234,1,Risque churn,2 - Risque moyen,185,2,1443.03,721.51,37,385,0,0.0,Besoin d'Attention,2
17705.0,0,Actif,0.2618010185646161,0,Va rester,3 - Risque faible,24,5,617.68,123.54,37,385,0,0.0,Champions,0
15012.0,0,Actif,0.48546069246415,0,Va rester,2 - Risque moyen,182,2,628.64,314.32,107,385,0,0.0,Besoin d'Attention,2
13998.0,1,Churné,0.6042609366995799,1,Risque churn,2 - Risque moyen,255,3,566.7,188.9,30,385,0,0.0,Sur le point de Partir,2
13300.0,0,Actif,0.5590758894019824,1,Risque churn,2 - Risque moyen,197,2,913.62,456.81,29,383,1,0.5,Sur le point de Partir,2
16922.0,1,Churné,0.831561504060681,1,Risque churn,1 - Risque élevé,381,1,611.08,611.08,122,381,0,0.0,Perdus,2
17413.0,1,Churné,0.605787314427762,1,Risque churn,2 - Risque moyen,213,2,560.14,280.07,10,378,0,0.0,Sur le point de Partir,2
15401.0,1,Churné,0.6532572008971507,1,Risque churn,2 - Risque moyen,261,2,216.95,108.48,14,377,0,0.0,Sur le point de Partir,2
14394.0,1,Churné,0.8861705459274404,1,Risque churn,1 - Risque élevé,373,1,93.8,93.8,6,373,0,0.0,Perdus,2
17205.0,0,Actif,0.6066337537190072,1,Risque churn,2 - Risque moyen,225,2,615.27,307.64,18,373,0,0.0,Sur le point de Partir,2
17862.0,1,Churné,0.3654871631761089,0,Va rester,3 - Risque faible,132,4,1279.09,319.77,90,372,0,0.0,Fidèles,2
15256.0,0,Actif,0.8855928144309969,1,Risque churn,1 - Risque élevé,370,1,71.95,71.95,4,370,0,0.0,Perdus,2
15254.0,0,Actif,0.6941827625441112,1,Risque churn,2 - Risque moyen,355,2,787.99,394.0,46,369,1,0.5,En danger,2
15980.0,0,Actif,0.27221308413505974,0,Va rester,3 - Risque faible,63,5,4955.0,991.0,83,365,2,0.4,Champions,3
14033.0,1,Churné,0.8829448946552249,1,Risque churn,1 - Risque élevé,364,1,109.44,109.44,1,364,0,0.0,Perdus,2
16896.0,1,Churné,0.876355839183354,1,Risque churn,1 - Risque élevé,364,1,103.95,103.95,18,364,0,0.0,Perdus,2
18234.0,1,Churné,0.8679033687884173,1,Risque churn,1 - Risque élevé,360,1,179.6,179.6,30,360,0,0.0,Perdus,2
13337.0,1,Churné,0.7898621626251988,1,Risque churn,1 - Risque élevé,355,1,1575.26,1575.26,87,355,1,1.0,Perdus,2
14224.0,0,Actif,0.16265759845080066,0,Va rester,3 - Risque faible,24,7,1343.1,191.87,167,353,0,0.0,Champions,0
16625.0,1,Churné,0.28525341029710477,0,Va rester,3 - Risque faible,83,5,1654.03,330.81,82,352,1,0.2,Champions,0
18020.0,1,Churné,0.8543500955795986,1,Risque churn,1 - Risque élevé,352,1,190.48,190.48,12,352,1,1.0,Perdus,2
16500.0,0,Actif,0.4276345467451981,0,Va rester,2 - Risque moyen,139,4,608.05,152.01,20,352,1,0.25,Fidèles,0
15625.0,0,Actif,0.2253607304964158,0,Va rester,3 - Risque faible,44,6,2397.47,399.58,101,351,1,0.1667,Champions,0
15247.0,0,Actif,0.6514136883510646,1,Risque churn,2 - Risque moyen,286,2,620.06,310.03,10,346,1,0.5,En danger,2
13707.0,1,Churné,0.24350991003817016,0,Va rester,3 - Risque faible,76,5,3365.86,673.17,142,345,0,0.0,Champions,0
16315.0,1,Churné,0.5087892509349627,1,Risque churn,2 - Risque moyen,139,2,402.71,201.36,21,345,0,0.0,Besoin d'Attention,2
16683.0,1,Churné,0.8424214075583234,1,Risque churn,1 - Risque élevé,342,1,320.25,320.25,18,342,1,1.0,Perdus,2
16961.0,0,Actif,0.5136874970772694,1,Risque churn,2 - Risque moyen,197,2,560.39,280.19,38,341,3,1.5,Sur le point de Partir,2
16529.0,0,Actif,0.592684800870752,1,Risque churn,2 - Risque moyen,286,3,1556.75,518.92,72,339,0,0.0,En danger,2
15264.0,0,Actif,0.8307136289308918,1,Risque churn,1 - Risque élevé,339,1,454.66,454.66,32,339,1,1.0,Perdus,2
17812.0,0,Actif,0.4394495342293576,0,Va rester,2 - Risque moyen,177,4,651.28,162.82,79,339,0,0.0,Fidèles,0
17915.0,1,Churné,0.8682288008831877,1,Risque churn,1 - Risque élevé,360,1,242.13,242.13,27,360,0,0.0,Perdus,2
17987.0,0,Actif,0.3880340875002114,0,Va rester,3 - Risque faible,185,4,805.07,201.27,132,359,1,0.25,Fidèles,2
16048.0,1,Churné,0.48268352748232446,0,Va rester,2 - Risque moyen,182,4,1075.23,268.81,30,358,1,0.25,Fidèles,2
14308.0,1,Churné,0.7141368122513979,1,Risque churn,1 - Risque élevé,358,2,1147.02,573.51,1,358,3,1.5,En danger,2
13023.0,0,Actif,0.8403544535696902,1,Risque churn,1 - Risque élevé,337,1,759.13,759.13,36,337,0,0.0,Perdus,2
13620.0,1,Churné,0.8654463165389034,1,Risque churn,1 - Risque élevé,337,1,112.34,112.34,5,337,0,0.0,Perdus,2
13739.0,0,Actif,0.866256065107802,1,Risque churn,1 - Risque élevé,336,1,75.3,75.3,3,336,0,0.0,Perdus,2
14693.0,1,Churné,0.286372409476141,0,Va rester,3 - Risque faible,73,7,1165.36,166.48,43,334,1,0.1429,Champions,0
15627.0,1,Churné,0.6320749925190785,1,Risque churn,2 - Risque moyen,266,2,566.9,283.45,23,331,0,0.0,Sur le point de Partir,2
12953.0,1,Churné,0.8431402787107576,1,Risque churn,1 - Risque élevé,331,1,498.96,498.96,31,331,0,0.0,Perdus,2
16576.0,1,Churné,0.5446341427119299,1,Risque churn,2 - Risque moyen,229,2,540.87,270.44,32,330,3,1.5,Sur le point de Partir,2
13909.0,1,Churné,0.5934801607033361,1,Risque churn,2 - Risque moyen,232,2,286.6,143.3,35,330,0,0.0,Sur le point de Partir,2
15056.0,1,Churné,0.8596128791199804,1,Risque churn,1 - Risque élevé,329,1,133.45,133.45,6,329,0,0.0,Perdus,2
18279.0,1,Churné,0.8541909194359181,1,Risque churn,1 - Risque élevé,328,1,231.34,231.34,13,328,0,0.0,Perdus,2
16469.0,0,Actif,0.31155110533466407,0,Va rester,3 - Risque faible,55,3,455.36,151.79,73,323,0,0.0,Potentiellement Fidèles,0
17559.0,1,Churné,0.8510199793805014,1,Risque churn,1 - Risque élevé,321,1,167.62,167.62,12,321,0,0.0,Perdus,2
16496.0,1,Churné,0.2137660678935346,0,Va rester,3 - Risque faible,16,5,1916.29,383.26,101,318,0,0.0,Champions,0
14797.0,1,Churné,0.8433751828501939,1,Risque churn,1 - Risque élevé,316,1,300.31,300.31,16,316,0,0.0,Perdus,2
17643.0,1,Churné,0.5398666263004841,1,Risque churn,2 - Risque moyen,182,2,541.25,270.63,30,314,0,0.0,Besoin d'Attention,2
16165.0,1,Churné,0.8529103626921597,1,Risque churn,1 - Risque élevé,314,1,79.9,79.9,1,314,0,0.0,Perdus,2
17177.0,1,Churné,0.8387073988551554,1,Risque churn,1 - Risque élevé,314,1,119.5,119.5,29,314,0,0.0,Perdus,2
13788.0,1,Churné,0.8541697584291529,1,Risque churn,1 - Risque élevé,314,1,3.75,3.75,1,314,0,0.0,Perdus,2
13665.0,1,Churné,0.44581088837566446,0,Va rester,2 - Risque moyen,195,3,1711.66,570.55,97,313,0,0.0,Besoin d'Attention,0
18244.0,1,Churné,0.6044714728384842,1,Risque churn,2 - Risque moyen,239,2,568.64,284.32,19,311,0,0.0,Sur le point de Partir,2
15228.0,0,Actif,0.3056512505549413,0,Va rester,3 - Risque faible,103,3,3098.41,1032.8,119,308,0,0.0,Besoin d'Attention,0
18207.0,1,Churné,0.78263346991115,1,Risque churn,1 - Risque élevé,308,1,544.47,544.47,31,308,2,2.0,Perdus,2
15021.0,0,Actif,0.1362257638782159,0,Va rester,3 - Risque faible,27,6,1554.1,259.02,231,307,4,0.6667,Champions,3
17109.0,0,Actif,0.27681949280791934,0,Va rester,3 - Risque faible,41,4,875.01,218.75,70,306,0,0.0,Champions,0
13617.0,0,Actif,0.5119153892729318,1,Risque churn,2 - Risque moyen,217,5,734.57,146.91,31,304,1,0.2,En danger,0
15200.0,1,Churné,0.8219167004183412,1,Risque churn,1 - Risque élevé,303,1,549.05,549.05,30,303,0,0.0,Perdus,2
18277.0,0,Actif,0.48186676386392846,0,Va rester,2 - Risque moyen,206,4,1069.67,267.42,48,303,3,0.75,En danger,0
15387.0,1,Churné,0.8272690479175485,1,Risque churn,1 - Risque élevé,301,1,468.65,468.65,20,301,0,0.0,Perdus,2
14631.0,0,Actif,0.2634358842766011,0,Va rester,3 - Risque faible,44,5,1648.79,329.76,55,296,1,0.2,Champions,0
17212.0,1,Churné,0.3571727909429592,0,Va rester,3 - Risque faible,62,3,794.41,264.8,29,295,0,0.0,Potentiellement Fidèles,0
13045.0,0,Actif,0.5705256987898516,1,Risque churn,2 - Risque moyen,210,2,503.64,251.82,25,295,0,0.0,Sur le point de Partir,0
14913.0,0,Actif,0.2352048191984917,0,Va rester,3 - Risque faible,82,6,3461.53,576.92,149,294,0,0.0,Champions,0
13945.0,1,Churné,0.5345070499391943,1,Risque churn,2 - Risque moyen,203,2,854.15,427.08,49,288,0,0.0,Sur le point de Partir,0
15855.0,0,Actif,0.2635885454436418,0,Va rester,3 - Risque faible,15,4,682.99,170.75,51,285,0,0.0,Champions,0
17471.0,1,Churné,0.8165967710281294,1,Risque churn,1 - Risque élevé,283,1,321.65,321.65,19,283,0,0.0,Perdus,0
14866.0,0,Actif,0.4502820858099044,0,Va rester,2 - Risque moyen,175,8,6564.0,820.5,13,279,0,0.0,Fidèles,0
14433.0,1,Churné,0.7778714448001188,1,Risque churn,1 - Risque élevé,274,1,289.6,289.6,72,274,0,0.0,en Hibernation,0
16819.0,1,Churné,0.6425921072977042,1,Risque churn,2 - Risque moyen,274,2,182.59,91.3,17,274,0,0.0,Sur le point de Partir,0
16872.0,0,Actif,0.5883697156250765,1,Risque churn,2 - Risque moyen,236,3,533.11,177.7,9,272,0,0.0,Sur le point de Partir,0
14968.0,0,Actif,0.7857650804718062,1,Risque churn,1 - Risque élevé,267,1,357.4,357.4,47,267,0,0.0,en Hibernation,0
13076.0,1,Churné,0.8122039532372026,1,Risque churn,1 - Risque élevé,266,1,135.4,135.4,9,266,0,0.0,en Hibernation,0
18255.0,0,Actif,0.8077896468882341,1,Risque churn,1 - Risque élevé,265,1,199.85,199.85,13,265,0,0.0,en Hibernation,0
17149.0,1,Churné,0.8088354177299298,1,Risque churn,1 - Risque élevé,260,1,143.1,143.1,6,260,0,0.0,en Hibernation,0
18136.0,0,Actif,0.2350173984985327,0,Va rester,3 - Risque faible,20,4,1447.88,361.97,73,260,4,1.0,Champions,0
14231.0,0,Actif,0.2917810408538986,0,Va rester,3 - Risque faible,41,3,927.86,309.29,56,259,1,0.3333,Potentiellement Fidèles,0
16522.0,1,Churné,0.6073955787546071,1,Risque churn,2 - Risque moyen,244,2,433.36,216.68,16,259,0,0.0,Sur le point de Partir,0
16264.0,1,Churné,0.5655758585653161,1,Risque churn,2 - Risque moyen,247,2,837.53,418.77,62,255,0,0.0,Sur le point de Partir,0
13702.0,1,Churné,0.8045822389794731,1,Risque churn,1 - Risque élevé,254,1,135.18,135.18,5,254,0,0.0,en Hibernation,0
17284.0,0,Actif,0.17378104014483695,0,Va rester,3 - Risque faible,44,4,2069.03,517.26,225,254,2,0.5,Champions,3
17567.0,0,Actif,0.2354007512003014,0,Va rester,3 - Risque faible,42,5,2898.52,579.7,99,250,1,0.2,Champions,0
12871.0,0,Actif,0.3715582784266879,0,Va rester,3 - Risque faible,16,2,495.38,247.69,9,248,0,0.0,Potentiellement Fidèles,0
13118.0,0,Actif,0.20176981219828163,0,Va rester,3 - Risque faible,17,7,2017.3,288.19,85,248,2,0.2857,Champions,0
13970.0,1,Churné,0.5550955710049069,1,Risque churn,2 - Risque moyen,195,2,846.55,423.28,10,246,0,0.0,Besoin d'Attention,0
14891.0,0,Actif,0.5693605298168372,1,Risque churn,2 - Risque moyen,225,2,552.35,276.18,29,245,0,0.0,Sur le point de Partir,0
13556.0,1,Churné,0.6018545302908349,1,Risque churn,2 - Risque moyen,238,2,200.82,100.41,8,244,0,0.0,Sur le point de Partir,0
15276.0,0,Actif,0.4477290064569198,0,Va rester,2 - Risque moyen,203,3,514.22,171.41,115,243,1,0.3333,Sur le point de Partir,0
13380.0,1,Churné,0.7962182856493082,1,Risque churn,1 - Risque élevé,241,1,62.4,62.4,3,241,0,0.0,en Hibernation,0
15351.0,0,Actif,0.3864977438696242,0,Va rester,3 - Risque faible,178,4,2052.85,513.21,103,241,3,0.75,Fidèles,0
16312.0,1,Churné,0.7895979628071532,1,Risque churn,1 - Risque élevé,241,1,171.15,171.15,10,241,0,0.0,en Hibernation,0
13367.0,1,Churné,0.7747383966428691,1,Risque churn,1 - Risque élevé,240,1,510.2,510.2,20,240,0,0.0,en Hibernation,0
18017.0,0,Actif,0.47782265366286525,0,Va rester,2 - Risque moyen,119,2,330.0,165.0,1,240,0,0.0,Besoin d'Attention,0
13177.0,0,Actif,0.7846478572147565,1,Risque churn,1 - Risque élevé,239,1,229.75,229.75,13,239,0,0.0,en Hibernation,0
13964.0,1,Churné,0.5311010583027865,1,Risque churn,2 - Risque moyen,196,2,438.9,219.45,22,239,1,0.5,Sur le point de Partir,0
15857.0,0,Actif,0.785546914737353,1,Risque churn,1 - Risque élevé,239,1,273.48,273.48,10,239,0,0.0,en Hibernation,0
17354.0,0,Actif,0.5479331662662988,1,Risque churn,2 - Risque moyen,237,3,1750.4,583.47,73,237,0,0.0,Sur le point de Partir,0
13776.0,1,Churné,0.5069430889759553,1,Risque churn,2 - Risque moyen,237,2,623.98,311.99,1,237,6,3.0,Sur le point de Partir,3
15708.0,0,Actif,0.20497044552869353,0,Va rester,3 - Risque faible,31,7,3082.78,440.4,98,234,3,0.4286,Champions,0
16122.0,0,Actif,0.439681937650351,0,Va rester,2 - Risque moyen,141,4,566.76,141.69,20,234,0,0.0,Fidèles,0
13362.0,0,Actif,0.19107069653894826,0,Va rester,3 - Risque faible,54,5,3884.86,776.97,161,234,2,0.4,Champions,0
16527.0,0,Actif,0.7283853473777661,1,Risque churn,1 - Risque élevé,233,1,1044.38,1044.38,58,233,0,0.0,en Hibernation,0
15834.0,0,Actif,0.19543267504861533,0,Va rester,3 - Risque faible,86,5,2820.61,564.12,245,233,1,0.2,Champions,3
17104.0,1,Churné,0.7687109345726588,1,Risque churn,1 - Risque élevé,232,1,474.03,474.03,19,232,0,0.0,en Hibernation,0
17814.0,1,Churné,0.4211974604615206,0,Va rester,2 - Risque moyen,184,2,1617.32,808.66,112,231,0,0.0,Besoin d'Attention,0
17580.0,1,Churné,0.2795026964919396,0,Va rester,3 - Risque faible,61,5,545.27,109.05,78,231,0,0.0,Champions,0
15242.0,1,Churné,0.7814323054555222,1,Risque churn,1 - Risque élevé,231,1,302.04,302.04,4,231,0,0.0,en Hibernation,0
15304.0,0,Actif,0.28295568003167315,0,Va rester,3 - Risque faible,27,6,606.75,101.13,5,230,1,0.1667,Champions,0
15735.0,1,Churné,0.7702515092624691,1,Risque churn,1 - Risque élevé,230,1,327.68,327.68,19,230,0,0.0,en Hibernation,0
16991.0,1,Churné,0.7133224085195413,1,Risque churn,1 - Risque élevé,230,1,1041.21,1041.21,74,230,0,0.0,en Hibernation,0
17687.0,1,Churné,0.7621620262809299,1,Risque churn,1 - Risque élevé,229,1,432.68,432.68,26,229,0,0.0,en Hibernation,0
15202.0,1,Churné,0.5175835837852177,1,Risque churn,2 - Risque moyen,229,3,6001.49,2000.5,1,229,5,1.6667,Sur le point de Partir,3
17938.0,1,Churné,0.7670286573697259,1,Risque churn,1 - Risque élevé,229,1,144.29,144.29,29,229,0,0.0,en Hibernation,0
17316.0,1,Churné,0.7635072941599578,1,Risque churn,1 - Risque élevé,229,1,124.45,124.45,35,229,0,0.0,en Hibernation,0
14868.0,0,Actif,0.2557912062253718,0,Va rester,3 - Risque faible,42,5,1669.75,333.95,80,229,0,0.0,Champions,0
14712.0,0,Actif,0.7733194399473091,1,Risque churn,1 - Risque élevé,227,1,411.0,411.0,7,227,0,0.0,en Hibernation,0
17967.0,1,Churné,0.4911885119799014,0,Va rester,2 - Risque moyen,180,2,357.29,178.65,59,225,0,0.0,Besoin d'Attention,0
16201.0,0,Actif,0.7703672242440419,1,Risque churn,1 - Risque élevé,224,1,248.65,248.65,13,224,0,0.0,en Hibernation,0
13703.0,1,Churné,0.4428378454390564,0,Va rester,2 - Risque moyen,127,2,425.56,212.78,36,224,1,0.5,Besoin d'Attention,0
14612.0,1,Churné,0.754629841312238,1,Risque churn,1 - Risque élevé,224,1,877.7,877.7,14,224,0,0.0,en Hibernation,0
17924.0,0,Actif,0.4054198038671209,0,Va rester,2 - Risque moyen,110,3,1076.4,358.8,3,223,3,1.0,Besoin d'Attention,0
13746.0,1,Churné,0.772775186631738,1,Risque churn,1 - Risque élevé,222,1,176.69,176.69,9,222,0,0.0,en Hibernation,0
13106.0,0,Actif,0.7605104793182488,1,Risque churn,1 - Risque élevé,222,1,526.96,526.96,15,222,0,0.0,en Hibernation,0
14728.0,1,Churné,0.7691800630827669,1,Risque churn,1 - Risque élevé,222,1,190.58,190.58,14,222,0,0.0,en Hibernation,0
13165.0,0,Actif,0.4949435190877087,0,Va rester,2 - Risque moyen,160,2,784.32,392.16,20,222,0,0.0,Besoin d'Attention,0
17407.0,1,Churné,0.7524522981448952,1,Risque churn,1 - Risque élevé,220,1,552.9,552.9,23,220,0,0.0,en Hibernation,0
16373.0,1,Churné,0.5316650576971895,1,Risque churn,2 - Risque moyen,191,2,309.49,154.74,25,220,0,0.0,Besoin d'Attention,0
13977.0,1,Churné,0.7600874482040361,1,Risque churn,1 - Risque élevé,220,1,519.81,519.81,13,220,0,0.0,en Hibernation,0
18116.0,0,Actif,0.096447638139094,0,Va rester,3 - Risque faible,43,12,1990.74,165.89,304,220,0,0.0,Champions,3
16904.0,0,Actif,0.0936596590139526,0,Va rester,3 - Risque faible,34,11,2666.27,242.39,314,220,0,0.0,Champions,3
14197.0,1,Churné,0.7575060529807728,1,Risque churn,1 - Risque élevé,219,1,390.05,390.05,20,219,0,0.0,en Hibernation,0
16241.0,0,Actif,0.10217825477152737,0,Va rester,3 - Risque faible,21,7,2555.4,365.06,318,219,0,0.0,Champions,3
17070.0,0,Actif,0.7493670538333841,1,Risque churn,1 - Risque élevé,219,1,133.18,133.18,41,219,0,0.0,en Hibernation,0
15773.0,1,Churné,0.7510034354689493,1,Risque churn,1 - Risque élevé,218,1,138.84,138.84,37,218,0,0.0,en Hibernation,0
15536.0,1,Churné,0.7623960537119983,1,Risque churn,1 - Risque élevé,218,1,259.09,259.09,16,218,0,0.0,en Hibernation,0
17334.0,1,Churné,0.41381517978979065,0,Va rester,2 - Risque moyen,111,3,635.15,211.72,20,215,1,0.3333,Besoin d'Attention,0
14848.0,1,Churné,0.7596722970868914,1,Risque churn,1 - Risque élevé,213,1,310.56,310.56,11,213,0,0.0,en Hibernation,0
13215.0,1,Churné,0.7698642768215304,1,Risque churn,1 - Risque élevé,211,1,81.6,81.6,1,211,0,0.0,en Hibernation,0
15336.0,1,Churné,0.755713179789068,1,Risque churn,1 - Risque élevé,210,1,240.5,240.5,15,210,0,0.0,en Hibernation,0
17254.0,0,Actif,0.7421368285070774,1,Risque churn,1 - Risque élevé,210,1,198.29,198.29,36,210,0,0.0,en Hibernation,0
17702.0,0,Actif,0.23051586608834085,0,Va rester,3 - Risque faible,15,3,1759.47,586.49,96,209,2,0.6667,Potentiellement Fidèles,0
13660.0,1,Churné,0.7087489104394055,1,Risque churn,1 - Risque élevé,209,1,314.59,314.59,39,209,1,1.0,en Hibernation,0
13903.0,1,Churné,0.7599550384466316,1,Risque churn,1 - Risque élevé,209,1,165.45,165.45,10,209,0,0.0,en Hibernation,0
14203.0,1,Churné,0.7486047605278389,1,Risque churn,1 - Risque élevé,206,1,339.34,339.34,16,206,0,0.0,en Hibernation,0
13138.0,0,Actif,0.3230155760508595,0,Va rester,3 - Risque faible,49,3,891.7,297.23,31,205,1,0.3333,Potentiellement Fidèles,0
17084.0,0,Actif,0.5663438912838253,1,Risque churn,2 - Risque moyen,205,1,2253.22,2253.22,132,205,1,1.0,en Hibernation,0
17274.0,0,Actif,0.7171689499800554,1,Risque churn,1 - Risque élevé,204,1,465.4,465.4,52,204,0,0.0,en Hibernation,0
17467.0,1,Churné,0.7606569759655343,1,Risque churn,1 - Risque élevé,204,1,102.6,102.6,4,204,0,0.0,en Hibernation,0
16740.0,1,Churné,0.7392756152922272,1,Risque churn,1 - Risque élevé,204,1,236.81,236.81,30,204,0,0.0,en Hibernation,0
15131.0,1,Churné,0.7581906467012848,1,Risque churn,1 - Risque élevé,203,1,80.28,80.28,7,203,0,0.0,en Hibernation,0
15028.0,0,Actif,0.4780649879932309,0,Va rester,2 - Risque moyen,177,3,716.55,238.85,45,203,0,0.0,Besoin d'Attention,0
17815.0,1,Churné,0.7402993044661689,1,Risque churn,1 - Risque élevé,202,1,591.96,591.96,13,202,0,0.0,en Hibernation,0
18054.0,1,Churné,0.751113581200075,1,Risque churn,1 - Risque élevé,201,1,176.5,176.5,11,201,0,0.0,en Hibernation,0
18007.0,1,Churné,0.7249397864983256,1,Risque churn,1 - Risque élevé,201,1,220.32,220.32,46,201,0,0.0,en Hibernation,0
13094.0,0,Actif,0.2502440668079303,0,Va rester,3 - Risque faible,14,8,1446.24,180.78,5,198,2,0.25,Champions,0
13789.0,1,Churné,0.7405722208178367,1,Risque churn,1 - Risque élevé,197,1,239.46,239.46,18,197,0,0.0,en Hibernation,0
13158.0,0,Actif,0.4403388763320861,0,Va rester,2 - Risque moyen,127,2,563.53,281.77,37,197,0,0.0,Besoin d'Attention,0
16386.0,0,Actif,0.37949661786966005,0,Va rester,3 - Risque faible,62,2,846.49,423.25,55,196,0,0.0,Potentiellement Fidèles,0
12847.0,0,Actif,0.713972418627898,1,Risque churn,1 - Risque élevé,196,1,765.36,765.36,34,196,0,0.0,en Hibernation,0
13864.0,1,Churné,0.7398702267542082,1,Risque churn,1 - Risque élevé,195,1,662.4,662.4,1,195,0,0.0,Prometteurs,0
16812.0,1,Churné,0.4026219775379903,0,Va rester,2 - Risque moyen,169,4,2392.0,598.0,98,191,1,0.25,Fidèles,0
13651.0,0,Actif,0.7164264694496799,1,Risque churn,1 - Risque élevé,190,1,132.65,132.65,8,190,1,1.0,Prometteurs,0
17237.0,0,Actif,0.4962512254585095,0,Va rester,2 - Risque moyen,184,2,687.39,343.69,58,190,0,0.0,Besoin d'Attention,0
16357.0,0,Actif,0.3503786224980341,0,Va rester,3 - Risque faible,22,2,347.39,173.7,20,190,0,0.0,Potentiellement Fidèles,0
15509.0,1,Churné,0.7283470127359173,1,Risque churn,1 - Risque élevé,189,1,166.51,166.51,26,189,0,0.0,Prometteurs,0
14443.0,0,Actif,0.3495606848357611,0,Va rester,3 - Risque faible,119,3,1574.67,524.89,72,188,3,1.0,Besoin d'Attention,0
13254.0,1,Churné,0.7430018809750604,1,Risque churn,1 - Risque élevé,185,1,51.41,51.41,4,185,0,0.0,Prometteurs,0
16274.0,1,Churné,0.6759941304192586,1,Risque churn,2 - Risque moyen,182,1,715.9,715.9,64,182,0,0.0,Prometteurs,0
14491.0,0,Actif,0.7336892328469237,1,Risque churn,1 - Risque élevé,181,1,254.4,254.4,4,181,0,0.0,Prometteurs,0
13370.0,1,Churné,0.6402363575710085,1,Risque churn,2 - Risque moyen,180,1,1509.74,1509.74,39,180,1,1.0,Prometteurs,0
18113.0,1,Churné,0.734318613103429,1,Risque churn,1 - Risque élevé,177,1,152.64,152.64,1,177,0,0.0,Prometteurs,0
18269.0,1,Churné,0.6949519198377342,1,Risque churn,2 - Risque moyen,175,1,337.2,337.2,7,175,1,1.0,Prometteurs,0
18032.0,1,Churné,0.6965230213289885,1,Risque churn,2 - Risque moyen,143,1,73.5,73.5,5,143,0,0.0,Prometteurs,0
14587.0,0,Actif,0.17275179642006086,0,Va rester,3 - Risque faible,22,7,1280.33,182.9,156,140,1,0.1429,Champions,0
15687.0,0,Actif,0.3135248407137275,0,Va rester,3 - Risque faible,77,4,1402.45,350.61,58,139,1,0.25,Champions,0
13385.0,1,Churné,0.6529347432660588,1,Risque churn,2 - Risque moyen,138,1,534.57,534.57,35,138,0,0.0,Prometteurs,0
14501.0,0,Actif,0.6803313244077062,1,Risque churn,2 - Risque moyen,128,1,66.93,66.93,4,128,0,0.0,Prometteurs,0
15052.0,1,Churné,0.6570993184193819,1,Risque churn,2 - Risque moyen,128,1,215.78,215.78,27,128,0,0.0,Prometteurs,0
17431.0,1,Churné,0.6322055789681433,1,Risque churn,2 - Risque moyen,122,1,403.3,403.3,41,122,0,0.0,Prometteurs,0
16403.0,1,Churné,0.6330027040976796,1,Risque churn,2 - Risque moyen,121,1,177.5,177.5,10,121,1,1.0,Prometteurs,0
13606.0,0,Actif,0.35205587651732007,0,Va rester,3 - Risque faible,52,2,250.42,125.21,37,120,0,0.0,Potentiellement Fidèles,0
12929.0,1,Churné,0.6661967427878696,1,Risque churn,2 - Risque moyen,120,1,117.85,117.85,8,120,0,0.0,Prometteurs,0
14411.0,1,Churné,0.6314461353069658,1,Risque churn,2 - Risque moyen,119,1,1063.0,1063.0,14,119,0,0.0,Prometteurs,0
13675.0,0,Actif,0.6214606017362256,1,Risque churn,2 - Risque moyen,93,1,308.44,308.44,15,93,0,0.0,Prometteurs,0
16427.0,1,Churné,0.387236058657249,0,Va rester,3 - Risque faible,72,2,241.06,120.53,8,93,0,0.0,Potentiellement Fidèles,0
15656.0,0,Actif,0.3401952133986186,0,Va rester,3 - Risque faible,29,2,306.86,153.43,19,93,0,0.0,Potentiellement Fidèles,0
15676.0,0,Actif,0.5264943482376133,1,Risque churn,2 - Risque moyen,92,1,897.8,897.8,61,92,1,1.0,Prometteurs,0
15319.0,1,Churné,0.6225675196722018,1,Risque churn,2 - Risque moyen,92,1,204.5,204.5,16,92,0,0.0,Prometteurs,0
15087.0,1,Churné,0.6177327569539707,1,Risque churn,2 - Risque moyen,90,1,306.94,306.94,15,90,0,0.0,Prometteurs,0
17856.0,1,Churné,0.32836530819668075,0,Va rester,3 - Risque faible,42,3,1142.63,380.88,6,90,2,0.6667,Potentiellement Fidèles,0
15053.0,0,Actif,0.6168663615471325,1,Risque churn,2 - Risque moyen,90,1,222.65,222.65,19,90,0,0.0,Prometteurs,0
14995.0,0,Actif,0.602984785937945,1,Risque churn,2 - Risque moyen,89,1,119.31,119.31,37,89,0,0.0,Prometteurs,0
14633.0,1,Churné,0.5929843442132374,1,Risque churn,2 - Risque moyen,75,1,344.9,344.9,20,75,0,0.0,Prometteurs,0
14246.0,0,Actif,0.5586135038155047,1,Risque churn,2 - Risque moyen,54,1,449.64,449.64,24,54,0,0.0,Prometteurs,0
12944.0,0,Actif,0.7059883644016274,1,Risque churn,1 - Risque élevé,163,1,286.95,286.95,14,163,0,0.0,Prometteurs,0
17634.0,0,Actif,0.2073947798483142,0,Va rester,3 - Risque faible,21,5,1814.67,362.93,131,146,0,0.0,Champions,0
16425.0,1,Churné,0.6388491286102285,1,Risque churn,2 - Risque moyen,111,1,302.7,302.7,21,111,0,0.0,Prometteurs,0
13475.0,0,Actif,0.2757581928927457,0,Va rester,3 - Risque faible,26,3,1278.48,426.16,62,107,0,0.0,Potentiellement Fidèles,0
16431.0,1,Churné,0.28507770772739743,0,Va rester,3 - Risque faible,22,3,642.81,214.27,51,106,0,0.0,Potentiellement Fidèles,0
14959.0,0,Actif,0.322200881025292,0,Va rester,3 - Risque faible,24,2,422.38,211.19,31,105,0,0.0,Potentiellement Fidèles,0
13744.0,0,Actif,0.5875061265477746,1,Risque churn,2 - Risque moyen,101,1,893.16,893.16,44,101,0,0.0,Prometteurs,0
15146.0,0,Actif,0.5373764053918562,1,Risque churn,2 - Risque moyen,100,1,834.22,834.22,63,100,1,1.0,Prometteurs,0
15397.0,1,Churné,0.642023116692574,1,Risque churn,2 - Risque moyen,98,1,94.0,94.0,6,98,0,0.0,Prometteurs,0
15974.0,0,Actif,0.2630638320998373,0,Va rester,3 - Risque faible,20,3,1573.49,524.5,69,97,1,0.3333,Potentiellement Fidèles,0
17830.0,1,Churné,0.38202046253386945,0,Va rester,3 - Risque faible,70,2,287.65,143.82,15,97,0,0.0,Potentiellement Fidèles,0
15234.0,1,Churné,0.6157373270133689,1,Risque churn,2 - Risque moyen,85,1,197.0,197.0,14,85,0,0.0,Prometteurs,0
13908.0,0,Actif,0.2872327730563582,0,Va rester,3 - Risque faible,23,2,831.11,415.56,49,85,1,0.5,Potentiellement Fidèles,0
16495.0,1,Churné,0.3858380831160775,0,Va rester,3 - Risque faible,85,2,246.51,123.26,32,85,0,0.0,Potentiellement Fidèles,0
16766.0,1,Churné,0.371042105312612,0,Va rester,3 - Risque faible,82,2,1145.6,572.8,17,82,0,0.0,Potentiellement Fidèles,0
13956.0,0,Actif,0.3299427048247094,0,Va rester,3 - Risque faible,52,2,293.67,146.84,49,80,0,0.0,Potentiellement Fidèles,0
15408.0,1,Churné,0.5803124612538443,1,Risque churn,2 - Risque moyen,73,1,267.18,267.18,34,73,0,0.0,Prometteurs,0
13934.0,1,Churné,0.5604990577600839,1,Risque churn,2 - Risque moyen,72,1,922.1,922.1,31,72,0,0.0,Prometteurs,0
15669.0,0,Actif,0.60180040592124,1,Risque churn,2 - Risque moyen,72,1,198.8,198.8,11,72,0,0.0,Prometteurs,0
15457.0,1,Churné,0.5586931118522775,1,Risque churn,2 - Risque moyen,71,1,237.07,237.07,56,71,0,0.0,Prometteurs,0
17698.0,1,Churné,0.6020161819466369,1,Risque churn,2 - Risque moyen,69,1,154.95,154.95,8,69,0,0.0,Prometteurs,0
14267.0,0,Actif,0.3072028015838111,0,Va rester,3 - Risque faible,69,2,836.36,418.18,15,69,4,2.0,Potentiellement Fidèles,0
15178.0,1,Churné,0.6100536930819219,1,Risque churn,2 - Risque moyen,69,1,40.5,40.5,3,69,0,0.0,Prometteurs,0
15045.0,0,Actif,0.5611364456297147,1,Risque churn,2 - Risque moyen,66,1,388.9,388.9,4,66,1,1.0,Prometteurs,0
15832.0,1,Churné,0.5302683182842062,1,Risque churn,2 - Risque moyen,63,1,836.79,836.79,54,63,0,0.0,Prometteurs,0
14719.0,0,Actif,0.5566403236759699,1,Risque churn,2 - Risque moyen,58,1,223.46,223.46,40,58,0,0.0,Prometteurs,0
17054.0,0,Actif,0.2720037537235993,0,Va rester,3 - Risque faible,16,3,918.82,306.27,46,54,0,0.0,Potentiellement Fidèles,0
15214.0,0,Actif,0.542430883781292,1,Risque churn,2 - Risque moyen,51,1,514.93,514.93,35,51,0,0.0,Prometteurs,0
17574.0,1,Churné,0.5777936165573835,1,Risque churn,2 - Risque moyen,51,1,185.65,185.65,8,51,0,0.0,Prometteurs,0
15935.0,1,Churné,0.3397565168614675,0,Va rester,3 - Risque faible,48,2,416.86,208.43,12,50,1,0.5,Potentiellement Fidèles,0
15813.0,1,Churné,0.28851080693872455,0,Va rester,3 - Risque faible,16,2,1303.91,651.96,40,48,0,0.0,Potentiellement Fidèles,0
13120.0,1,Churné,0.5839026433614627,1,Risque churn,2 - Risque moyen,47,1,30.6,30.6,1,47,0,0.0,Prometteurs,0
18213.0,1,Churné,0.5620692965778623,1,Risque churn,2 - Risque moyen,45,1,232.48,232.48,15,45,0,0.0,Prometteurs,0
17697.0,1,Churné,0.5549422363723612,1,Risque churn,2 - Risque moyen,45,1,338.95,338.95,19,45,0,0.0,Prometteurs,0
15508.0,0,Actif,0.29064957437839983,0,Va rester,3 - Risque faible,28,3,629.11,209.7,47,44,0,0.0,Potentiellement Fidèles,0
13389.0,0,Actif,0.5532314034591418,1,Risque churn,2 - Risque moyen,41,1,257.89,257.89,18,41,0,0.0,Prometteurs,0
15952.0,0,Actif,0.548478635004542,1,Risque churn,2 - Risque moyen,34,1,232.65,232.65,14,34,0,0.0,Prometteurs,0
17527.0,0,Actif,0.5098171849694842,1,Risque churn,2 - Risque moyen,27,1,292.11,292.11,7,27,1,1.0,Nouveaux Clients,0
14697.0,1,Churné,0.31625506267218867,0,Va rester,3 - Risque faible,27,2,188.61,94.31,22,27,0,0.0,Potentiellement Fidèles,0
14288.0,1,Churné,0.4903630531764775,0,Va rester,2 - Risque moyen,22,1,426.6,426.6,16,22,1,1.0,Nouveaux Clients,0
14731.0,0,Actif,0.3010643480303991,0,Va rester,3 - Risque faible,14,2,251.02,125.51,23,21,0,0.0,Potentiellement Fidèles,0
17658.0,0,Actif,0.531725965403528,1,Risque churn,2 - Risque moyen,20,1,317.6,317.6,9,20,0,0.0,Nouveaux Clients,0
16076.0,0,Actif,0.5216699907477294,1,Risque churn,2 - Risque moyen,17,1,305.45,305.45,16,17,0,0.0,Nouveaux Clients,0
12957.0,0,Actif,0.0956881596498132,0,Va rester,3 - Risque faible,13,8,5818.2,727.28,272,537,6,0.75,Champions,3
17364.0,0,Actif,0.033292584901014395,0,Va rester,3 - Risque faible,13,22,9691.09,440.5,387,541,3,0.1364,Champions,3
17980.0,0,Actif,0.2827110953526367,0,Va rester,3 - Risque faible,13,3,784.72,261.57,40,202,0,0.0,Potentiellement Fidèles,0
14859.0,0,Actif,0.365482984219231,0,Va rester,3 - Risque faible,13,2,648.76,324.38,17,363,1,0.5,Potentiellement Fidèles,2
14733.0,0,Actif,0.14933413976534504,0,Va rester,3 - Risque faible,13,11,14506.64,1318.79,133,211,1,0.0909,Champions,3
15201.0,0,Actif,0.2483567833442866,0,Va rester,3 - Risque faible,13,4,1208.68,302.17,36,420,3,0.75,Champions,2
13405.0,0,Actif,0.24079210787077146,0,Va rester,3 - Risque faible,13,5,1198.81,239.76,32,533,3,0.6,Champions,2
15271.0,0,Actif,0.08136082734291243,0,Va rester,3 - Risque faible,13,14,2938.08,209.86,274,300,1,0.0714,Champions,3
18177.0,0,Actif,0.20392067411754114,0,Va rester,3 - Risque faible,13,7,1589.1,227.01,57,533,1,0.1429,Champions,2
13178.0,0,Actif,0.08949623168688589,0,Va rester,3 - Risque faible,12,15,11052.92,736.86,179,532,4,0.2667,Champions,3
15601.0,0,Actif,0.04809660842327069,0,Va rester,3 - Risque faible,12,25,12932.15,517.29,246,547,4,0.16,Champions,3
15694.0,0,Actif,0.13655154603084008,0,Va rester,3 - Risque faible,12,17,7008.39,412.26,46,541,5,0.2941,Champions,3
17961.0,0,Actif,0.002411480131478223,0,Va rester,3 - Risque faible,5,81,2573.49,31.77,431,547,2,0.0247,Champions,3
17455.0,1,Churné,0.5281370411735249,1,Risque churn,2 - Risque moyen,12,1,131.7,131.7,8,12,0,0.0,Nouveaux Clients,0
13243.0,1,Churné,0.1727059205496097,0,Va rester,3 - Risque faible,12,5,1278.04,255.61,165,440,0,0.0,Champions,3
13824.0,0,Actif,0.1876116653891117,0,Va rester,3 - Risque faible,12,10,2848.8,284.88,47,446,2,0.2,Champions,3
16187.0,0,Actif,0.2080175994663249,0,Va rester,3 - Risque faible,12,7,2564.64,366.38,89,93,0,0.0,Champions,0
13654.0,0,Actif,0.13052269167241848,0,Va rester,3 - Risque faible,10,8,4773.51,596.69,192,546,0,0.0,Champions,3
15281.0,0,Actif,0.05778145678621015,0,Va rester,3 - Risque faible,6,13,8138.83,626.06,414,236,5,0.3846,Champions,3
13113.0,0,Actif,0.0625348474059901,0,Va rester,3 - Risque faible,1,29,15235.93,525.38,155,430,19,0.6552,Champions,3
13230.0,0,Actif,0.017687106589825495,0,Va rester,3 - Risque faible,10,25,5353.29,214.13,542,440,0,0.0,Champions,3
16556.0,0,Actif,0.0824079723282579,0,Va rester,3 - Risque faible,10,14,6337.61,452.69,227,541,7,0.5,Champions,3
12909.0,0,Actif,0.18473730349647882,0,Va rester,3 - Risque faible,10,6,2452.89,408.82,98,462,3,0.5,Champions,3
13657.0,1,Churné,0.5238706710776314,1,Risque churn,2 - Risque moyen,10,1,152.34,152.34,9,10,0,0.0,Nouveaux Clients,0
14837.0,0,Actif,0.17413280690697625,0,Va rester,3 - Risque faible,10,6,2303.08,383.85,114,493,2,0.3333,Champions,3
14682.0,0,Actif,0.22439213153844634,0,Va rester,3 - Risque faible,10,5,1483.61,296.72,79,481,0,0.0,Champions,2
15563.0,0,Actif,0.16626520887216378,0,Va rester,3 - Risque faible,9,5,2202.18,440.44,151,489,1,0.2,Champions,3
13223.0,1,Churné,0.24822835027762713,0,Va rester,3 - Risque faible,9,6,969.12,161.52,8,474,0,0.0,Champions,2
16422.0,0,Actif,0.007107112289373726,0,Va rester,3 - Risque faible,9,84,46550.43,554.17,108,505,27,0.3214,Champions,1
13831.0,0,Actif,0.11573747215109899,0,Va rester,3 - Risque faible,9,15,5918.58,394.57,119,538,2,0.1333,Champions,3
17723.0,0,Actif,0.3095192496939835,0,Va rester,3 - Risque faible,9,3,848.8,282.93,6,184,0,0.0,Potentiellement Fidèles,0
16729.0,0,Actif,0.17965555046941792,0,Va rester,3 - Risque faible,9,9,2834.13,314.9,114,50,0,0.0,Champions,0
13523.0,0,Actif,0.21802906760010385,0,Va rester,3 - Risque faible,8,4,3505.88,876.47,117,211,0,0.0,Champions,0
18018.0,0,Actif,0.2964858210987498,0,Va rester,3 - Risque faible,8,3,213.3,71.1,16,229,1,0.3333,Potentiellement Fidèles,0
17058.0,0,Actif,0.2907165475194275,0,Va rester,3 - Risque faible,8,2,819.66,409.83,42,48,0,0.0,Potentiellement Fidèles,0
17719.0,0,Actif,0.24293272226337148,0,Va rester,3 - Risque faible,8,4,1665.61,416.4,64,64,0,0.0,Champions,0
13268.0,0,Actif,0.15117541577420618,0,Va rester,3 - Risque faible,7,5,1837.78,367.56,199,76,3,0.6,Champions,0
14287.0,1,Churné,0.3106566829943055,0,Va rester,3 - Risque faible,7,2,83.28,41.64,4,7,0,0.0,Potentiellement Fidèles,0
14810.0,0,Actif,0.16713731376317514,0,Va rester,3 - Risque faible,7,10,1727.84,172.78,100,238,0,0.0,Champions,0
17790.0,0,Actif,0.12361412015789983,0,Va rester,3 - Risque faible,7,15,1715.07,114.34,120,353,0,0.0,Champions,3
16837.0,0,Actif,0.20537461999839463,0,Va rester,3 - Risque faible,6,8,1814.74,226.84,76,54,1,0.125,Champions,0
14210.0,0,Actif,0.10490781103597582,0,Va rester,3 - Risque faible,6,15,5555.33,370.36,141,511,4,0.2667,Champions,3
15005.0,0,Actif,0.011703133044072988,0,Va rester,3 - Risque faible,6,40,10444.43,261.11,488,547,17,0.425,Champions,3
16609.0,0,Actif,0.2329438624812396,0,Va rester,3 - Risque faible,6,3,1987.62,662.54,87,61,0,0.0,Potentiellement Fidèles,0
16525.0,0,Actif,0.04631006191335106,0,Va rester,3 - Risque faible,5,36,18643.48,517.87,105,546,4,0.1111,Champions,3
14735.0,0,Actif,0.033750808956737204,0,Va rester,3 - Risque faible,5,41,8729.88,212.92,158,544,3,0.0732,Champions,3
14338.0,0,Actif,0.34819503998825174,0,Va rester,3 - Risque faible,5,2,919.85,459.92,43,345,0,0.0,Potentiellement Fidèles,2
14227.0,0,Actif,0.09008810630060124,0,Va rester,3 - Risque faible,5,12,5417.27,451.44,237,478,5,0.4167,Champions,3
15867.0,0,Actif,0.0229141387134815,0,Va rester,3 - Risque faible,5,25,7006.36,280.25,452,534,3,0.12,Champions,3
14031.0,0,Actif,0.028305419748236808,0,Va rester,3 - Risque faible,5,36,31616.87,878.25,244,545,10,0.2778,Champions,3
17682.0,0,Actif,0.17819279643595262,0,Va rester,3 - Risque faible,1,8,3089.86,386.23,73,450,0,0.0,Champions,3
16656.0,0,Actif,0.12329459280961826,0,Va rester,3 - Risque faible,1,21,11764.85,560.23,21,544,10,0.4762,Champions,3
16814.0,0,Actif,0.04698776599920492,0,Va rester,3 - Risque faible,1,27,10163.47,376.42,224,416,0,0.0,Champions,3
17975.0,0,Actif,0.09655438577865366,0,Va rester,3 - Risque faible,1,18,5321.14,295.62,154,299,2,0.1111,Champions,3
14819.0,0,Actif,0.2892892573402077,0,Va rester,3 - Risque faible,1,3,282.81,94.27,43,527,0,0.0,Potentiellement Fidèles,2
17725.0,0,Actif,0.23229456743008622,0,Va rester,3 - Risque faible,1,4,1269.63,317.41,53,76,2,0.5,Champions,0
18102.0,0,Actif,0.00016719453993812737,0,Va rester,3 - Risque faible,15,100,413806.46,4138.06,310,547,7,0.07,Champions,1
18087.0,0,Actif,0.24929259978469218,0,Va rester,3 - Risque faible,99,16,13908.72,869.3,43,547,3,0.1875,Fidèles,3
17700.0,0,Actif,0.10056422314105952,0,Va rester,3 - Risque faible,22,12,5270.9,439.24,211,547,3,0.25,Champions,3
16393.0,0,Actif,0.0743632589272447,0,Va rester,3 - Risque faible,24,15,3354.67,223.64,271,547,1,0.0667,Champions,3
12913.0,0,Actif,0.25854822021992363,0,Va rester,3 - Risque faible,91,11,5083.62,462.15,31,547,0,0.0,Champions,2
17056.0,1,Churné,0.9511563787081078,1,Risque churn,1 - Risque élevé,547,1,128.6,128.6,8,547,0,0.0,Perdus,2
15984.0,0,Actif,0.04521718483556096,0,Va rester,3 - Risque faible,42,25,6703.73,268.15,318,547,1,0.04,Champions,3
18037.0,0,Actif,0.18279889362260712,0,Va rester,3 - Risque faible,34,14,158.22,11.3,30,547,0,0.0,Champions,2
16163.0,1,Churné,0.2274842579492979,0,Va rester,3 - Risque faible,41,6,2849.58,474.93,59,546,8,1.3333,Champions,3
14799.0,0,Actif,0.9502373642694816,1,Risque churn,1 - Risque élevé,546,1,180.45,180.45,10,546,0,0.0,Perdus,2
16467.0,1,Churné,0.6437951735557397,1,Risque churn,2 - Risque moyen,317,7,2869.16,409.88,14,546,1,0.1429,En danger,2
14106.0,1,Churné,0.9515815866298452,1,Risque churn,1 - Risque élevé,546,1,214.8,214.8,1,546,0,0.0,Perdus,2
14987.0,0,Actif,0.4383917257989617,0,Va rester,2 - Risque moyen,174,7,1550.65,221.52,4,546,1,0.1429,Fidèles,2
15615.0,0,Actif,0.03654567049574657,0,Va rester,3 - Risque faible,21,34,15713.29,462.16,236,546,6,0.1765,Champions,3
14841.0,0,Actif,0.1634906146551344,0,Va rester,3 - Risque faible,83,11,5649.09,513.55,166,546,0,0.0,Champions,3
16156.0,0,Actif,0.11437834975831666,0,Va rester,3 - Risque faible,15,14,4156.71,296.91,138,546,3,0.2143,Champions,3
15255.0,0,Actif,0.3751881772006426,0,Va rester,3 - Risque faible,205,8,2838.57,354.82,101,545,2,0.25,En danger,2
13800.0,1,Churné,0.3838317844987939,0,Va rester,3 - Risque faible,118,3,1679.56,559.85,73,545,0,0.0,Besoin d'Attention,2
17035.0,1,Churné,0.315059108574468,0,Va rester,3 - Risque faible,54,4,613.59,153.4,29,545,1,0.25,Champions,2
17155.0,0,Actif,0.6630323649713787,1,Risque churn,2 - Risque moyen,336,5,640.76,128.15,31,545,0,0.0,En danger,2
12835.0,1,Churné,0.13553041639057464,0,Va rester,3 - Risque faible,236,41,6043.31,147.4,138,545,8,0.1951,En danger,3
17069.0,0,Actif,0.15324360472607795,0,Va rester,3 - Risque faible,35,9,4157.65,461.96,146,545,5,0.5556,Champions,3
16779.0,0,Actif,0.02339088507274428,0,Va rester,3 - Risque faible,28,41,26419.28,644.37,267,545,5,0.122,Champions,3
17465.0,1,Churné,0.4256317969130594,0,Va rester,2 - Risque moyen,234,7,2542.79,363.26,103,545,2,0.2857,En danger,2
13485.0,1,Churné,0.15584931996677873,0,Va rester,3 - Risque faible,42,11,3019.22,274.47,131,545,4,0.3636,Champions,3
17271.0,1,Churné,0.943041053306282,1,Risque churn,1 - Risque élevé,545,1,210.39,210.39,46,545,0,0.0,Perdus,2
13531.0,1,Churné,0.22755481878479739,0,Va rester,3 - Risque faible,14,6,1738.52,289.75,44,545,0,0.0,Champions,2
15755.0,0,Actif,0.10756693866518513,0,Va rester,3 - Risque faible,44,13,4249.6,326.89,208,544,1,0.0769,Champions,3
13408.0,0,Actif,0.008060271086462643,0,Va rester,3 - Risque faible,16,69,34723.53,503.24,232,544,15,0.2174,Champions,3
18061.0,0,Actif,0.11634282392018595,0,Va rester,3 - Risque faible,15,23,5560.18,241.75,26,544,1,0.0435,Champions,3
17157.0,0,Actif,0.41277764961685937,0,Va rester,2 - Risque moyen,289,17,4832.9,284.29,69,544,0,0.0,En danger,2
16723.0,0,Actif,0.6326776802178069,1,Risque churn,2 - Risque moyen,252,2,712.48,356.24,72,544,0,0.0,Sur le point de Partir,2
17935.0,0,Actif,0.4888952009975637,0,Va rester,2 - Risque moyen,209,5,540.35,108.07,33,544,1,0.2,En danger,2
17151.0,1,Churné,0.950461255366362,1,Risque churn,1 - Risque élevé,544,1,231.9,231.9,4,544,0,0.0,Perdus,2
17421.0,1,Churné,0.5194787835781383,1,Risque churn,2 - Risque moyen,195,3,1059.41,353.14,46,544,0,0.0,Besoin d'Attention,2
17850.0,1,Churné,0.0006755084603239646,0,Va rester,3 - Risque faible,181,155,56600.08,365.16,100,543,4,0.0258,Fidèles,1
17244.0,0,Actif,0.44481295383003105,0,Va rester,2 - Risque moyen,192,4,871.14,217.78,85,542,0,0.0,Fidèles,2
17916.0,1,Churné,0.8265978763932831,1,Risque churn,1 - Risque élevé,437,2,43.87,21.94,15,542,0,0.0,En danger,2
14940.0,1,Churné,0.641881502292343,1,Risque churn,2 - Risque moyen,226,2,531.49,265.75,32,542,0,0.0,Sur le point de Partir,2
15691.0,1,Churné,0.3357187157544677,0,Va rester,3 - Risque faible,61,4,571.3,142.82,12,542,1,0.25,Champions,2
18219.0,0,Actif,0.16372860154863098,0,Va rester,3 - Risque faible,23,12,2405.43,200.45,71,541,1,0.0833,Champions,3
17270.0,1,Churné,0.6801334654891158,1,Risque churn,2 - Risque moyen,278,2,604.4,302.2,45,541,0,0.0,Sur le point de Partir,2
16732.0,0,Actif,0.38606422342475777,0,Va rester,3 - Risque faible,212,3,3783.89,1261.3,177,540,5,1.6667,Sur le point de Partir,3
14494.0,0,Actif,0.6433637356092302,1,Risque churn,2 - Risque moyen,210,2,261.9,130.95,10,540,0,0.0,Sur le point de Partir,2
13410.0,0,Actif,0.3028690586412369,0,Va rester,3 - Risque faible,72,6,1603.54,267.26,21,540,2,0.3333,Champions,2
15298.0,0,Actif,0.13906244647369637,0,Va rester,3 - Risque faible,71,15,5897.91,393.19,152,540,4,0.2667,Champions,3
13557.0,0,Actif,0.19491741473378038,0,Va rester,3 - Risque faible,89,12,2688.88,224.07,116,540,3,0.25,Champions,3
13136.0,0,Actif,0.1407558531470138,0,Va rester,3 - Risque faible,21,9,4241.41,471.27,160,540,7,0.7778,Champions,3
13727.0,0,Actif,0.7311520637391214,1,Risque churn,1 - Risque élevé,420,6,746.57,124.43,55,539,1,0.1667,En danger,2
16755.0,0,Actif,0.16505621784888339,0,Va rester,3 - Risque faible,35,6,2312.22,385.37,175,539,1,0.1667,Champions,3
13770.0,1,Churné,0.5321691196131446,1,Risque churn,2 - Risque moyen,231,4,785.37,196.34,48,539,0,0.0,En danger,2
13426.0,0,Actif,0.12771235370865577,0,Va rester,3 - Risque faible,47,16,5811.08,363.19,124,539,0,0.0,Champions,3
13498.0,1,Churné,0.9461759477011636,1,Risque churn,1 - Risque élevé,539,1,327.38,327.38,17,539,0,0.0,Perdus,2
16663.0,1,Churné,0.9498900885787531,1,Risque churn,1 - Risque élevé,538,1,165.0,165.0,1,538,0,0.0,Perdus,2
16985.0,0,Actif,0.10305454450066738,0,Va rester,3 - Risque faible,20,19,8374.4,440.76,116,538,3,0.1579,Champions,3
15157.0,0,Actif,0.44714592306984585,0,Va rester,2 - Risque moyen,167,3,1803.5,601.17,81,538,1,0.3333,Besoin d'Attention,2
16670.0,0,Actif,0.11938339812812487,0,Va rester,3 - Risque faible,56,14,5882.47,420.18,201,538,9,0.6429,Champions,3
17032.0,1,Churné,0.5196312178125685,1,Risque churn,2 - Risque moyen,356,8,3004.6,375.57,183,538,5,0.625,En danger,3
17696.0,0,Actif,0.12310096702465954,0,Va rester,3 - Risque faible,86,22,5887.72,267.62,160,538,16,0.7273,Champions,3
14030.0,0,Actif,0.033288429349777285,0,Va rester,3 - Risque faible,52,17,7337.22,431.6,522,538,2,0.1176,Champions,3
17165.0,1,Churné,0.27919066863547337,0,Va rester,3 - Risque faible,93,6,1794.32,299.05,77,537,2,0.3333,Fidèles,2
18268.0,0,Actif,0.730252962250905,1,Risque churn,1 - Risque élevé,400,5,1464.73,292.95,36,537,1,0.2,En danger,2
13953.0,0,Actif,0.2255379625281052,0,Va rester,3 - Risque faible,19,8,4875.0,609.38,1,537,0,0.0,Champions,2
14298.0,0,Actif,0.0004331326994371387,0,Va rester,3 - Risque faible,28,64,66475.82,1038.68,1022,537,1,0.0156,Champions,1
15503.0,1,Churné,0.5093955968089537,1,Risque churn,2 - Risque moyen,171,2,267.15,133.58,112,535,0,0.0,Besoin d'Attention,2
17172.0,0,Actif,0.6245817065180332,1,Risque churn,2 - Risque moyen,239,2,638.81,319.41,24,535,2,1.0,Sur le point de Partir,2
17539.0,1,Churné,0.6973747734550405,1,Risque churn,2 - Risque moyen,426,4,1226.57,306.64,132,535,3,0.75,En danger,2
17802.0,0,Actif,0.23306227072648955,0,Va rester,3 - Risque faible,181,8,3868.28,483.54,246,535,5,0.625,Fidèles,3
14751.0,1,Churné,0.8604298475646208,1,Risque churn,1 - Risque élevé,493,2,126.45,63.23,7,535,0,0.0,En danger,2
16409.0,0,Actif,0.09739951754914714,0,Va rester,3 - Risque faible,51,9,4483.72,498.19,312,535,0,0.0,Champions,3
15534.0,1,Churné,0.9476089081262039,1,Risque churn,1 - Risque élevé,534,1,162.25,162.25,8,534,0,0.0,Perdus,2
15920.0,0,Actif,0.5209169344678448,1,Risque churn,2 - Risque moyen,233,5,404.14,80.83,42,534,0,0.0,En danger,2
17623.0,0,Actif,0.4148996763109178,0,Va rester,2 - Risque moyen,218,6,1856.62,309.44,108,534,0,0.0,En danger,2
14042.0,1,Churné,0.9432865984549003,1,Risque churn,1 - Risque élevé,534,1,431.98,431.98,21,534,0,0.0,Perdus,2
16280.0,1,Churné,0.9456043247168818,1,Risque churn,1 - Risque élevé,534,1,238.05,238.05,16,534,0,0.0,Perdus,2
13577.0,0,Actif,0.22437945667091172,0,Va rester,3 - Risque faible,50,8,2158.43,269.8,66,534,2,0.25,Champions,3
17213.0,0,Actif,0.26642707198007826,0,Va rester,3 - Risque faible,125,9,3338.02,370.89,91,533,7,0.7778,Fidèles,3
17233.0,0,Actif,0.6664691517227893,1,Risque churn,2 - Risque moyen,257,2,369.98,184.99,32,533,0,0.0,Sur le point de Partir,2
17797.0,0,Actif,0.3955274810485411,0,Va rester,3 - Risque faible,204,5,1205.44,241.09,131,533,0,0.0,En danger,2
17816.0,0,Actif,0.3438744313652687,0,Va rester,3 - Risque faible,78,4,97.07,24.27,36,533,0,0.0,Champions,2
13711.0,1,Churné,0.1842544499563379,0,Va rester,3 - Risque faible,27,9,1792.26,199.14,80,533,6,0.6667,Champions,3
17646.0,1,Churné,0.13830977433299724,0,Va rester,3 - Risque faible,28,12,4149.79,345.82,124,532,4,0.3333,Champions,3
13952.0,1,Churné,0.08587693841173885,0,Va rester,3 - Risque faible,26,14,12823.52,915.97,238,532,3,0.2143,Champions,3
17873.0,0,Actif,0.15973666249651317,0,Va rester,3 - Risque faible,49,16,5847.7,365.48,62,532,2,0.125,Champions,3
16694.0,1,Churné,0.9484126234004012,1,Risque churn,1 - Risque élevé,532,1,98.3,98.3,3,532,0,0.0,Perdus,2
15586.0,1,Churné,0.7614137147544493,1,Risque churn,1 - Risque élevé,401,3,1139.1,379.7,30,509,1,0.3333,En danger,2
17323.0,0,Actif,0.1773245095591703,0,Va rester,3 - Risque faible,24,7,941.89,134.56,121,507,1,0.1429,Champions,3
13762.0,1,Churné,0.26184343024385043,0,Va rester,3 - Risque faible,27,5,2472.48,494.5,23,507,1,0.2,Champions,2
13709.0,0,Actif,0.31547573956592356,0,Va rester,3 - Risque faible,124,6,1738.4,289.73,90,506,0,0.0,Fidèles,2
17963.0,1,Churné,0.5485906183888244,1,Risque churn,2 - Risque moyen,280,4,651.51,162.88,98,498,0,0.0,En danger,2
12857.0,1,Churné,0.21246982448867147,0,Va rester,3 - Risque faible,19,6,3688.0,614.67,71,492,1,0.1667,Champions,3
17218.0,0,Actif,0.10762923163227947,0,Va rester,3 - Risque faible,23,13,3180.54,244.66,193,492,0,0.0,Champions,3
15259.0,1,Churné,0.6481309010584394,1,Risque churn,2 - Risque moyen,321,4,1182.38,295.6,50,491,0,0.0,En danger,2
15218.0,0,Actif,0.12739388606527255,0,Va rester,3 - Risque faible,26,14,7516.94,536.92,113,491,3,0.2143,Champions,3
17536.0,0,Actif,0.6547632776903355,1,Risque churn,2 - Risque moyen,229,2,288.33,144.16,13,491,0,0.0,Sur le point de Partir,2
17050.0,0,Actif,0.16435973522665237,0,Va rester,3 - Risque faible,59,9,3663.79,407.09,170,491,1,0.1111,Champions,3
15959.0,1,Churné,0.8245540019251226,1,Risque churn,1 - Risque élevé,491,3,579.49,193.16,58,491,0,0.0,En danger,2
14380.0,1,Churné,0.9289472856938015,1,Risque churn,1 - Risque élevé,491,1,48.96,48.96,1,491,1,1.0,Perdus,2
15695.0,1,Churné,0.3237485798302065,0,Va rester,3 - Risque faible,75,4,1131.04,282.76,55,490,0,0.0,Champions,2
13101.0,1,Churné,0.29212201721781184,0,Va rester,3 - Risque faible,43,4,695.4,173.85,48,490,0,0.0,Champions,2
15564.0,1,Churné,0.6963947823097875,1,Risque churn,2 - Risque moyen,272,2,70.74,35.37,4,485,0,0.0,Sur le point de Partir,2
13870.0,0,Actif,0.23970139473675908,0,Va rester,3 - Risque faible,96,8,3485.17,435.65,113,478,1,0.125,Fidèles,3
13417.0,1,Churné,0.24624576463831088,0,Va rester,3 - Risque faible,14,5,1264.66,252.93,42,478,1,0.2,Champions,2
14884.0,1,Churné,0.9309755397659034,1,Risque churn,1 - Risque élevé,478,1,120.6,120.6,8,478,0,0.0,Perdus,2
18070.0,1,Churné,0.9195698873294094,1,Risque churn,1 - Risque élevé,478,1,314.1,314.1,9,478,1,1.0,Perdus,2
15892.0,1,Churné,0.9234113350961684,1,Risque churn,1 - Risque élevé,478,1,128.2,128.2,38,478,0,0.0,Perdus,2
13131.0,0,Actif,0.4841190584728207,0,Va rester,2 - Risque moyen,227,4,2240.47,560.12,94,477,0,0.0,En danger,2
16530.0,1,Churné,0.932422803915328,1,Risque churn,1 - Risque élevé,477,1,48.35,48.35,3,477,0,0.0,Perdus,2
14301.0,0,Actif,0.5457744593652908,1,Risque churn,2 - Risque moyen,225,3,1352.04,450.68,29,475,2,0.6667,Sur le point de Partir,2
13288.0,1,Churné,0.5781825333861249,1,Risque churn,2 - Risque moyen,252,5,927.61,185.52,7,475,1,0.2,En danger,2
15807.0,0,Actif,0.5861193719317132,1,Risque churn,2 - Risque moyen,217,2,913.62,456.81,40,475,1,0.5,Sur le point de Partir,2
13291.0,0,Actif,0.3571199293868359,0,Va rester,3 - Risque faible,223,10,2959.73,295.97,134,475,0,0.0,En danger,2
16895.0,0,Actif,0.5204483871475567,1,Risque churn,2 - Risque moyen,247,4,902.28,225.57,82,474,0,0.0,En danger,2
17547.0,1,Churné,0.5543750548936569,1,Risque churn,2 - Risque moyen,184,2,727.85,363.92,22,474,2,1.0,Besoin d'Attention,2
17258.0,1,Churné,0.5929371268018456,1,Risque churn,2 - Risque moyen,205,2,417.3,208.65,46,474,0,0.0,Sur le point de Partir,2
17029.0,0,Actif,0.27542462019990976,0,Va rester,3 - Risque faible,45,6,1779.3,296.55,19,472,0,0.0,Champions,2
17108.0,1,Churné,0.9281656432344538,1,Risque churn,1 - Risque élevé,472,1,174.95,174.95,9,472,0,0.0,Perdus,2
15272.0,0,Actif,0.42060585235682074,0,Va rester,2 - Risque moyen,259,4,1363.54,340.89,209,472,0,0.0,En danger,2
15498.0,0,Actif,0.019390046818561196,0,Va rester,3 - Risque faible,19,28,18549.99,662.5,484,532,4,0.1429,Champions,3
17662.0,1,Churné,0.8480385867016871,1,Risque churn,1 - Risque élevé,470,2,412.92,206.46,14,531,0,0.0,En danger,2
18097.0,0,Actif,0.18032767610616335,0,Va rester,3 - Risque faible,14,8,3422.08,427.76,77,531,2,0.25,Champions,3
14422.0,0,Actif,0.12472067113074865,0,Va rester,3 - Risque faible,76,14,6409.19,457.8,206,531,2,0.1429,Champions,3
14095.0,1,Churné,0.9491264238884984,1,Risque churn,1 - Risque élevé,531,1,2.95,2.95,1,531,0,0.0,Perdus,2
16908.0,1,Churné,0.9362451420677245,1,Risque churn,1 - Risque élevé,531,1,252.59,252.59,20,531,1,1.0,Perdus,2
16150.0,0,Actif,0.2211641818879927,0,Va rester,3 - Risque faible,79,7,3307.05,472.44,109,531,7,1.0,Champions,3
15497.0,0,Actif,0.310691452938577,0,Va rester,3 - Risque faible,128,8,8365.79,1045.72,65,530,2,0.25,Fidèles,3
15409.0,1,Churné,0.9392490720215655,1,Risque churn,1 - Risque élevé,530,1,131.25,131.25,9,530,1,1.0,Perdus,2
13111.0,1,Churné,0.9438478455444987,1,Risque churn,1 - Risque élevé,527,1,321.88,321.88,12,527,0,0.0,Perdus,2
15064.0,1,Churné,0.4845863357854284,0,Va rester,2 - Risque moyen,219,4,1254.41,313.6,75,526,0,0.0,En danger,2
14146.0,0,Actif,0.13504378735431238,0,Va rester,3 - Risque faible,63,9,7163.03,795.89,248,504,1,0.1111,Champions,3
16414.0,0,Actif,0.3401207144905442,0,Va rester,3 - Risque faible,89,4,484.26,121.06,56,503,0,0.0,Champions,2
15224.0,1,Churné,0.4369243885910189,0,Va rester,2 - Risque moyen,167,5,871.36,174.27,24,502,3,0.6,Fidèles,2
17801.0,1,Churné,0.5722428809430418,1,Risque churn,2 - Risque moyen,260,3,798.33,266.11,66,500,1,0.3333,Sur le point de Partir,2
17875.0,1,Churné,0.9330221901347779,1,Risque churn,1 - Risque élevé,497,1,167.1,167.1,25,497,0,0.0,Perdus,2
14320.0,1,Churné,0.2205135122548923,0,Va rester,3 - Risque faible,15,5,1346.75,269.35,68,496,2,0.4,Champions,2
14209.0,0,Actif,0.13618411775906747,0,Va rester,3 - Risque faible,22,12,4002.99,333.58,125,495,4,0.3333,Champions,3
17071.0,0,Actif,0.21467579699372,0,Va rester,3 - Risque faible,48,7,2164.0,309.14,87,493,4,0.5714,Champions,3
17142.0,1,Churné,0.2750585303288738,0,Va rester,3 - Risque faible,48,4,1283.75,320.94,78,493,0,0.0,Champions,2
16206.0,0,Actif,0.12139188828767411,0,Va rester,3 - Risque faible,17,11,2354.01,214.0,174,493,1,0.0909,Champions,3
17810.0,1,Churné,0.81839059111804,1,Risque churn,1 - Risque élevé,477,2,374.81,187.4,51,492,1,0.5,En danger,2
14613.0,1,Churné,0.9365698087501607,1,Risque churn,1 - Risque élevé,489,1,76.32,76.32,1,489,0,0.0,Perdus,2
16137.0,1,Churné,0.9273334515450024,1,Risque churn,1 - Risque élevé,489,1,422.7,422.7,28,489,0,0.0,Perdus,2
16067.0,1,Churné,0.7003862404581063,1,Risque churn,1 - Risque élevé,371,3,3395.29,1131.76,60,484,3,1.0,En danger,2
15448.0,1,Churné,0.4987863898955427,0,Va rester,2 - Risque moyen,121,2,788.81,394.41,49,483,0,0.0,Besoin d'Attention,2
16583.0,1,Churné,0.6045125891744728,1,Risque churn,2 - Risque moyen,182,2,531.4,265.7,18,482,0,0.0,Besoin d'Attention,2
16986.0,0,Actif,0.47093421320395157,0,Va rester,2 - Risque moyen,254,9,3015.55,335.06,64,482,0,0.0,En danger,2
15584.0,0,Actif,0.552934979631272,1,Risque churn,2 - Risque moyen,208,2,552.39,276.19,93,479,0,0.0,Sur le point de Partir,2
14943.0,1,Churné,0.929731598661152,1,Risque churn,1 - Risque élevé,472,1,107.62,107.62,5,472,0,0.0,Perdus,2
13613.0,1,Churné,0.5581815526735155,1,Risque churn,2 - Risque moyen,261,5,1039.85,207.97,50,469,0,0.0,En danger,2
13431.0,0,Actif,0.44714130166555044,0,Va rester,2 - Risque moyen,215,6,2047.14,341.19,74,468,1,0.1667,En danger,2
16170.0,0,Actif,0.09985110231602023,0,Va rester,3 - Risque faible,43,16,5609.53,350.6,203,468,4,0.25,Champions,3
13579.0,0,Actif,0.43696414084374025,0,Va rester,2 - Risque moyen,178,4,1236.7,309.18,62,468,1,0.25,Fidèles,2
15693.0,1,Churné,0.9299105501208962,1,Risque churn,1 - Risque élevé,468,1,37.5,37.5,1,468,0,0.0,Perdus,2
17721.0,1,Churné,0.9250195300680804,1,Risque churn,1 - Risque élevé,468,1,307.21,307.21,11,468,0,0.0,Perdus,2
13540.0,1,Churné,0.6340853754547093,1,Risque churn,2 - Risque moyen,276,3,632.39,210.8,26,464,0,0.0,Sur le point de Partir,2
16619.0,1,Churné,0.2811887227736444,0,Va rester,3 - Risque faible,72,4,1938.33,484.58,103,464,1,0.25,Champions,2
17439.0,1,Churné,0.924134577046215,1,Risque churn,1 - Risque élevé,464,1,325.74,325.74,8,464,0,0.0,Perdus,2
13217.0,0,Actif,0.9276671591029666,1,Risque churn,1 - Risque élevé,464,1,132.5,132.5,1,464,0,0.0,Perdus,2
17195.0,1,Churné,0.9155451326901245,1,Risque churn,1 - Risque élevé,464,1,562.98,562.98,31,464,0,0.0,Perdus,2
17081.0,0,Actif,0.42708569528891,0,Va rester,2 - Risque moyen,204,4,674.23,168.56,121,464,0,0.0,En danger,2
15754.0,0,Actif,0.23263213924315407,0,Va rester,3 - Risque faible,55,7,2670.84,381.55,96,464,2,0.2857,Champions,3
17259.0,0,Actif,0.3455946265883888,0,Va rester,3 - Risque faible,177,5,1667.61,333.52,159,464,0,0.0,Fidèles,2
13330.0,0,Actif,0.372777291122634,0,Va rester,3 - Risque faible,124,4,2001.07,500.27,58,463,0,0.0,Fidèles,2
13104.0,0,Actif,0.346285548340547,0,Va rester,3 - Risque faible,76,5,824.34,164.87,5,462,0,0.0,Champions,2
13334.0,0,Actif,0.2199133075933348,0,Va rester,3 - Risque faible,114,3,4387.37,1462.46,241,461,1,0.3333,Besoin d'Attention,3
14402.0,1,Churné,0.9233806773150718,1,Risque churn,1 - Risque élevé,461,1,285.6,285.6,8,461,0,0.0,Perdus,2
17207.0,1,Churné,0.9099267150734869,1,Risque churn,1 - Risque élevé,461,1,303.22,303.22,55,461,0,0.0,Perdus,2
15606.0,0,Actif,0.1551827043993835,0,Va rester,3 - Risque faible,31,14,4137.18,295.51,73,456,0,0.0,Champions,3
16099.0,0,Actif,0.2664410387074593,0,Va rester,3 - Risque faible,34,5,1159.6,231.92,36,455,1,0.2,Champions,2
14142.0,1,Churné,0.5323258610992726,1,Risque churn,2 - Risque moyen,182,2,983.15,491.58,42,455,2,1.0,Besoin d'Attention,2
17930.0,0,Actif,0.23669858418557216,0,Va rester,3 - Risque faible,48,9,2925.34,325.04,25,454,2,0.2222,Champions,3
15084.0,1,Churné,0.5791510237459251,1,Risque churn,2 - Risque moyen,188,2,965.2,482.6,31,454,0,0.0,Besoin d'Attention,2
15030.0,0,Actif,0.3024380719540805,0,Va rester,3 - Risque faible,77,7,1614.39,230.63,21,454,1,0.1429,Champions,2
15978.0,0,Actif,0.5767597416136901,1,Risque churn,2 - Risque moyen,241,2,2180.64,1090.32,72,453,2,1.0,Sur le point de Partir,2
16271.0,0,Actif,0.34873361469617864,0,Va rester,3 - Risque faible,167,6,2167.0,361.17,122,451,0,0.0,Fidèles,2
15443.0,0,Actif,0.19042013419094267,0,Va rester,3 - Risque faible,129,8,2376.73,297.09,249,451,1,0.125,Fidèles,3
16466.0,0,Actif,0.13882008882243893,0,Va rester,3 - Risque faible,17,10,2559.2,255.92,149,451,1,0.1,Champions,3
18029.0,1,Churné,0.9152242848317879,1,Risque churn,1 - Risque élevé,451,1,433.77,433.77,18,451,0,0.0,Perdus,2
16984.0,0,Actif,0.13804091593774953,0,Va rester,3 - Risque faible,213,7,6273.45,896.21,476,451,7,1.0,En danger,3
16754.0,1,Churné,0.18398913061073652,0,Va rester,3 - Risque faible,181,29,67502.47,2327.67,38,450,6,0.2069,Fidèles,3
16628.0,0,Actif,0.28206036372369475,0,Va rester,3 - Risque faible,27,4,842.96,210.74,43,450,0,0.0,Champions,2
17488.0,1,Churné,0.9158067284693785,1,Risque churn,1 - Risque élevé,450,1,336.5,336.5,18,450,0,0.0,Perdus,2
16681.0,0,Actif,0.28128304488755873,0,Va rester,3 - Risque faible,14,4,1027.34,256.84,17,450,0,0.0,Champions,2
15921.0,0,Actif,0.5200167652278213,1,Risque churn,2 - Risque moyen,205,3,466.08,155.36,52,449,0,0.0,Sur le point de Partir,2
17338.0,0,Actif,0.035046155000728905,0,Va rester,3 - Risque faible,14,14,9141.89,652.99,478,448,1,0.0714,Champions,3
16387.0,1,Churné,0.3630774747771543,0,Va rester,3 - Risque faible,131,5,918.55,183.71,68,447,0,0.0,Fidèles,2
14645.0,0,Actif,0.45257695812848503,0,Va rester,2 - Risque moyen,84,2,519.9,259.95,26,443,1,0.5,Potentiellement Fidèles,2
18135.0,0,Actif,0.4909479270433802,0,Va rester,2 - Risque moyen,201,5,567.71,113.54,16,443,3,0.6,En danger,2
17478.0,1,Churné,0.5878491351281302,1,Risque churn,2 - Risque moyen,217,2,1272.8,636.4,40,442,0,0.0,Sur le point de Partir,2
16777.0,0,Actif,0.26870442558846336,0,Va rester,3 - Risque faible,66,4,1258.66,314.67,118,441,1,0.25,Champions,2
16254.0,1,Churné,0.489796867056932,0,Va rester,2 - Risque moyen,187,3,985.14,328.38,65,441,0,0.0,Besoin d'Attention,2
13406.0,1,Churné,0.6389323498873468,1,Risque churn,2 - Risque moyen,236,2,568.92,284.46,7,440,1,0.5,Sur le point de Partir,2
14400.0,0,Actif,0.5686760952011173,1,Risque churn,2 - Risque moyen,217,2,1157.77,578.89,47,440,1,0.5,Sur le point de Partir,2
13057.0,1,Churné,0.6938718983038353,1,Risque churn,2 - Risque moyen,339,3,722.09,240.7,34,440,1,0.3333,En danger,2
15496.0,1,Churné,0.9124300052046904,1,Risque churn,1 - Risque élevé,440,1,146.14,146.14,22,440,0,0.0,Perdus,2
16668.0,0,Actif,0.22064329018470966,0,Va rester,3 - Risque faible,23,9,678.28,75.36,27,440,0,0.0,Champions,0
13150.0,1,Churné,0.6620403510920608,1,Risque churn,2 - Risque moyen,293,3,449.97,149.99,7,439,1,0.3333,En danger,2
16508.0,1,Churné,0.9047073708569743,1,Risque churn,1 - Risque élevé,439,1,248.8,248.8,42,439,0,0.0,Perdus,2
17587.0,1,Churné,0.9045525863108063,1,Risque churn,1 - Risque élevé,437,1,181.66,181.66,42,437,0,0.0,Perdus,2
16397.0,1,Churné,0.9151524812154666,1,Risque churn,1 - Risque élevé,437,1,127.88,127.88,9,437,0,0.0,Perdus,2
14175.0,0,Actif,0.2789500155698079,0,Va rester,3 - Risque faible,138,6,4779.16,796.53,136,436,7,1.1667,Fidèles,3
16077.0,1,Churné,0.8746326048479167,1,Risque churn,1 - Risque élevé,434,1,2300.4,2300.4,8,434,1,1.0,Perdus,2
16002.0,1,Churné,0.9033048865861664,1,Risque churn,1 - Risque élevé,434,1,169.21,169.21,42,434,0,0.0,Perdus,2
16943.0,1,Churné,0.25815262896826435,0,Va rester,3 - Risque faible,20,5,1299.49,259.9,24,433,2,0.4,Champions,2
17484.0,1,Churné,0.7731332145319426,1,Risque churn,1 - Risque élevé,385,2,209.57,104.79,14,433,0,0.0,En danger,2
13187.0,1,Churné,0.41528327512380697,0,Va rester,2 - Risque moyen,146,4,367.01,91.75,51,433,1,0.25,Fidèles,2
17582.0,1,Churné,0.24051458909439732,0,Va rester,3 - Risque faible,45,5,1450.7,290.14,92,432,1,0.2,Champions,2
13053.0,1,Churné,0.9098052934396367,1,Risque churn,1 - Risque élevé,430,1,127.65,127.65,17,430,0,0.0,Perdus,2
15141.0,1,Churné,0.5337361033575693,1,Risque churn,2 - Risque moyen,266,7,1388.47,198.35,44,430,2,0.2857,En danger,2
16502.0,1,Churné,0.7913119361277186,1,Risque churn,1 - Risque élevé,429,2,266.5,133.25,41,429,0,0.0,En danger,2
12861.0,1,Churné,0.9134576288627052,1,Risque churn,1 - Risque élevé,428,1,68.25,68.25,4,428,0,0.0,Perdus,2
15715.0,1,Churné,0.7052980724778658,1,Risque churn,1 - Risque élevé,364,5,658.02,131.6,33,428,0,0.0,En danger,2
18025.0,1,Churné,0.4094125415642971,0,Va rester,2 - Risque moyen,188,6,1177.72,196.29,83,428,0,0.0,Fidèles,2
18093.0,0,Actif,0.3369865230651533,0,Va rester,3 - Risque faible,106,6,3463.71,577.29,36,427,1,0.1667,Fidèles,2
17889.0,1,Churné,0.1976704906174743,0,Va rester,3 - Risque faible,21,7,774.87,110.7,97,427,0,0.0,Champions,0
17531.0,0,Actif,0.6358517475516987,1,Risque churn,2 - Risque moyen,336,2,970.12,485.06,43,427,5,2.5,En danger,2
13464.0,0,Actif,0.4353150328354983,0,Va rester,2 - Risque moyen,203,5,2422.96,484.59,95,427,1,0.2,En danger,2
13361.0,1,Churné,0.6570138360395653,1,Risque churn,2 - Risque moyen,281,2,1450.5,725.25,29,426,0,0.0,En danger,2
15689.0,0,Actif,0.5698908642569339,1,Risque churn,2 - Risque moyen,170,2,370.43,185.22,19,426,0,0.0,Besoin d'Attention,2
18241.0,0,Actif,0.23662489402336015,0,Va rester,3 - Risque faible,26,5,1279.73,255.95,66,426,1,0.2,Champions,2
13196.0,0,Actif,0.284427113952995,0,Va rester,3 - Risque faible,71,4,1783.19,445.8,89,426,1,0.25,Champions,2
14200.0,1,Churné,0.9039416100053845,1,Risque churn,1 - Risque élevé,426,1,379.2,379.2,21,426,0,0.0,Perdus,2
17993.0,1,Churné,0.8924848263974275,1,Risque churn,1 - Risque élevé,426,1,235.19,235.19,60,426,0,0.0,Perdus,2
15770.0,1,Churné,0.9032502089915495,1,Risque churn,1 - Risque élevé,421,1,321.45,321.45,18,421,0,0.0,Perdus,2
14035.0,0,Actif,0.2903738746463403,0,Va rester,3 - Risque faible,76,6,2129.28,354.88,47,421,2,0.3333,Champions,2
13640.0,1,Churné,0.9063062212053438,1,Risque churn,1 - Risque élevé,420,1,405.0,405.0,4,420,0,0.0,Perdus,2
17553.0,0,Actif,0.6365149909562454,1,Risque churn,2 - Risque moyen,281,3,2270.0,756.67,2,419,0,0.0,En danger,2
14450.0,0,Actif,0.27561521144328366,0,Va rester,3 - Risque faible,52,6,914.64,152.44,37,419,0,0.0,Champions,2
17805.0,0,Actif,0.9066867858658495,1,Risque churn,1 - Risque élevé,419,1,414.72,414.72,1,419,0,0.0,Perdus,2
13163.0,1,Churné,0.899049849186137,1,Risque churn,1 - Risque élevé,419,1,17.65,17.65,2,419,1,1.0,Perdus,2
13180.0,1,Churné,0.9080606491315599,1,Risque churn,1 - Risque élevé,416,1,86.1,86.1,4,416,0,0.0,Perdus,2
15268.0,1,Churné,0.641967486359555,1,Risque churn,2 - Risque moyen,287,3,961.9,320.63,21,414,1,0.3333,En danger,2
15639.0,0,Actif,0.6069952992663057,1,Risque churn,2 - Risque moyen,260,2,639.76,319.88,40,414,2,1.0,Sur le point de Partir,2
16809.0,0,Actif,0.20050615428818605,0,Va rester,3 - Risque faible,17,6,1155.82,192.64,94,414,1,0.1667,Champions,0
16259.0,1,Churné,0.5184727584843544,1,Risque churn,2 - Risque moyen,219,3,361.94,120.65,75,414,0,0.0,Sur le point de Partir,2
15572.0,0,Actif,0.18922351757460568,0,Va rester,3 - Risque faible,57,6,2391.85,398.64,174,413,0,0.0,Champions,3
14569.0,1,Churné,0.6182246672260798,1,Risque churn,2 - Risque moyen,261,3,371.59,123.86,21,412,0,0.0,Sur le point de Partir,2
18174.0,1,Churné,0.9075091931584006,1,Risque churn,1 - Risque élevé,412,1,58.5,58.5,1,412,0,0.0,Perdus,2
18236.0,0,Actif,0.25393341633929767,0,Va rester,3 - Risque faible,49,7,1036.31,148.04,50,412,0,0.0,Champions,0
17709.0,0,Actif,0.6133752009784381,1,Risque churn,2 - Risque moyen,279,4,533.56,133.39,31,412,0,0.0,En danger,2
13661.0,1,Churné,0.8992600885062777,1,Risque churn,1 - Risque élevé,412,1,325.24,325.24,17,412,0,0.0,Perdus,2
15979.0,1,Churné,0.8970291052009653,1,Risque churn,1 - Risque élevé,411,1,329.22,329.22,22,411,0,0.0,Perdus,2
14395.0,0,Actif,0.08207277696175756,0,Va rester,3 - Risque faible,31,16,6326.24,395.39,254,409,2,0.125,Champions,3
17256.0,0,Actif,0.4155794046928663,0,Va rester,2 - Risque moyen,121,4,386.83,96.71,18,409,0,0.0,Fidèles,2
13115.0,0,Actif,0.3476880857752022,0,Va rester,3 - Risque faible,188,6,3199.92,533.32,136,408,6,1.0,Fidèles,3
16231.0,1,Churné,0.4514052187160133,0,Va rester,2 - Risque moyen,188,4,1078.22,269.56,69,406,0,0.0,Fidèles,2
16743.0,0,Actif,0.17285004271483084,0,Va rester,3 - Risque faible,20,10,3076.92,307.69,85,405,0,0.0,Champions,0
14665.0,0,Actif,0.32021983244039215,0,Va rester,3 - Risque faible,105,5,1645.61,329.12,78,401,1,0.2,Fidèles,2
13307.0,0,Actif,0.6964116581049483,1,Risque churn,2 - Risque moyen,296,2,258.34,129.17,14,401,0,0.0,En danger,2
17991.0,1,Churné,0.32576574149756526,0,Va rester,3 - Risque faible,34,3,320.55,106.85,37,400,0,0.0,Potentiellement Fidèles,2
18273.0,0,Actif,0.4684340379398923,0,Va rester,2 - Risque moyen,66,2,204.0,102.0,1,399,0,0.0,Potentiellement Fidèles,2
14724.0,1,Churné,0.8840933320272572,1,Risque churn,1 - Risque élevé,399,1,345.25,345.25,40,399,0,0.0,Perdus,2
17605.0,1,Churné,0.8962479393758955,1,Risque churn,1 - Risque élevé,399,1,160.75,160.75,13,399,0,0.0,Perdus,2
17886.0,0,Actif,0.21726182360899193,0,Va rester,3 - Risque faible,19,5,1105.03,221.01,91,398,1,0.2,Champions,0
17021.0,1,Churné,0.5409191938547236,1,Risque churn,2 - Risque moyen,251,6,1182.22,197.04,35,398,0,0.0,En danger,2
16374.0,0,Actif,0.19680812366888348,0,Va rester,3 - Risque faible,71,4,1454.72,363.68,227,397,0,0.0,Champions,3
15418.0,1,Churné,0.5820536927957437,1,Risque churn,2 - Risque moyen,234,2,452.32,226.16,64,395,0,0.0,Sur le point de Partir,2
17565.0,1,Churné,0.8885194268976507,1,Risque churn,1 - Risque élevé,395,1,131.83,131.83,30,395,0,0.0,Perdus,2
15868.0,1,Churné,0.8966874183543296,1,Risque churn,1 - Risque élevé,392,1,94.53,94.53,4,392,0,0.0,Perdus,2
17225.0,1,Churné,0.8948927081485053,1,Risque churn,1 - Risque élevé,390,1,131.15,131.15,5,390,0,0.0,Perdus,2
17798.0,1,Churné,0.8801732863870451,1,Risque churn,1 - Risque élevé,390,1,183.09,183.09,43,390,0,0.0,Perdus,2
14361.0,1,Churné,0.8890733228667156,1,Risque churn,1 - Risque élevé,387,1,214.71,214.71,14,387,0,0.0,Perdus,2
17169.0,0,Actif,0.8704982930979891,1,Risque churn,1 - Risque élevé,387,1,320.95,320.95,21,387,1,1.0,Perdus,2
18281.0,0,Actif,0.8912214111491614,1,Risque churn,1 - Risque élevé,386,1,120.32,120.32,10,386,0,0.0,Perdus,2
15034.0,0,Actif,0.08728283379737156,0,Va rester,3 - Risque faible,41,11,6669.62,606.33,308,386,1,0.0909,Champions,3
16898.0,0,Actif,0.4150945737835667,0,Va rester,2 - Risque moyen,177,3,623.64,207.88,110,385,1,0.3333,Besoin d'Attention,2
16588.0,1,Churné,0.4706918286890338,0,Va rester,2 - Risque moyen,195,4,1361.28,340.32,64,383,0,0.0,Fidèles,2
16932.0,0,Actif,0.5672204319415118,1,Risque churn,2 - Risque moyen,232,2,278.77,139.39,77,380,0,0.0,Sur le point de Partir,2
17928.0,0,Actif,0.4312977689461138,0,Va rester,2 - Risque moyen,55,2,206.96,103.48,21,380,0,0.0,Potentiellement Fidèles,2
14304.0,1,Churné,0.2698901074944968,0,Va rester,3 - Risque faible,31,3,1725.01,575.0,69,379,2,0.6667,Potentiellement Fidèles,2
16884.0,0,Actif,0.7281053398871786,1,Risque churn,1 - Risque élevé,365,2,644.08,322.04,39,379,0,0.0,En danger,2
14744.0,0,Actif,0.27133252500774835,0,Va rester,3 - Risque faible,106,12,3713.13,309.43,53,379,3,0.25,Fidèles,3
16835.0,0,Actif,0.42640618458782514,0,Va rester,2 - Risque moyen,182,5,1439.31,287.86,54,378,4,0.8,Fidèles,2
17490.0,0,Actif,0.5600657242330193,1,Risque churn,2 - Risque moyen,197,2,658.18,329.09,37,378,0,0.0,Sur le point de Partir,2
14220.0,1,Churné,0.321455960707878,0,Va rester,3 - Risque faible,56,4,1515.0,378.75,26,378,0,0.0,Champions,0
15025.0,0,Actif,0.8528722976893164,1,Risque churn,1 - Risque élevé,377,1,636.08,636.08,72,377,0,0.0,Perdus,2
14850.0,1,Churné,0.27746921678860526,0,Va rester,3 - Risque faible,120,7,1794.01,256.29,129,377,2,0.2857,Fidèles,3
14409.0,0,Actif,0.35168028116358935,0,Va rester,3 - Risque faible,127,6,2362.74,393.79,52,376,1,0.1667,Fidèles,0
17074.0,1,Churné,0.8843707521749691,1,Risque churn,1 - Risque élevé,371,1,203.05,203.05,4,371,0,0.0,Perdus,2
16458.0,0,Actif,0.13642478979658154,0,Va rester,3 - Risque faible,26,18,3372.0,187.33,74,371,0,0.0,Champions,3
14069.0,1,Churné,0.6897694054661131,1,Risque churn,2 - Risque moyen,323,2,230.06,115.03,37,370,0,0.0,En danger,2
16691.0,1,Churné,0.6230259900792636,1,Risque churn,2 - Risque moyen,227,2,178.83,89.42,11,370,0,0.0,Sur le point de Partir,2
17583.0,1,Churné,0.8830436628633904,1,Risque churn,1 - Risque élevé,369,1,135.95,135.95,7,369,0,0.0,Perdus,2
17617.0,1,Churné,0.8581343300183067,1,Risque churn,1 - Risque élevé,367,1,395.33,395.33,18,367,1,1.0,Perdus,2
15246.0,1,Churné,0.32494752484690703,0,Va rester,3 - Risque faible,47,3,780.4,260.13,45,364,0,0.0,Potentiellement Fidèles,2
15305.0,1,Churné,0.881623491298463,1,Risque churn,1 - Risque élevé,364,1,93.6,93.6,5,364,0,0.0,Perdus,2
17235.0,0,Actif,0.4328031990156401,0,Va rester,2 - Risque moyen,181,7,1696.72,242.39,41,362,0,0.0,Fidèles,0
14766.0,0,Actif,0.13124692843617486,0,Va rester,3 - Risque faible,22,8,5248.97,656.12,203,360,3,0.375,Champions,3
14515.0,0,Actif,0.22080123048680936,0,Va rester,3 - Risque faible,27,7,2072.57,296.08,67,359,3,0.4286,Champions,3
17204.0,0,Actif,0.22018605579696357,0,Va rester,3 - Risque faible,50,7,5190.29,741.47,107,356,5,0.7143,Champions,3
17996.0,1,Churné,0.48334683143148227,0,Va rester,2 - Risque moyen,188,3,482.33,160.78,63,355,0,0.0,Besoin d'Attention,2
16021.0,1,Churné,0.497331211679457,0,Va rester,2 - Risque moyen,204,2,532.25,266.12,117,353,0,0.0,Sur le point de Partir,2
17923.0,1,Churné,0.4160945623600883,0,Va rester,2 - Risque moyen,91,3,497.0,165.67,2,353,0,0.0,Potentiellement Fidèles,2
14581.0,0,Actif,0.8559096251203485,1,Risque churn,1 - Risque élevé,353,1,295.2,295.2,43,353,0,0.0,Perdus,2
15901.0,0,Actif,0.5634157642834422,1,Risque churn,2 - Risque moyen,260,4,339.34,84.84,49,352,2,0.5,En danger,2
17952.0,1,Churné,0.44121834428612255,0,Va rester,2 - Risque moyen,187,4,819.61,204.9,85,350,0,0.0,Fidèles,0
13567.0,1,Churné,0.41550788139902817,0,Va rester,2 - Risque moyen,237,4,1083.69,270.92,180,350,1,0.25,En danger,2
13586.0,1,Churné,0.8667554176969153,1,Risque churn,1 - Risque élevé,350,1,131.53,131.53,20,350,0,0.0,Perdus,2
14075.0,0,Actif,0.3267435919710881,0,Va rester,3 - Risque faible,70,4,1100.53,275.13,48,350,0,0.0,Champions,0
17953.0,1,Churné,0.8656877727063941,1,Risque churn,1 - Risque élevé,349,1,160.82,160.82,20,349,0,0.0,Perdus,2
16739.0,0,Actif,0.838552289320918,1,Risque churn,1 - Risque élevé,345,1,463.43,463.43,25,345,1,1.0,Perdus,2
17192.0,1,Churné,0.8644770118000837,1,Risque churn,1 - Risque élevé,345,1,77.83,77.83,20,345,0,0.0,Perdus,2
14793.0,0,Actif,0.8565477901900485,1,Risque churn,1 - Risque élevé,344,1,396.91,396.91,25,344,0,0.0,Perdus,2
17422.0,0,Actif,0.19228478077021036,0,Va rester,3 - Risque faible,29,7,2243.46,320.49,95,343,7,1.0,Champions,3
14199.0,1,Churné,0.29482131483985646,0,Va rester,3 - Risque faible,27,4,1091.7,272.92,15,339,2,0.5,Champions,0
17326.0,1,Churné,0.5346584640203681,1,Risque churn,2 - Risque moyen,217,2,321.95,160.97,82,338,0,0.0,Sur le point de Partir,2
18112.0,0,Actif,0.5967199508527139,1,Risque churn,2 - Risque moyen,227,2,423.27,211.64,34,360,0,0.0,Sur le point de Partir,2
15976.0,0,Actif,0.14534017832797913,0,Va rester,3 - Risque faible,29,5,1525.69,305.14,240,360,0,0.0,Champions,3
14616.0,1,Churné,0.32325576247850696,0,Va rester,3 - Risque faible,51,5,527.78,105.56,3,357,0,0.0,Champions,0
14260.0,1,Churné,0.6189199543321047,1,Risque churn,2 - Risque moyen,280,3,824.28,274.76,50,357,0,0.0,En danger,2
17282.0,0,Actif,0.29747450054533214,0,Va rester,3 - Risque faible,108,3,1378.1,459.37,167,357,0,0.0,Besoin d'Attention,2
14230.0,1,Churné,0.5924050267418953,1,Risque churn,2 - Risque moyen,244,3,979.8,326.6,27,357,0,0.0,Sur le point de Partir,2
17971.0,1,Churné,0.8701415053677627,1,Risque churn,1 - Risque élevé,357,1,161.94,161.94,21,357,0,0.0,Perdus,2
13299.0,1,Churné,0.3397084217976753,0,Va rester,3 - Risque faible,77,3,1218.7,406.23,56,337,2,0.6667,Potentiellement Fidèles,2
17666.0,0,Actif,0.6454895921805779,1,Risque churn,2 - Risque moyen,286,3,1319.64,439.88,17,336,0,0.0,En danger,2
15486.0,1,Churné,0.8667046089068636,1,Risque churn,1 - Risque élevé,336,1,102.0,102.0,1,336,0,0.0,Perdus,2
17748.0,1,Churné,0.8555693128180163,1,Risque churn,1 - Risque élevé,336,1,358.15,358.15,17,336,0,0.0,Perdus,2
17187.0,1,Churné,0.3951215849025168,0,Va rester,3 - Risque faible,35,2,467.71,233.86,21,335,0,0.0,Potentiellement Fidèles,2
13677.0,1,Churné,0.5085136068486867,1,Risque churn,2 - Risque moyen,213,2,556.19,278.09,98,329,0,0.0,Sur le point de Partir,2
12841.0,0,Actif,0.061682470542584925,0,Va rester,3 - Risque faible,31,27,5479.59,202.95,221,328,1,0.037,Champions,3
14007.0,1,Churné,0.8557236570044734,1,Risque churn,1 - Risque élevé,321,1,79.48,79.48,5,321,0,0.0,Perdus,2
18021.0,1,Churné,0.6781012190950809,1,Risque churn,2 - Risque moyen,318,2,227.06,113.53,32,321,0,0.0,En danger,0
15452.0,0,Actif,0.25822478123144704,0,Va rester,3 - Risque faible,73,4,1507.63,376.91,148,320,0,0.0,Champions,0
16861.0,0,Actif,0.5099081786300393,1,Risque churn,2 - Risque moyen,199,3,772.83,257.61,38,317,1,0.3333,Sur le point de Partir,0
15788.0,1,Churné,0.8278888855694734,1,Risque churn,1 - Risque élevé,317,1,221.83,221.83,14,317,1,1.0,Perdus,2
16129.0,1,Churné,0.4780328380621888,0,Va rester,2 - Risque moyen,216,3,1396.05,465.35,91,316,0,0.0,Sur le point de Partir,0
18074.0,1,Churné,0.5299325580153809,1,Risque churn,2 - Risque moyen,182,2,1509.04,754.52,37,314,0,0.0,Besoin d'Attention,2
17918.0,1,Churné,0.6570811122892303,1,Risque churn,2 - Risque moyen,309,3,396.39,132.13,34,314,0,0.0,En danger,0
17112.0,1,Churné,0.8271729715176097,1,Risque churn,1 - Risque élevé,311,1,205.17,205.17,44,311,0,0.0,Perdus,2
16219.0,1,Churné,0.8501902173754244,1,Risque churn,1 - Risque élevé,309,1,40.8,40.8,1,309,0,0.0,Perdus,2
15873.0,1,Churné,0.6688345113887101,1,Risque churn,2 - Risque moyen,308,4,313.92,78.48,3,309,1,0.25,En danger,0
13384.0,0,Actif,0.4530628565527355,0,Va rester,2 - Risque moyen,199,4,2528.9,632.23,81,309,2,0.5,En danger,0
14463.0,0,Actif,0.38685137714618867,0,Va rester,3 - Risque faible,14,2,372.87,186.44,4,308,0,0.0,Potentiellement Fidèles,2
16278.0,0,Actif,0.6161231817640233,1,Risque churn,2 - Risque moyen,289,2,551.46,275.73,30,308,2,1.0,En danger,0
17168.0,1,Churné,0.8325454024336247,1,Risque churn,1 - Risque élevé,307,1,400.2,400.2,21,307,0,0.0,Perdus,2
17735.0,0,Actif,0.07620329652760592,0,Va rester,3 - Risque faible,27,15,9153.92,610.26,285,306,3,0.2,Champions,3
14219.0,1,Churné,0.5778836296175414,1,Risque churn,2 - Risque moyen,218,2,543.89,271.95,32,302,0,0.0,Sur le point de Partir,0
16334.0,1,Churné,0.8124069520509746,1,Risque churn,1 - Risque élevé,301,1,277.48,277.48,54,301,0,0.0,Perdus,2
16196.0,1,Churné,0.8394275215367152,1,Risque churn,1 - Risque élevé,297,1,93.3,93.3,4,297,0,0.0,Perdus,2
14996.0,1,Churné,0.651948890404083,1,Risque churn,2 - Risque moyen,290,2,442.29,221.15,37,290,0,0.0,En danger,0
13063.0,1,Churné,0.8276480562527019,1,Risque churn,1 - Risque élevé,289,1,188.4,188.4,12,289,0,0.0,Perdus,0
14379.0,0,Actif,0.36877027871494794,0,Va rester,3 - Risque faible,104,3,1031.79,343.93,75,289,0,0.0,Besoin d'Attention,0
17627.0,1,Churné,0.8046396999108383,1,Risque churn,1 - Risque élevé,287,1,296.36,296.36,10,287,1,1.0,Perdus,2
16675.0,1,Churné,0.6061221769952206,1,Risque churn,2 - Risque moyen,250,2,608.86,304.43,21,287,0,0.0,Sur le point de Partir,0
16562.0,1,Churné,0.8117622537942901,1,Risque churn,1 - Risque élevé,285,1,223.86,223.86,34,285,0,0.0,Perdus,0
16235.0,0,Actif,0.3264486408367905,0,Va rester,3 - Risque faible,104,6,1530.86,255.14,62,279,2,0.3333,Fidèles,0
14482.0,0,Actif,0.2255226160137746,0,Va rester,3 - Risque faible,48,7,2527.86,361.12,99,279,2,0.2857,Champions,0
15936.0,1,Churné,0.5507261684314928,1,Risque churn,2 - Risque moyen,188,2,282.79,141.4,16,276,0,0.0,Besoin d'Attention,0
13714.0,1,Churné,0.8062569065169876,1,Risque churn,1 - Risque élevé,274,1,161.35,161.35,30,274,0,0.0,Sur le point de Partir,0
13785.0,1,Churné,0.5656825419883498,1,Risque churn,2 - Risque moyen,237,4,542.49,135.62,26,269,0,0.0,En danger,0
13683.0,1,Churné,0.8091337344779604,1,Risque churn,1 - Risque élevé,266,1,258.6,258.6,10,266,0,0.0,Sur le point de Partir,0
15752.0,0,Actif,0.15234351630859622,0,Va rester,3 - Risque faible,58,5,2615.34,523.07,266,266,0,0.0,Champions,3
14445.0,1,Churné,0.7952879221442175,1,Risque churn,1 - Risque élevé,264,1,221.65,221.65,32,264,0,0.0,Sur le point de Partir,0
14635.0,1,Churné,0.8038059543479609,1,Risque churn,1 - Risque élevé,262,1,215.22,215.22,15,262,0,0.0,Sur le point de Partir,0
15006.0,0,Actif,0.7820133081628061,1,Risque churn,1 - Risque élevé,262,1,323.05,323.05,47,262,0,0.0,Sur le point de Partir,0
13784.0,0,Actif,0.25894209358080905,0,Va rester,3 - Risque faible,27,8,1219.91,152.49,10,259,1,0.125,Champions,0
16005.0,0,Actif,0.1827807068553562,0,Va rester,3 - Risque faible,79,7,1998.42,285.49,212,259,1,0.1429,Champions,0
15685.0,1,Churné,0.8034339600291823,1,Risque churn,1 - Risque élevé,259,1,55.98,55.98,17,259,0,0.0,Sur le point de Partir,0
16589.0,0,Actif,0.8049106048753047,1,Risque churn,1 - Risque élevé,259,1,153.12,153.12,11,259,0,0.0,Sur le point de Partir,0
17743.0,1,Churné,0.784184216265978,1,Risque churn,1 - Risque élevé,257,1,229.2,229.2,3,257,1,1.0,Sur le point de Partir,0
18089.0,1,Churné,0.7968795094899891,1,Risque churn,1 - Risque élevé,255,1,428.45,428.45,9,255,0,0.0,Sur le point de Partir,0
15870.0,0,Actif,0.49966038890051484,0,Va rester,2 - Risque moyen,205,3,508.52,169.51,61,255,0,0.0,Sur le point de Partir,0
17055.0,1,Churné,0.7910037527219289,1,Risque churn,1 - Risque élevé,254,1,239.55,239.55,24,254,0,0.0,Sur le point de Partir,0
15041.0,0,Actif,0.7860957453623919,1,Risque churn,1 - Risque élevé,253,1,113.67,113.67,35,253,0,0.0,Sur le point de Partir,0
16546.0,1,Churné,0.3323912415387716,0,Va rester,3 - Risque faible,99,5,5606.47,1121.29,75,251,2,0.4,Fidèles,0
16692.0,1,Churné,0.3744760374818378,0,Va rester,3 - Risque faible,65,4,1914.7,478.67,3,250,0,0.0,Champions,0
16140.0,0,Actif,0.5251252204464586,1,Risque churn,2 - Risque moyen,180,2,956.56,478.28,33,250,0,0.0,Besoin d'Attention,0
17062.0,1,Churné,0.33143871440154116,0,Va rester,3 - Risque faible,122,6,1208.22,201.37,82,248,1,0.1667,Fidèles,0
16211.0,0,Actif,0.5866959617656738,1,Risque churn,2 - Risque moyen,230,2,543.57,271.78,12,247,0,0.0,Sur le point de Partir,0
16362.0,0,Actif,0.7679378889285762,1,Risque churn,1 - Risque élevé,246,1,212.17,212.17,13,246,1,1.0,Sur le point de Partir,0
16269.0,1,Churné,0.727436032007437,1,Risque churn,1 - Risque élevé,246,1,717.57,717.57,53,246,1,1.0,Sur le point de Partir,0
14410.0,0,Actif,0.12026022623358222,0,Va rester,3 - Risque faible,15,8,2324.87,290.61,251,246,2,0.25,Champions,3
13927.0,0,Actif,0.759750103347487,1,Risque churn,1 - Risque élevé,246,1,359.27,359.27,20,246,1,1.0,Sur le point de Partir,0
12946.0,1,Churné,0.7835590495166288,1,Risque churn,1 - Risque élevé,245,1,324.45,324.45,20,245,0,0.0,Sur le point de Partir,0
13804.0,0,Actif,0.3679408803002317,0,Va rester,3 - Risque faible,98,3,1296.36,432.12,69,245,0,0.0,Besoin d'Attention,0
17257.0,1,Churné,0.6103392241188189,1,Risque churn,2 - Risque moyen,245,2,192.73,96.37,14,245,0,0.0,Sur le point de Partir,0
14829.0,0,Actif,0.4131306062070189,0,Va rester,2 - Risque moyen,169,5,1380.62,276.12,66,245,2,0.4,Fidèles,0
16489.0,1,Churné,0.5554348645161362,1,Risque churn,2 - Risque moyen,189,2,303.7,151.85,4,245,0,0.0,Besoin d'Attention,0
14004.0,0,Actif,0.3295894672769955,0,Va rester,3 - Risque faible,97,5,2575.83,515.17,69,244,0,0.0,Fidèles,0
13962.0,0,Actif,0.3972668028282098,0,Va rester,3 - Risque faible,54,2,310.85,155.43,19,244,0,0.0,Potentiellement Fidèles,0
14800.0,0,Actif,0.09946320239180236,0,Va rester,3 - Risque faible,29,11,6630.18,602.74,276,244,5,0.4545,Champions,3
16606.0,1,Churné,0.5699948753591908,1,Risque churn,2 - Risque moyen,213,2,357.66,178.83,16,243,0,0.0,Sur le point de Partir,0
13198.0,0,Actif,0.17349452350923905,0,Va rester,3 - Risque faible,58,5,3660.74,732.15,207,243,3,0.6,Champions,3
16476.0,1,Churné,0.7250579468638434,1,Risque churn,1 - Risque élevé,240,1,350.35,350.35,24,240,2,2.0,Sur le point de Partir,0
16061.0,1,Churné,0.7468684646549789,1,Risque churn,1 - Risque élevé,240,1,89.65,89.65,3,240,2,2.0,Sur le point de Partir,0
16348.0,0,Actif,0.27934860315202364,0,Va rester,3 - Risque faible,49,3,784.47,261.49,100,239,0,0.0,Potentiellement Fidèles,0
17196.0,1,Churné,0.730590328763608,1,Risque churn,1 - Risque élevé,236,1,352.9,352.9,84,236,0,0.0,Sur le point de Partir,0
16579.0,1,Churné,0.753612902035792,1,Risque churn,1 - Risque élevé,234,1,295.05,295.05,14,234,1,1.0,Sur le point de Partir,0
14412.0,0,Actif,0.7504074047123749,1,Risque churn,1 - Risque élevé,233,1,656.16,656.16,41,233,0,0.0,Sur le point de Partir,0
14981.0,1,Churné,0.3826408153927379,0,Va rester,3 - Risque faible,55,2,372.92,186.46,20,232,1,0.5,Potentiellement Fidèles,0
17708.0,0,Actif,0.4147541820479969,0,Va rester,2 - Risque moyen,133,3,731.45,243.82,55,232,0,0.0,Besoin d'Attention,0
16643.0,1,Churné,0.3438775588884416,0,Va rester,3 - Risque faible,54,2,923.11,461.55,48,231,1,0.5,Potentiellement Fidèles,0
13832.0,0,Actif,0.7437568533329779,1,Risque churn,1 - Risque élevé,231,1,561.49,561.49,51,231,0,0.0,Sur le point de Partir,0
14696.0,0,Actif,0.2760465105921983,0,Va rester,3 - Risque faible,51,4,1561.55,390.39,73,230,1,0.25,Champions,0
13194.0,0,Actif,0.7760896604213248,1,Risque churn,1 - Risque élevé,230,1,412.08,412.08,7,230,0,0.0,Sur le point de Partir,0
14929.0,0,Actif,0.7608219508140293,1,Risque churn,1 - Risque élevé,230,1,612.81,612.81,23,230,0,0.0,Sur le point de Partir,0
16935.0,1,Churné,0.48725863673928954,0,Va rester,2 - Risque moyen,190,3,535.1,178.37,55,230,0,0.0,Besoin d'Attention,0
17629.0,0,Actif,0.23353472960862895,0,Va rester,3 - Risque faible,23,5,1247.59,249.52,78,230,1,0.2,Champions,0
17796.0,0,Actif,0.2812493950517681,0,Va rester,3 - Risque faible,122,6,1286.09,214.35,147,230,0,0.0,Fidèles,0
15772.0,1,Churné,0.7704798531479264,1,Risque churn,1 - Risque élevé,227,1,280.88,280.88,16,227,0,0.0,Sur le point de Partir,0
13516.0,0,Actif,0.3838655630763381,0,Va rester,3 - Risque faible,47,2,441.85,220.93,22,226,0,0.0,Potentiellement Fidèles,0
16069.0,1,Churné,0.7593189485726408,1,Risque churn,1 - Risque élevé,226,1,457.7,457.7,25,226,0,0.0,Sur le point de Partir,0
16141.0,0,Actif,0.7656006217809149,1,Risque churn,1 - Risque élevé,226,1,335.54,335.54,20,226,0,0.0,Sur le point de Partir,0
13134.0,0,Actif,0.29105099630566533,0,Va rester,3 - Risque faible,43,4,1207.35,301.84,43,225,2,0.5,Champions,0
16776.0,0,Actif,0.7470577256531318,1,Risque churn,1 - Risque élevé,224,1,231.57,231.57,48,224,0,0.0,Sur le point de Partir,0
16903.0,0,Actif,0.4379142344717093,0,Va rester,2 - Risque moyen,189,2,689.04,344.52,107,224,1,0.5,Besoin d'Attention,0
13195.0,1,Churné,0.751008285327249,1,Risque churn,1 - Risque élevé,223,1,172.38,172.38,43,223,0,0.0,Sur le point de Partir,0
13565.0,0,Actif,0.4770432964146194,0,Va rester,2 - Risque moyen,143,2,284.76,142.38,28,220,0,0.0,Besoin d'Attention,0
15174.0,1,Churné,0.461164230059043,0,Va rester,2 - Risque moyen,131,2,481.46,240.73,34,219,0,0.0,Besoin d'Attention,0
14718.0,1,Churné,0.7674637109261202,1,Risque churn,1 - Risque élevé,219,1,226.42,226.42,11,219,0,0.0,Sur le point de Partir,0
16785.0,1,Churné,0.7425244281289916,1,Risque churn,1 - Risque élevé,218,1,533.78,533.78,35,218,0,0.0,Sur le point de Partir,0
13363.0,0,Actif,0.7324441357390671,1,Risque churn,1 - Risque élevé,218,1,731.36,731.36,42,218,0,0.0,Sur le point de Partir,0
15328.0,1,Churné,0.7693973398360663,1,Risque churn,1 - Risque élevé,216,1,107.24,107.24,8,216,0,0.0,Sur le point de Partir,0
16343.0,0,Actif,0.7508444219246291,1,Risque churn,1 - Risque élevé,216,1,316.59,316.59,28,216,0,0.0,Sur le point de Partir,0
16183.0,0,Actif,0.5419268322967763,1,Risque churn,2 - Risque moyen,203,3,739.1,246.37,17,216,0,0.0,Sur le point de Partir,0
13780.0,0,Actif,0.7444739340083047,1,Risque churn,1 - Risque élevé,216,1,375.81,375.81,35,216,0,0.0,Sur le point de Partir,0
17934.0,0,Actif,0.7546697384511474,1,Risque churn,1 - Risque élevé,215,1,344.9,344.9,20,215,0,0.0,Sur le point de Partir,0
16058.0,1,Churné,0.7734146854894379,1,Risque churn,1 - Risque élevé,215,1,62.7,62.7,2,215,0,0.0,Sur le point de Partir,0
17363.0,1,Churné,0.5362061583929724,1,Risque churn,2 - Risque moyen,204,3,940.86,313.62,34,211,0,0.0,Sur le point de Partir,0
15233.0,1,Churné,0.7694385603717683,1,Risque churn,1 - Risque élevé,210,1,59.4,59.4,1,210,0,0.0,Sur le point de Partir,0
15675.0,0,Actif,0.43364968829073897,0,Va rester,2 - Risque moyen,89,2,263.35,131.68,16,213,0,0.0,Potentiellement Fidèles,0
15729.0,1,Churné,0.305223655487743,0,Va rester,3 - Risque faible,21,3,192.55,64.18,10,212,2,0.6667,Potentiellement Fidèles,0
13607.0,0,Actif,0.7199519649367631,1,Risque churn,1 - Risque élevé,211,1,400.3,400.3,24,211,1,1.0,Sur le point de Partir,0
15379.0,0,Actif,0.1684637412936403,0,Va rester,3 - Risque faible,17,6,4437.66,739.61,169,209,1,0.1667,Champions,0
13996.0,1,Churné,0.5193012867250466,1,Risque churn,2 - Risque moyen,195,2,895.76,447.88,29,208,0,0.0,Besoin d'Attention,0
16640.0,1,Churné,0.7546296797369084,1,Risque churn,1 - Risque élevé,206,1,179.4,179.4,13,206,0,0.0,Sur le point de Partir,0
17033.0,0,Actif,0.30436618997037307,0,Va rester,3 - Risque faible,23,3,910.75,303.58,22,206,0,0.0,Potentiellement Fidèles,0
14927.0,1,Churné,0.745574590672154,1,Risque churn,1 - Risque élevé,205,1,308.2,308.2,20,205,0,0.0,Sur le point de Partir,0
14193.0,0,Actif,0.38639886241790833,0,Va rester,3 - Risque faible,78,2,779.34,389.67,39,205,0,0.0,Potentiellement Fidèles,0
13671.0,1,Churné,0.7165802141579739,1,Risque churn,1 - Risque élevé,203,1,194.95,194.95,61,203,0,0.0,Sur le point de Partir,0
16358.0,0,Actif,0.7098381966168344,1,Risque churn,1 - Risque élevé,203,1,892.15,892.15,45,203,0,0.0,Sur le point de Partir,0
16662.0,1,Churné,0.741530217284961,1,Risque churn,1 - Risque élevé,203,1,163.8,163.8,28,203,0,0.0,Sur le point de Partir,0
16786.0,1,Churné,0.7619568008580604,1,Risque churn,1 - Risque élevé,202,1,51.84,51.84,1,202,0,0.0,Sur le point de Partir,0
18050.0,1,Churné,0.5111393616285538,1,Risque churn,2 - Risque moyen,168,2,412.06,206.03,22,202,0,0.0,Besoin d'Attention,0
15269.0,0,Actif,0.5115843249737955,1,Risque churn,2 - Risque moyen,189,2,816.56,408.28,32,199,0,0.0,Besoin d'Attention,0
17544.0,1,Churné,0.4847820828427553,0,Va rester,2 - Risque moyen,199,3,960.69,320.23,80,199,0,0.0,Sur le point de Partir,0
17170.0,1,Churné,0.5181394446144076,1,Risque churn,2 - Risque moyen,183,2,178.68,89.34,8,198,1,0.5,Besoin d'Attention,0
14675.0,0,Actif,0.6601207926037927,1,Risque churn,2 - Risque moyen,197,1,462.15,462.15,114,197,0,0.0,Sur le point de Partir,0
15235.0,1,Churné,0.12224566962585054,0,Va rester,3 - Risque faible,26,16,2937.81,183.61,161,197,0,0.0,Champions,0
17203.0,0,Actif,0.4910985124632808,0,Va rester,2 - Risque moyen,197,4,2012.03,503.01,84,197,0,0.0,En danger,0
16006.0,1,Churné,0.30766756171381227,0,Va rester,3 - Risque faible,20,2,347.17,173.58,75,196,0,0.0,Potentiellement Fidèles,0
14811.0,1,Churné,0.7341308082212773,1,Risque churn,1 - Risque élevé,196,1,170.5,170.5,28,196,0,0.0,Sur le point de Partir,0
15649.0,1,Churné,0.4581169910095393,0,Va rester,2 - Risque moyen,145,4,2170.35,542.59,8,196,0,0.0,Fidèles,0
17995.0,1,Churné,0.38856920883407653,0,Va rester,3 - Risque faible,90,3,495.48,165.16,28,196,0,0.0,Potentiellement Fidèles,0
17433.0,0,Actif,0.7214196191569778,1,Risque churn,1 - Risque élevé,194,1,266.8,266.8,39,194,0,0.0,Besoin d'Attention,0
18035.0,0,Actif,0.5589959068360668,1,Risque churn,2 - Risque moyen,194,2,546.34,273.17,8,194,0,0.0,Besoin d'Attention,0
16346.0,1,Churné,0.7400102663660727,1,Risque churn,1 - Risque élevé,194,1,224.51,224.51,15,194,0,0.0,Besoin d'Attention,0
15350.0,1,Churné,0.5128297316581593,1,Risque churn,2 - Risque moyen,182,2,663.25,331.63,26,192,0,0.0,Besoin d'Attention,0
17782.0,1,Churné,0.5364402402653049,1,Risque churn,2 - Risque moyen,191,2,679.02,339.51,29,191,0,0.0,Besoin d'Attention,0
13086.0,1,Churné,0.707451089039492,1,Risque churn,1 - Risque élevé,191,1,439.33,439.33,47,191,0,0.0,Besoin d'Attention,0
14419.0,0,Actif,0.3270575683192243,0,Va rester,3 - Risque faible,61,3,510.41,170.14,53,191,0,0.0,Potentiellement Fidèles,0
16424.0,0,Actif,0.7127434076210215,1,Risque churn,1 - Risque élevé,191,1,309.5,309.5,8,191,1,1.0,Besoin d'Attention,0
14176.0,1,Churné,0.3673478983210267,0,Va rester,3 - Risque faible,106,5,916.01,183.2,33,190,1,0.2,Fidèles,0
13843.0,1,Churné,0.7312462431807784,1,Risque churn,1 - Risque élevé,190,1,319.75,319.75,18,190,0,0.0,Besoin d'Attention,0
17601.0,1,Churné,0.3378316850431322,0,Va rester,3 - Risque faible,48,2,421.48,210.74,69,189,0,0.0,Potentiellement Fidèles,0
16988.0,1,Churné,0.7344195872661623,1,Risque churn,1 - Risque élevé,188,1,256.55,256.55,13,188,0,0.0,Besoin d'Attention,0
14721.0,1,Churné,0.7300814837156836,1,Risque churn,1 - Risque élevé,188,1,115.77,115.77,24,188,0,0.0,Besoin d'Attention,0
18161.0,0,Actif,0.34359133590678653,0,Va rester,3 - Risque faible,61,3,730.73,243.58,31,188,0,0.0,Potentiellement Fidèles,0
16545.0,0,Actif,0.7336098362067457,1,Risque churn,1 - Risque élevé,184,1,350.52,350.52,5,184,0,0.0,Besoin d'Attention,0
18034.0,0,Actif,0.661390644918352,1,Risque churn,2 - Risque moyen,184,1,370.82,370.82,97,184,0,0.0,Besoin d'Attention,0
16194.0,1,Churné,0.7325202527126208,1,Risque churn,1 - Risque élevé,184,1,308.6,308.6,8,184,0,0.0,Besoin d'Attention,0
17912.0,1,Churné,0.3629307974601669,0,Va rester,3 - Risque faible,119,6,375.5,62.58,48,184,1,0.1667,Fidèles,0
15880.0,1,Churné,0.6147102289367314,1,Risque churn,2 - Risque moyen,178,1,686.56,686.56,95,178,1,1.0,Besoin d'Attention,0
15881.0,1,Churné,0.39159540504544166,0,Va rester,3 - Risque faible,121,5,501.39,100.28,26,173,3,0.6,Fidèles,0
17303.0,1,Churné,0.6843309443946707,1,Risque churn,2 - Risque moyen,170,1,250.04,250.04,53,170,0,0.0,Besoin d'Attention,0
17214.0,0,Actif,0.3036900685384955,0,Va rester,3 - Risque faible,58,4,613.67,153.42,56,168,0,0.0,Champions,0
15780.0,0,Actif,0.36819522023101553,0,Va rester,3 - Risque faible,51,2,402.76,201.38,24,166,0,0.0,Potentiellement Fidèles,0
17114.0,0,Actif,0.25517441319316564,0,Va rester,3 - Risque faible,17,4,446.09,111.52,59,143,1,0.25,Champions,0
15171.0,1,Churné,0.6266696963547929,1,Risque churn,2 - Risque moyen,140,1,1289.5,1289.5,5,140,1,1.0,Besoin d'Attention,0
15835.0,0,Actif,0.3801693532592113,0,Va rester,3 - Risque faible,69,2,488.31,244.15,25,139,0,0.0,Potentiellement Fidèles,0
14659.0,0,Actif,0.25316523354137177,0,Va rester,3 - Risque faible,26,4,1165.13,291.28,78,124,1,0.25,Champions,0
16745.0,0,Actif,0.17842360144553532,0,Va rester,3 - Risque faible,20,9,3588.03,398.67,117,120,0,0.0,Champions,0
13494.0,1,Churné,0.651976188362453,1,Risque churn,2 - Risque moyen,120,1,316.26,316.26,18,120,0,0.0,Besoin d'Attention,0
15589.0,1,Churné,0.34400525515664426,0,Va rester,3 - Risque faible,64,3,478.53,159.51,28,119,1,0.3333,Potentiellement Fidèles,0
17337.0,0,Actif,0.08388287256947688,0,Va rester,3 - Risque faible,20,3,1994.92,664.97,421,119,2,0.6667,Potentiellement Fidèles,3
16030.0,1,Churné,0.640614398184043,1,Risque churn,2 - Risque moyen,118,1,331.24,331.24,28,118,0,0.0,Besoin d'Attention,0
16339.0,1,Churné,0.625884835394918,1,Risque churn,2 - Risque moyen,93,1,109.95,109.95,17,93,0,0.0,Besoin d'Attention,0
14620.0,1,Churné,0.30080227747396204,0,Va rester,3 - Risque faible,14,2,412.78,206.39,26,92,1,0.5,Potentiellement Fidèles,0
16462.0,0,Actif,0.6407423445703808,1,Risque churn,2 - Risque moyen,92,1,34.0,34.0,1,92,0,0.0,Potentiellement Fidèles,0
16957.0,1,Churné,0.3600279685188682,0,Va rester,3 - Risque faible,48,2,416.64,208.32,15,90,0,0.0,Potentiellement Fidèles,0
17652.0,0,Actif,0.338954717219477,0,Va rester,3 - Risque faible,42,2,632.24,316.12,29,90,0,0.0,Potentiellement Fidèles,0
17060.0,1,Churné,0.6098131444814028,1,Risque churn,2 - Risque moyen,75,1,234.24,234.24,5,75,0,0.0,Potentiellement Fidèles,0
12878.0,1,Churné,0.32890142730804467,0,Va rester,3 - Risque faible,45,2,854.99,427.5,38,75,0,0.0,Potentiellement Fidèles,0
14964.0,1,Churné,0.5791220444150736,1,Risque churn,2 - Risque moyen,56,1,206.21,206.21,13,56,0,0.0,Potentiellement Fidèles,0
16144.0,1,Churné,0.5896190982342352,1,Risque churn,2 - Risque moyen,55,1,175.2,175.2,1,55,0,0.0,Potentiellement Fidèles,0
17277.0,1,Churné,0.3118321532892551,0,Va rester,3 - Risque faible,36,2,1065.35,532.68,67,131,0,0.0,Potentiellement Fidèles,0
14778.0,0,Actif,0.6477967893775419,1,Risque churn,2 - Risque moyen,117,1,334.05,334.05,18,117,0,0.0,Besoin d'Attention,0
17517.0,1,Churné,0.6590648675419756,1,Risque churn,2 - Risque moyen,117,1,153.94,153.94,11,117,0,0.0,Besoin d'Attention,0
15407.0,0,Actif,0.3152756879754566,0,Va rester,3 - Risque faible,31,2,329.86,164.93,49,114,0,0.0,Potentiellement Fidèles,0
16842.0,0,Actif,0.6243859612598939,1,Risque churn,2 - Risque moyen,111,1,520.57,520.57,30,111,0,0.0,Besoin d'Attention,0
13171.0,0,Actif,0.6384000912772161,1,Risque churn,2 - Risque moyen,108,1,140.35,140.35,23,108,0,0.0,Besoin d'Attention,0
16084.0,1,Churné,0.6162635611214212,1,Risque churn,2 - Risque moyen,108,1,436.18,436.18,38,108,0,0.0,Besoin d'Attention,0
15236.0,1,Churné,0.6384908385874012,1,Risque churn,2 - Risque moyen,107,1,321.05,321.05,15,107,0,0.0,Besoin d'Attention,0
16738.0,1,Churné,0.6586593302512773,1,Risque churn,2 - Risque moyen,106,1,3.75,3.75,1,106,0,0.0,Besoin d'Attention,0
13893.0,1,Churné,0.6165896937595492,1,Risque churn,2 - Risque moyen,106,1,821.1,821.1,21,106,0,0.0,Besoin d'Attention,0
13865.0,0,Actif,0.6402789065810442,1,Risque churn,2 - Risque moyen,98,1,123.3,123.3,7,98,0,0.0,Besoin d'Attention,0
13973.0,1,Churné,0.6300363289354081,1,Risque churn,2 - Risque moyen,96,1,264.7,264.7,11,96,0,0.0,Besoin d'Attention,0
14012.0,1,Churné,0.6155043741745035,1,Risque churn,2 - Risque moyen,86,1,328.8,328.8,11,86,0,0.0,Potentiellement Fidèles,0
14586.0,1,Churné,0.5438198676504253,1,Risque churn,2 - Risque moyen,85,1,237.36,237.36,19,85,2,2.0,Potentiellement Fidèles,0
18086.0,1,Churné,0.6223197299713921,1,Risque churn,2 - Risque moyen,83,1,101.34,101.34,7,83,0,0.0,Potentiellement Fidèles,0
13216.0,1,Churné,0.6079495846597817,1,Risque churn,2 - Risque moyen,76,1,333.74,333.74,5,76,0,0.0,Potentiellement Fidèles,0
13341.0,1,Churné,0.551261685857423,1,Risque churn,2 - Risque moyen,69,1,775.85,775.85,42,69,0,0.0,Potentiellement Fidèles,0
16245.0,0,Actif,0.5338245644213183,1,Risque churn,2 - Risque moyen,65,1,453.98,453.98,30,65,1,1.0,Potentiellement Fidèles,0
18010.0,1,Churné,0.5908947822407726,1,Risque churn,2 - Risque moyen,65,1,174.8,174.8,14,65,0,0.0,Potentiellement Fidèles,0
15624.0,0,Actif,0.3166373794727297,0,Va rester,3 - Risque faible,15,2,311.4,155.7,18,65,0,0.0,Potentiellement Fidèles,0
17775.0,1,Churné,0.601903988899811,1,Risque churn,2 - Risque moyen,63,1,56.4,56.4,3,63,0,0.0,Potentiellement Fidèles,0
16698.0,1,Churné,0.33189146081964366,0,Va rester,3 - Risque faible,35,2,1998.0,999.0,4,62,0,0.0,Potentiellement Fidèles,0
14886.0,1,Churné,0.575995837671552,1,Risque churn,2 - Risque moyen,61,1,364.8,364.8,18,61,0,0.0,Potentiellement Fidèles,0
14023.0,1,Churné,0.5781580118574033,1,Risque churn,2 - Risque moyen,59,1,273.14,273.14,16,59,0,0.0,Potentiellement Fidèles,0
15655.0,1,Churné,0.5092924358400823,1,Risque churn,2 - Risque moyen,52,1,560.67,560.67,34,52,1,1.0,Potentiellement Fidèles,0
16697.0,1,Churné,0.567969698013488,1,Risque churn,2 - Risque moyen,50,1,112.75,112.75,20,50,0,0.0,Potentiellement Fidèles,0
14262.0,0,Actif,0.5661641916384553,1,Risque churn,2 - Risque moyen,49,1,240.0,240.0,16,49,0,0.0,Potentiellement Fidèles,0
15491.0,0,Actif,0.2663080570971402,0,Va rester,3 - Risque faible,27,3,1644.92,548.31,80,44,0,0.0,Potentiellement Fidèles,0
15517.0,1,Churné,0.5460001515917998,1,Risque churn,2 - Risque moyen,42,1,267.03,267.03,27,42,0,0.0,Potentiellement Fidèles,0
17670.0,1,Churné,0.5547500140428812,1,Risque churn,2 - Risque moyen,36,1,205.7,205.7,11,36,0,0.0,Potentiellement Fidèles,0
13637.0,0,Actif,0.5010794811128104,1,Risque churn,2 - Risque moyen,35,1,422.6,422.6,60,35,0,0.0,Potentiellement Fidèles,0
15376.0,0,Actif,0.49086171098414033,0,Va rester,2 - Risque moyen,31,1,654.17,654.17,57,31,0,0.0,Potentiellement Fidèles,0
18146.0,0,Actif,0.5561421681804083,1,Risque churn,2 - Risque moyen,29,1,76.65,76.65,4,29,0,0.0,Potentiellement Fidèles,0
15258.0,0,Actif,0.5333076042478887,1,Risque churn,2 - Risque moyen,26,1,315.66,315.66,16,26,0,0.0,Potentiellement Fidèles,0
14005.0,0,Actif,0.5367240223582761,1,Risque churn,2 - Risque moyen,24,1,187.16,187.16,14,24,0,0.0,Potentiellement Fidèles,0
13404.0,1,Churné,0.5363395204193371,1,Risque churn,2 - Risque moyen,21,1,217.81,217.81,9,21,0,0.0,Potentiellement Fidèles,0
15116.0,0,Actif,0.5115078812306543,1,Risque churn,2 - Risque moyen,13,1,479.65,479.65,15,13,0,0.0,Potentiellement Fidèles,0
16133.0,0,Actif,0.04524678568106945,0,Va rester,3 - Risque faible,5,34,14889.87,437.94,187,427,12,0.3529,Champions,3
14896.0,1,Churné,0.14437891846532497,0,Va rester,3 - Risque faible,13,8,2092.42,261.55,150,542,2,0.25,Champions,3
12897.0,1,Churné,0.2891622806516365,0,Va rester,3 - Risque faible,13,4,514.25,128.56,10,352,0,0.0,Champions,0
15599.0,0,Actif,0.31481449244062176,0,Va rester,3 - Risque faible,13,2,937.15,468.57,58,254,0,0.0,Potentiellement Fidèles,0
13050.0,0,Actif,0.025022129707510683,0,Va rester,3 - Risque faible,13,27,9381.63,347.47,439,533,17,0.6296,Champions,3
15648.0,1,Churné,0.28139834867045,0,Va rester,3 - Risque faible,13,2,657.35,328.67,23,76,2,1.0,Potentiellement Fidèles,0
16839.0,0,Actif,0.08729594789344047,0,Va rester,3 - Risque faible,5,23,12357.33,537.28,93,475,5,0.2174,Champions,3
17560.0,0,Actif,0.2358641526638465,0,Va rester,3 - Risque faible,13,6,1526.9,254.48,33,469,0,0.0,Champions,2
14056.0,0,Actif,0.11726650480469587,0,Va rester,3 - Risque faible,6,10,3301.98,330.2,221,93,1,0.1,Champions,0
18055.0,0,Actif,0.1143844695416578,0,Va rester,3 - Risque faible,12,10,7773.91,777.39,227,222,1,0.1,Champions,3
16182.0,0,Actif,0.22984829564550768,0,Va rester,3 - Risque faible,12,7,5871.0,838.71,12,449,0,0.0,Champions,2
13324.0,0,Actif,0.16256310636610172,0,Va rester,3 - Risque faible,12,15,7190.51,479.37,30,372,4,0.2667,Champions,3
15410.0,0,Actif,0.2118896332888245,0,Va rester,3 - Risque faible,12,6,3035.77,505.96,71,408,0,0.0,Champions,0
15095.0,0,Actif,0.18814896691139063,0,Va rester,3 - Risque faible,12,7,2541.54,363.08,89,496,0,0.0,Champions,2
13631.0,0,Actif,0.30312054965431723,0,Va rester,3 - Risque faible,10,4,1330.0,332.5,3,76,0,0.0,Champions,0
16690.0,0,Actif,0.3128962527598973,0,Va rester,3 - Risque faible,10,3,213.95,71.32,7,260,0,0.0,Potentiellement Fidèles,0
17007.0,0,Actif,0.24744275014740483,0,Va rester,3 - Risque faible,10,5,692.9,138.58,40,246,1,0.2,Champions,0
16038.0,0,Actif,0.5091816815214059,1,Risque churn,2 - Risque moyen,10,1,316.95,316.95,19,10,0,0.0,Potentiellement Fidèles,0
13885.0,0,Actif,0.5014247292272359,1,Risque churn,2 - Risque moyen,9,1,399.15,399.15,23,9,0,0.0,Potentiellement Fidèles,0
15046.0,0,Actif,0.07616069061639938,0,Va rester,3 - Risque faible,3,18,4916.08,273.12,198,503,2,0.1111,Champions,3
16266.0,0,Actif,0.17697637882234937,0,Va rester,3 - Risque faible,9,10,1267.9,126.79,58,482,0,0.0,Champions,2
16086.0,0,Actif,0.18341433639751603,0,Va rester,3 - Risque faible,9,8,2330.66,291.33,63,546,1,0.125,Champions,3
17920.0,0,Actif,0.009364211801137707,0,Va rester,3 - Risque faible,9,42,21885.95,521.09,478,542,2,0.0476,Champions,3
14047.0,0,Actif,0.14849918396406758,0,Va rester,3 - Risque faible,8,12,3582.34,298.53,88,485,5,0.4167,Champions,3
16919.0,0,Actif,0.06812208106054984,0,Va rester,3 - Risque faible,1,22,4584.81,208.4,215,286,4,0.1818,Champions,3
14606.0,0,Actif,1.3984434467715535e-05,0,Va rester,3 - Risque faible,3,147,25486.17,173.38,1176,545,51,0.3469,Champions,1
13168.0,0,Actif,0.20672832464390953,0,Va rester,3 - Risque faible,8,4,1528.78,382.2,119,351,1,0.25,Champions,0
15314.0,1,Churné,0.27423420957504147,0,Va rester,3 - Risque faible,8,3,820.45,273.48,49,237,1,0.3333,Potentiellement Fidèles,0
14593.0,0,Actif,0.0584251542858105,0,Va rester,3 - Risque faible,7,11,3433.61,312.15,369,539,6,0.5455,Champions,3
16763.0,1,Churné,0.39810176621178384,0,Va rester,3 - Risque faible,7,2,964.7,482.35,44,547,0,0.0,Potentiellement Fidèles,2
14680.0,0,Actif,0.01870110879412184,0,Va rester,3 - Risque faible,7,51,43192.54,846.91,215,544,26,0.5098,Champions,1
14985.0,1,Churné,0.28472960451088386,0,Va rester,3 - Risque faible,7,2,296.75,148.37,78,167,0,0.0,Potentiellement Fidèles,0
14336.0,0,Actif,0.2642546820473895,0,Va rester,3 - Risque faible,7,3,1114.39,371.46,53,85,0,0.0,Potentiellement Fidèles,0
12910.0,0,Actif,0.19681810148789258,0,Va rester,3 - Risque faible,6,8,3863.98,483.0,53,430,1,0.125,Champions,3
18232.0,0,Actif,0.2890664252600749,0,Va rester,3 - Risque faible,1,2,370.98,185.49,24,6,0,0.0,Potentiellement Fidèles,0
18073.0,0,Actif,0.30866097712787205,0,Va rester,3 - Risque faible,5,2,241.08,120.54,4,6,0,0.0,Potentiellement Fidèles,0
14280.0,1,Churné,0.5187386422951289,1,Risque churn,2 - Risque moyen,5,1,134.04,134.04,8,5,0,0.0,Potentiellement Fidèles,0
17819.0,0,Actif,0.16266090767386623,0,Va rester,3 - Risque faible,3,10,5776.67,577.67,65,535,1,0.1,Champions,3
16567.0,1,Churné,0.3093068667658554,0,Va rester,3 - Risque faible,3,2,865.6,432.8,34,145,0,0.0,Potentiellement Fidèles,0
16686.0,0,Actif,0.05451501329280287,0,Va rester,3 - Risque faible,3,13,3237.66,249.05,355,542,2,0.1538,Champions,3
17340.0,0,Actif,0.09231761980904188,0,Va rester,3 - Risque faible,1,11,15854.34,1441.3,244,472,8,0.7273,Champions,3
17648.0,0,Actif,0.21930293522834568,0,Va rester,3 - Risque faible,1,4,1526.26,381.57,96,194,0,0.0,Champions,0
18190.0,1,Churné,0.23252445159590027,0,Va rester,3 - Risque faible,1,5,745.62,149.12,34,526,1,0.2,Champions,2
16810.0,1,Churné,0.2992802512814972,0,Va rester,3 - Risque faible,1,2,842.04,421.02,34,229,2,1.0,Potentiellement Fidèles,0
13085.0,0,Actif,0.30391874788391526,0,Va rester,3 - Risque faible,104,7,2295.3,327.9,46,547,2,0.2857,Fidèles,2
15362.0,1,Churné,0.6608176688273292,1,Risque churn,2 - Risque moyen,257,2,613.08,306.54,38,547,0,0.0,Sur le point de Partir,2
14110.0,0,Actif,0.080993366637512,0,Va rester,3 - Risque faible,29,23,9006.32,391.58,148,547,2,0.087,Champions,3
17519.0,0,Actif,0.1290677334695662,0,Va rester,3 - Risque faible,15,12,4221.05,351.75,124,547,2,0.1667,Champions,3
16011.0,0,Actif,0.10511583263375394,0,Va rester,3 - Risque faible,42,19,3508.59,184.66,148,547,1,0.0526,Champions,3
14543.0,0,Actif,0.07198347797326694,0,Va rester,3 - Risque faible,23,31,13498.24,435.43,94,547,8,0.2581,Champions,3
15380.0,0,Actif,0.42977109147447573,0,Va rester,2 - Risque moyen,174,7,2018.9,288.41,6,547,1,0.1429,Fidèles,2
13585.0,1,Churné,0.7024992069129596,1,Risque churn,1 - Risque élevé,339,3,684.54,228.18,29,547,1,0.3333,En danger,2
17243.0,0,Actif,0.014982343417566298,0,Va rester,3 - Risque faible,45,54,15077.11,279.21,298,547,9,0.1667,Champions,3
15265.0,0,Actif,0.26300294702185556,0,Va rester,3 - Risque faible,44,3,2551.76,850.59,146,547,0,0.0,Potentiellement Fidèles,2
15750.0,0,Actif,0.11226571373575454,0,Va rester,3 - Risque faible,92,13,4944.28,380.33,280,547,6,0.4615,Champions,3
16563.0,0,Actif,0.4757921805557123,0,Va rester,2 - Risque moyen,209,5,3345.02,669.0,46,547,1,0.2,En danger,2
16701.0,0,Actif,0.10415133582327747,0,Va rester,3 - Risque faible,14,18,6413.6,356.31,110,547,5,0.2778,Champions,3
16823.0,1,Churné,0.16949246106703184,0,Va rester,3 - Risque faible,36,7,2260.09,322.87,149,546,1,0.1429,Champions,3
15680.0,0,Actif,0.3127390582685912,0,Va rester,3 - Risque faible,175,8,3652.79,456.6,128,546,2,0.25,Fidèles,3
13740.0,1,Churné,0.243381202609028,0,Va rester,3 - Risque faible,49,5,1597.77,319.55,83,546,0,0.0,Champions,2
14467.0,0,Actif,0.2504358206083855,0,Va rester,3 - Risque faible,121,9,1753.93,194.88,120,546,0,0.0,Fidèles,2
18108.0,1,Churné,0.35231004877022387,0,Va rester,3 - Risque faible,63,3,848.81,282.94,43,546,1,0.3333,Potentiellement Fidèles,2
16210.0,0,Actif,0.07798708794011423,0,Va rester,3 - Risque faible,22,26,27996.42,1076.79,117,546,2,0.0769,Champions,3
16233.0,0,Actif,0.34027451616029697,0,Va rester,3 - Risque faible,138,8,1755.53,219.44,37,546,3,0.375,Fidèles,2
14549.0,1,Churné,0.3243746076569722,0,Va rester,3 - Risque faible,120,4,916.55,229.14,117,546,0,0.0,Fidèles,2
14122.0,1,Churné,0.5610567366681634,1,Risque churn,2 - Risque moyen,215,3,362.42,120.81,12,546,2,0.6667,Sur le point de Partir,2
16987.0,0,Actif,0.19028374684265723,0,Va rester,3 - Risque faible,14,5,1123.9,224.78,120,546,1,0.2,Champions,2
18001.0,0,Actif,0.5492483030234333,1,Risque churn,2 - Risque moyen,258,4,536.61,134.15,69,546,0,0.0,En danger,2
14347.0,1,Churné,0.9512871554106949,1,Risque churn,1 - Risque élevé,545,1,82.6,82.6,6,545,0,0.0,Perdus,2
17314.0,0,Actif,0.17273386703615728,0,Va rester,3 - Risque faible,65,12,3163.51,263.63,117,545,4,0.3333,Champions,3
14952.0,0,Actif,0.05239306054637753,0,Va rester,3 - Risque faible,15,28,13064.47,466.59,209,545,9,0.3214,Champions,3
14662.0,0,Actif,0.19594427833438724,0,Va rester,3 - Risque faible,43,6,1170.02,195.0,139,545,0,0.0,Champions,2
17679.0,0,Actif,0.6299213613635567,1,Risque churn,2 - Risque moyen,330,5,1585.5,317.1,41,545,4,0.8,En danger,2
17851.0,1,Churné,0.3688217100063805,0,Va rester,3 - Risque faible,231,6,1563.34,260.56,185,545,0,0.0,En danger,2
17076.0,0,Actif,0.33031358680398015,0,Va rester,3 - Risque faible,82,5,735.87,147.17,27,544,0,0.0,Champions,2
16192.0,1,Churné,0.9484591052551313,1,Risque churn,1 - Risque élevé,544,1,351.3,351.3,11,544,0,0.0,Perdus,2
13162.0,0,Actif,0.11368969106903346,0,Va rester,3 - Risque faible,42,14,8888.89,634.92,171,544,3,0.2143,Champions,3
17593.0,0,Actif,0.2669591619633528,0,Va rester,3 - Risque faible,161,7,4831.36,690.19,163,544,3,0.4286,Fidèles,3
13174.0,0,Actif,0.057587862477433624,0,Va rester,3 - Risque faible,125,11,8786.08,798.73,564,544,0,0.0,Fidèles,3
16351.0,1,Churné,0.23256305123578572,0,Va rester,3 - Risque faible,141,13,3330.03,256.16,124,544,5,0.3846,Fidèles,3
13487.0,0,Actif,0.28383144116681036,0,Va rester,3 - Risque faible,22,4,680.27,170.07,26,543,0,0.0,Champions,2
17018.0,0,Actif,0.39685319069480995,0,Va rester,3 - Risque faible,134,5,1772.6,354.52,18,543,0,0.0,Fidèles,2
13589.0,0,Actif,0.5840957739197533,1,Risque churn,2 - Risque moyen,258,4,741.09,185.27,29,542,0,0.0,En danger,2
15751.0,1,Churné,0.44555060858746526,0,Va rester,2 - Risque moyen,269,11,1380.44,125.49,90,542,3,0.2727,En danger,2
13319.0,0,Actif,0.025062164857606116,0,Va rester,3 - Risque faible,16,43,15764.79,366.62,256,542,15,0.3488,Champions,3
13890.0,0,Actif,0.39642896107069947,0,Va rester,3 - Risque faible,167,5,1233.92,246.78,50,542,5,1.0,Fidèles,2
15641.0,0,Actif,0.1284791694429313,0,Va rester,3 - Risque faible,69,11,4763.73,433.07,228,542,0,0.0,Champions,3
17610.0,1,Churné,0.5975100081902118,1,Risque churn,2 - Risque moyen,349,5,1529.49,305.9,114,542,3,0.6,En danger,2
14037.0,0,Actif,0.3844354882380309,0,Va rester,3 - Risque faible,173,5,801.55,160.31,95,541,1,0.2,Fidèles,2
14471.0,1,Churné,0.7846131585146845,1,Risque churn,1 - Risque élevé,400,2,400.95,200.48,38,541,0,0.0,En danger,2
18162.0,1,Churné,0.9408553225524615,1,Risque churn,1 - Risque élevé,541,1,379.16,379.16,45,541,0,0.0,Perdus,2
16018.0,0,Actif,0.6271817444532363,1,Risque churn,2 - Risque moyen,205,2,289.23,144.62,26,541,0,0.0,Sur le point de Partir,2
15421.0,0,Actif,0.13691004008506513,0,Va rester,3 - Risque faible,24,9,3594.34,399.37,170,541,0,0.0,Champions,3
15971.0,0,Actif,0.24485660918312158,0,Va rester,3 - Risque faible,51,10,2789.13,278.91,9,540,2,0.2,Champions,3
18203.0,0,Actif,0.5252562953820846,1,Risque churn,2 - Risque moyen,190,3,344.0,114.67,30,540,0,0.0,Besoin d'Attention,2
14063.0,1,Churné,0.5526942824148618,1,Risque churn,2 - Risque moyen,247,9,22710.2,2523.36,30,540,4,0.4444,En danger,3
14605.0,1,Churné,0.4333233805785929,0,Va rester,2 - Risque moyen,183,4,937.16,234.29,88,540,0,0.0,Fidèles,2
14285.0,0,Actif,0.6609555329610547,1,Risque churn,2 - Risque moyen,322,4,1374.41,343.6,33,540,1,0.25,En danger,2
15823.0,1,Churné,0.4575913347338946,0,Va rester,2 - Risque moyen,181,3,3897.17,1299.06,155,540,3,1.0,Besoin d'Attention,3
13855.0,1,Churné,0.6128687327915975,1,Risque churn,2 - Risque moyen,309,4,1310.34,327.59,64,540,1,0.25,En danger,2
13883.0,1,Churné,0.10701242343385654,0,Va rester,3 - Risque faible,27,14,5628.32,402.02,190,540,10,0.7143,Champions,3
16204.0,0,Actif,0.573290149486493,1,Risque churn,2 - Risque moyen,189,2,538.53,269.27,47,540,1,0.5,Besoin d'Attention,2
15181.0,0,Actif,0.37902891351515755,0,Va rester,3 - Risque faible,78,3,810.72,270.24,6,540,3,1.0,Potentiellement Fidèles,2
17188.0,0,Actif,0.25356568031118903,0,Va rester,3 - Risque faible,124,9,3543.14,393.68,106,540,4,0.4444,Fidèles,3
14291.0,0,Actif,0.09534525228003589,0,Va rester,3 - Risque faible,19,15,5634.31,375.62,195,539,1,0.0667,Champions,3
14173.0,0,Actif,0.33495469060566,0,Va rester,3 - Risque faible,28,3,249.2,83.07,13,539,1,0.3333,Potentiellement Fidèles,2
17954.0,0,Actif,0.06163612939618397,0,Va rester,3 - Risque faible,35,14,2814.63,201.04,363,539,7,0.5,Champions,3
14990.0,1,Churné,0.8006141254286873,1,Risque churn,1 - Risque élevé,421,2,305.42,152.71,41,539,0,0.0,En danger,2
17296.0,1,Churné,0.9431985765881636,1,Risque churn,1 - Risque élevé,539,1,338.13,338.13,32,539,0,0.0,Perdus,2
14293.0,0,Actif,0.3082920468351339,0,Va rester,3 - Risque faible,114,7,2729.39,389.91,63,538,1,0.1429,Fidèles,2
14099.0,0,Actif,0.09139837446303649,0,Va rester,3 - Risque faible,27,14,3983.0,284.5,224,538,1,0.0714,Champions,3
17027.0,0,Actif,0.27809730851119774,0,Va rester,3 - Risque faible,92,6,880.7,146.78,86,538,1,0.1667,Champions,2
13173.0,1,Churné,0.28194602349194825,0,Va rester,3 - Risque faible,176,10,2451.64,245.16,147,538,2,0.2,Fidèles,3
14648.0,1,Churné,0.20002719559829651,0,Va rester,3 - Risque faible,225,15,4546.86,303.12,286,538,4,0.2667,En danger,3
15573.0,0,Actif,0.7399741543678099,1,Risque churn,1 - Risque élevé,427,3,599.73,199.91,104,538,0,0.0,En danger,2
14062.0,0,Actif,0.11422690170445438,0,Va rester,3 - Risque faible,48,18,19973.98,1109.67,136,538,3,0.1667,Champions,3
15032.0,1,Churné,0.2751276868781432,0,Va rester,3 - Risque faible,65,8,13780.65,1722.58,39,538,2,0.25,Champions,3
17351.0,0,Actif,0.2630623827896814,0,Va rester,3 - Risque faible,82,10,1599.68,159.97,30,538,0,0.0,Champions,2
15169.0,1,Churné,0.5799257122207102,1,Risque churn,2 - Risque moyen,191,2,569.22,284.61,58,535,0,0.0,Besoin d'Attention,2
13026.0,0,Actif,0.25402859848753884,0,Va rester,3 - Risque faible,29,6,1001.44,166.91,25,535,1,0.1667,Champions,2
15944.0,1,Churné,0.3505500835136022,0,Va rester,3 - Risque faible,85,4,2164.24,541.06,25,535,0,0.0,Champions,2
13735.0,0,Actif,0.09082229733176635,0,Va rester,3 - Risque faible,43,10,7863.13,786.31,292,535,6,0.6,Champions,3
17799.0,0,Actif,0.05409360615767595,0,Va rester,3 - Risque faible,51,16,4674.29,292.14,398,535,3,0.1875,Champions,3
12346.0,1,Churné,0.9598238280642598,1,Risque churn,1 - Risque élevé,134,12,77556.46,6463.04,27,534,5,0.4167,Fidèles,1
15188.0,1,Churné,0.943748711720526,1,Risque churn,1 - Risque élevé,534,1,310.43,310.43,23,534,0,0.0,Perdus,2
16098.0,0,Actif,0.19657650457630685,0,Va rester,3 - Risque faible,43,10,3452.77,345.28,72,533,0,0.0,Champions,3
16554.0,0,Actif,0.18967560321393767,0,Va rester,3 - Risque faible,31,7,2318.73,331.25,90,533,9,1.2857,Champions,3
13823.0,0,Actif,0.40111839025107543,0,Va rester,2 - Risque moyen,189,5,2445.79,489.16,91,533,1,0.2,Fidèles,2
15637.0,0,Actif,0.5450120367017576,1,Risque churn,2 - Risque moyen,222,4,574.23,143.56,23,533,0,0.0,En danger,2
13473.0,0,Actif,0.3426051926457684,0,Va rester,3 - Risque faible,141,7,2476.38,353.77,56,533,2,0.2857,Fidèles,2
13074.0,1,Churné,0.6526481623150157,1,Risque churn,2 - Risque moyen,320,4,1378.74,344.69,26,532,1,0.25,En danger,2
16119.0,0,Actif,0.46928602062122143,0,Va rester,2 - Risque moyen,203,6,1297.45,216.24,31,532,0,0.0,En danger,2
17776.0,1,Churné,0.5556681040110342,1,Risque churn,2 - Risque moyen,195,2,338.56,169.28,74,532,1,0.5,Besoin d'Attention,2
16569.0,1,Churné,0.7902106085387812,1,Risque churn,1 - Risque élevé,440,4,1331.03,332.76,23,532,0,0.0,En danger,2
17469.0,0,Actif,0.12158917604490713,0,Va rester,3 - Risque faible,13,13,3485.64,268.13,137,532,4,0.3077,Champions,3
14055.0,0,Actif,0.7842359615055401,1,Risque churn,1 - Risque élevé,386,2,795.32,397.66,23,532,0,0.0,En danger,2
15044.0,0,Actif,0.04334355355884846,0,Va rester,3 - Risque faible,16,29,13009.43,448.6,256,532,11,0.3793,Champions,3
15266.0,1,Churné,0.40147321436512473,0,Va rester,2 - Risque moyen,147,5,852.21,170.44,38,510,1,0.2,Fidèles,2
15152.0,0,Actif,0.9245791073289074,1,Risque churn,1 - Risque élevé,510,1,518.14,518.14,29,510,1,1.0,Perdus,2
18170.0,0,Actif,0.21916198487857688,0,Va rester,3 - Risque faible,26,7,2201.9,314.56,50,509,0,0.0,Champions,2
16787.0,1,Churné,0.44888639203615294,0,Va rester,2 - Risque moyen,206,4,1035.43,258.86,102,507,0,0.0,En danger,2
18057.0,1,Churné,0.4593594512845439,0,Va rester,2 - Risque moyen,202,3,1203.56,401.19,121,499,0,0.0,Sur le point de Partir,2
13397.0,0,Actif,0.29111915913520414,0,Va rester,3 - Risque faible,103,7,2249.51,321.36,58,497,2,0.2857,Fidèles,2
17794.0,1,Churné,0.8589702064392236,1,Risque churn,1 - Risque élevé,495,2,147.3,73.65,7,497,0,0.0,En danger,2
14079.0,0,Actif,0.9358857018216227,1,Risque churn,1 - Risque élevé,491,1,243.63,243.63,1,491,0,0.0,Perdus,2
17672.0,0,Actif,0.28335143311881283,0,Va rester,3 - Risque faible,118,6,3778.3,629.72,128,491,1,0.1667,Fidèles,3
16014.0,0,Actif,0.2898026736328768,0,Va rester,3 - Risque faible,100,3,730.82,243.61,168,486,0,0.0,Besoin d'Attention,2
13156.0,1,Churné,0.46657218783116045,0,Va rester,2 - Risque moyen,194,3,1586.54,528.85,94,485,0,0.0,Besoin d'Attention,2
16246.0,1,Churné,0.636295916664765,1,Risque churn,2 - Risque moyen,268,2,827.25,413.63,79,478,0,0.0,Sur le point de Partir,2
13834.0,1,Churné,0.7691265748897839,1,Risque churn,1 - Risque élevé,385,2,324.19,162.1,15,478,1,0.5,En danger,2
15082.0,1,Churné,0.9313394034854293,1,Risque churn,1 - Risque élevé,477,1,93.35,93.35,6,477,0,0.0,Perdus,2
17083.0,0,Actif,0.3048511732004982,0,Va rester,3 - Risque faible,104,8,3640.03,455.0,29,477,2,0.25,Fidèles,2
12932.0,1,Churné,0.61720241940146,1,Risque churn,2 - Risque moyen,348,8,1698.56,212.32,69,476,0,0.0,En danger,2
13164.0,1,Churné,0.7710726430111117,1,Risque churn,1 - Risque élevé,378,2,372.2,186.1,7,476,1,0.5,En danger,2
14115.0,1,Churné,0.7199750380932349,1,Risque churn,1 - Risque élevé,310,2,622.67,311.34,22,475,0,0.0,En danger,2
16978.0,0,Actif,0.8382667792708506,1,Risque churn,1 - Risque élevé,475,2,424.55,212.27,28,475,0,0.0,En danger,2
16608.0,1,Churné,0.5913292057569816,1,Risque churn,2 - Risque moyen,262,2,1288.72,644.36,94,472,0,0.0,Sur le point de Partir,2
14484.0,0,Actif,0.5487844312338674,1,Risque churn,2 - Risque moyen,210,3,749.06,249.69,37,531,0,0.0,Sur le point de Partir,2
16439.0,1,Churné,0.9456200948245075,1,Risque churn,1 - Risque élevé,531,1,310.7,310.7,9,531,0,0.0,Perdus,2
15428.0,0,Actif,0.5267574179462474,1,Risque churn,2 - Risque moyen,196,3,668.97,222.99,35,531,0,0.0,Sur le point de Partir,2
15879.0,1,Churné,0.39750369422084975,0,Va rester,3 - Risque faible,213,4,1157.3,289.32,171,531,0,0.0,En danger,2
14555.0,0,Actif,0.30637113108666836,0,Va rester,3 - Risque faible,111,5,2189.43,437.89,93,530,1,0.2,Fidèles,2
13995.0,0,Actif,0.17723160850892775,0,Va rester,3 - Risque faible,54,10,2818.77,281.88,117,530,4,0.4,Champions,3
16600.0,0,Actif,0.21782428861769312,0,Va rester,3 - Risque faible,62,9,1577.35,175.26,77,530,3,0.3333,Champions,3
13847.0,1,Churné,0.9428259602145155,1,Risque churn,1 - Risque élevé,528,1,310.72,310.72,19,528,0,0.0,Perdus,2
15518.0,0,Actif,0.10755750021299479,0,Va rester,3 - Risque faible,24,11,3264.06,296.73,213,528,5,0.4545,Champions,3
15865.0,0,Actif,0.26196375842856257,0,Va rester,3 - Risque faible,22,3,1667.72,555.91,99,512,0,0.0,Potentiellement Fidèles,2
16841.0,0,Actif,0.15987119826265903,0,Va rester,3 - Risque faible,22,8,2772.74,346.59,128,505,1,0.125,Champions,3
15002.0,0,Actif,0.19782621349115428,0,Va rester,3 - Risque faible,105,8,4323.11,540.39,194,505,0,0.0,Fidèles,3
18134.0,1,Churné,0.7934373788944153,1,Risque churn,1 - Risque élevé,407,2,445.0,222.5,27,503,0,0.0,En danger,2
17681.0,1,Churné,0.75874733665459,1,Risque churn,1 - Risque élevé,406,5,731.2,146.24,12,502,1,0.2,En danger,2
14421.0,0,Actif,0.23483957276116357,0,Va rester,3 - Risque faible,20,5,2111.44,422.29,67,500,1,0.2,Champions,2
13982.0,0,Actif,0.3023286274976438,0,Va rester,3 - Risque faible,135,7,3477.58,496.8,96,497,3,0.4286,Fidèles,3
14530.0,0,Actif,0.13833495414510422,0,Va rester,3 - Risque faible,71,12,4418.4,368.2,204,496,3,0.25,Champions,3
15885.0,0,Actif,0.2527760681798156,0,Va rester,3 - Risque faible,118,13,1587.47,122.11,69,496,5,0.3846,Fidèles,3
15682.0,1,Churné,0.7826855233650363,1,Risque churn,1 - Risque élevé,408,2,318.24,159.12,25,496,1,0.5,En danger,2
17242.0,0,Actif,0.6106477734561122,1,Risque churn,2 - Risque moyen,265,3,1754.24,584.75,27,493,0,0.0,Sur le point de Partir,2
14701.0,0,Actif,0.07888482891869447,0,Va rester,3 - Risque faible,56,11,3763.47,342.13,363,493,2,0.1818,Champions,3
16255.0,0,Actif,0.15126521318960673,0,Va rester,3 - Risque faible,55,11,3348.56,304.41,163,493,2,0.1818,Champions,3
14628.0,0,Actif,0.287633016477663,0,Va rester,3 - Risque faible,51,4,1657.62,414.4,60,492,0,0.0,Champions,2
14672.0,1,Churné,0.2589511981102335,0,Va rester,3 - Risque faible,43,4,1113.14,278.29,93,489,0,0.0,Champions,2
18194.0,0,Actif,0.5635795062300653,1,Risque churn,2 - Risque moyen,247,5,3188.2,637.64,16,489,0,0.0,En danger,2
14469.0,1,Churné,0.45094534041150675,0,Va rester,2 - Risque moyen,225,4,2112.21,528.05,120,488,0,0.0,En danger,2
14068.0,1,Churné,0.3479007457405786,0,Va rester,3 - Risque faible,129,4,1528.37,382.09,93,486,1,0.25,Fidèles,2
16840.0,1,Churné,0.7956128477296942,1,Risque churn,1 - Risque élevé,412,2,139.85,69.93,9,483,1,0.5,En danger,2
16834.0,1,Churné,0.40652231548964596,0,Va rester,2 - Risque moyen,36,2,898.96,449.48,43,483,0,0.0,Potentiellement Fidèles,2
15023.0,0,Actif,0.05449233268507734,0,Va rester,3 - Risque faible,27,13,8225.65,632.74,386,483,2,0.1538,Champions,3
14497.0,1,Churné,0.4922025509809231,0,Va rester,2 - Risque moyen,118,2,697.06,348.53,40,482,1,0.5,Besoin d'Attention,2
17309.0,0,Actif,0.6053471507394078,1,Risque churn,2 - Risque moyen,190,2,247.84,123.92,22,482,0,0.0,Besoin d'Attention,2
13874.0,1,Churné,0.38806388731416414,0,Va rester,3 - Risque faible,167,7,2049.15,292.74,46,482,3,0.4286,Fidèles,2
18267.0,1,Churné,0.9189981657078884,1,Risque churn,1 - Risque élevé,481,1,269.37,269.37,17,481,1,1.0,Perdus,2
17241.0,1,Churné,0.3138424026041594,0,Va rester,3 - Risque faible,194,12,2744.14,228.68,116,471,0,0.0,Fidèles,2
16584.0,0,Actif,0.28988925757263134,0,Va rester,3 - Risque faible,63,4,2839.53,709.88,52,470,2,0.5,Champions,2
17778.0,1,Churné,0.9269974421167418,1,Risque churn,1 - Risque élevé,470,1,197.7,197.7,10,470,0,0.0,Perdus,2
17931.0,0,Actif,0.1079907931839656,0,Va rester,3 - Risque faible,64,13,3326.13,255.86,265,470,4,0.3077,Champions,3
16911.0,1,Churné,0.8003687092030725,1,Risque churn,1 - Risque élevé,444,2,255.25,127.63,30,470,1,0.5,En danger,2
14244.0,1,Churné,0.9133797603235151,1,Risque churn,1 - Risque élevé,469,1,366.42,366.42,16,469,1,1.0,Perdus,2
16447.0,0,Actif,0.7792802978095044,1,Risque churn,1 - Risque élevé,399,2,516.13,258.06,27,469,0,0.0,En danger,2
13773.0,1,Churné,0.6160092990347953,1,Risque churn,2 - Risque moyen,205,2,301.54,150.77,19,468,0,0.0,Sur le point de Partir,2
14152.0,0,Actif,0.22322353982692306,0,Va rester,3 - Risque faible,43,6,1690.56,281.76,90,468,2,0.3333,Champions,3
12891.0,0,Actif,0.23289130716781994,0,Va rester,3 - Risque faible,29,10,755.5,75.55,2,468,1,0.1,Champions,2
18257.0,0,Actif,0.1488838227085992,0,Va rester,3 - Risque faible,15,7,2983.72,426.25,162,468,5,0.7143,Champions,3
17145.0,1,Churné,0.5202898059323817,1,Risque churn,2 - Risque moyen,321,4,3120.91,780.23,168,467,3,0.75,En danger,3
13552.0,0,Actif,0.12036936191358814,0,Va rester,3 - Risque faible,14,15,5100.14,340.01,125,467,7,0.4667,Champions,3
13761.0,0,Actif,0.6337021423997572,1,Risque churn,2 - Risque moyen,311,4,881.52,220.38,50,465,0,0.0,En danger,2
16693.0,0,Actif,0.2778883073980105,0,Va rester,3 - Risque faible,80,4,875.01,218.75,117,465,0,0.0,Champions,2
16948.0,0,Actif,0.31180182913739934,0,Va rester,3 - Risque faible,70,6,674.29,112.38,17,465,0,0.0,Champions,2
17332.0,1,Churné,0.6249848709983411,1,Risque churn,2 - Risque moyen,337,5,838.27,167.65,82,465,0,0.0,En danger,2
15928.0,1,Churné,0.9240283266812472,1,Risque churn,1 - Risque élevé,465,1,293.53,293.53,11,465,0,0.0,Perdus,2
16450.0,0,Actif,0.7631061273758482,1,Risque churn,1 - Risque élevé,393,2,1193.81,596.91,27,465,1,0.5,En danger,2
13434.0,0,Actif,0.5331209676552039,1,Risque churn,2 - Risque moyen,194,3,1132.62,377.54,14,464,0,0.0,Besoin d'Attention,2
13513.0,0,Actif,0.6325632524796094,1,Risque churn,2 - Risque moyen,250,2,619.49,309.75,24,464,1,0.5,Sur le point de Partir,2
15493.0,0,Actif,0.15534826391957388,0,Va rester,3 - Risque faible,58,6,3264.43,544.07,234,463,1,0.1667,Champions,3
13052.0,1,Churné,0.1578120208476015,0,Va rester,3 - Risque faible,21,7,3168.53,452.65,161,463,0,0.0,Champions,3
13772.0,0,Actif,0.11471155917809164,0,Va rester,3 - Risque faible,48,6,2210.51,368.42,313,463,1,0.1667,Champions,3
13490.0,1,Churné,0.9253420281190312,1,Risque churn,1 - Risque élevé,463,1,154.25,154.25,8,463,0,0.0,Perdus,2
14681.0,0,Actif,0.292672509128563,0,Va rester,3 - Risque faible,20,4,770.15,192.54,18,462,0,0.0,Champions,2
18009.0,1,Churné,0.1710881797848575,0,Va rester,3 - Risque faible,44,8,2155.83,269.48,145,461,6,0.75,Champions,3
17863.0,0,Actif,0.20466380729699557,0,Va rester,3 - Risque faible,63,9,3957.1,439.68,100,461,0,0.0,Champions,3
13561.0,1,Churné,0.1462696926710955,0,Va rester,3 - Risque faible,24,11,1820.72,165.52,131,458,0,0.0,Champions,3
17373.0,0,Actif,0.387878427766161,0,Va rester,3 - Risque faible,121,4,665.83,166.46,44,458,0,0.0,Fidèles,2
17477.0,1,Churné,0.7481901866516424,1,Risque churn,1 - Risque élevé,421,2,1144.3,572.15,44,456,3,1.5,En danger,2
16960.0,0,Actif,0.12745533251345822,0,Va rester,3 - Risque faible,61,6,1737.91,289.65,301,456,1,0.1667,Champions,3
13663.0,0,Actif,0.44992060361895225,0,Va rester,2 - Risque moyen,189,4,1858.04,464.51,75,455,1,0.25,Fidèles,2
16285.0,1,Churné,0.9157793529150912,1,Risque churn,1 - Risque élevé,455,1,176.9,176.9,31,455,0,0.0,Perdus,2
13835.0,0,Actif,0.28046029939735717,0,Va rester,3 - Risque faible,24,4,589.15,147.29,34,454,1,0.25,Champions,2
13881.0,0,Actif,0.06586548370305448,0,Va rester,3 - Risque faible,22,27,31589.04,1169.96,161,454,6,0.2222,Champions,3
13515.0,0,Actif,0.3526599412524225,0,Va rester,3 - Risque faible,56,3,578.1,192.7,28,453,0,0.0,Potentiellement Fidèles,2
15929.0,1,Churné,0.9192068052111811,1,Risque churn,1 - Risque élevé,453,1,594.0,594.0,1,453,0,0.0,Perdus,2
14172.0,1,Churné,0.7661941381057957,1,Risque churn,1 - Risque élevé,414,3,402.72,134.24,38,451,1,0.3333,En danger,2
18253.0,1,Churné,0.9194756294973061,1,Risque churn,1 - Risque élevé,451,1,317.88,317.88,7,451,0,0.0,Perdus,2
17734.0,0,Actif,0.29137373679984624,0,Va rester,3 - Risque faible,42,4,854.67,213.67,49,451,0,0.0,Champions,2
14493.0,0,Actif,0.32154685885111517,0,Va rester,3 - Risque faible,199,5,2746.91,549.38,204,450,2,0.4,En danger,3
13157.0,0,Actif,0.2067802477016223,0,Va rester,3 - Risque faible,50,7,4444.08,634.87,128,450,1,0.1429,Champions,3
17960.0,0,Actif,0.7368124224355449,1,Risque churn,1 - Risque élevé,331,2,61.3,30.65,11,450,0,0.0,En danger,2
16568.0,1,Churné,0.6410484362524308,1,Risque churn,2 - Risque moyen,236,2,1020.9,510.45,5,450,0,0.0,Sur le point de Partir,2
16854.0,1,Churné,0.6106770902196722,1,Risque churn,2 - Risque moyen,226,2,1408.96,704.48,72,449,0,0.0,Sur le point de Partir,2
17348.0,0,Actif,0.22676501785233258,0,Va rester,3 - Risque faible,106,5,1477.04,295.41,206,448,0,0.0,Fidèles,3
13566.0,0,Actif,0.4629518420712777,0,Va rester,2 - Risque moyen,243,3,833.41,277.8,159,448,0,0.0,Sur le point de Partir,2
13715.0,1,Churné,0.0977339254227246,0,Va rester,3 - Risque faible,90,17,8483.29,499.02,277,447,4,0.2353,Champions,3
15941.0,1,Churné,0.9059178960719002,1,Risque churn,1 - Risque élevé,446,1,405.0,405.0,6,446,1,1.0,Perdus,2
13688.0,1,Churné,0.9166488563149803,1,Risque churn,1 - Risque élevé,444,1,375.5,375.5,5,444,0,0.0,Perdus,2
15117.0,0,Actif,0.27139026393704685,0,Va rester,3 - Risque faible,24,4,1246.59,311.65,51,443,0,0.0,Champions,2
16242.0,0,Actif,0.10366432740657447,0,Va rester,3 - Risque faible,23,9,4264.09,473.79,263,443,4,0.4444,Champions,3
13600.0,1,Churné,0.5009775278856822,1,Risque churn,2 - Risque moyen,121,2,518.42,259.21,35,443,0,0.0,Besoin d'Attention,2
18196.0,0,Actif,0.29136845004560336,0,Va rester,3 - Risque faible,99,3,1225.96,408.65,160,441,0,0.0,Besoin d'Attention,2
13128.0,1,Churné,0.9172795292748812,1,Risque churn,1 - Risque élevé,440,1,263.5,263.5,1,440,0,0.0,Perdus,2
18247.0,1,Churné,0.5364866735127823,1,Risque churn,2 - Risque moyen,223,3,839.73,279.91,28,440,3,1.0,Sur le point de Partir,2
12908.0,0,Actif,0.4139762612373338,0,Va rester,2 - Risque moyen,121,4,1344.0,336.0,1,439,1,0.25,Fidèles,2
17133.0,0,Actif,0.2683295674559228,0,Va rester,3 - Risque faible,55,7,10771.76,1538.82,19,437,1,0.1429,Champions,3
17472.0,0,Actif,0.308848995679997,0,Va rester,3 - Risque faible,97,3,675.83,225.28,137,437,0,0.0,Besoin d'Attention,2
15869.0,1,Churné,0.39245832536600644,0,Va rester,3 - Risque faible,86,3,323.66,107.89,29,435,0,0.0,Potentiellement Fidèles,2
17072.0,1,Churné,0.9089657943127634,1,Risque churn,1 - Risque élevé,434,1,282.05,282.05,20,434,0,0.0,Perdus,2
15374.0,0,Actif,0.9142354548690499,1,Risque churn,1 - Risque élevé,433,1,139.32,139.32,6,433,0,0.0,Perdus,2
17353.0,0,Actif,0.678197141746674,1,Risque churn,2 - Risque moyen,300,2,1502.0,751.0,6,433,3,1.5,En danger,2
15698.0,1,Churné,0.9163395615976062,1,Risque churn,1 - Risque élevé,433,1,46.2,46.2,2,433,0,0.0,Perdus,2
16286.0,1,Churné,0.6646212833872589,1,Risque churn,2 - Risque moyen,286,2,328.95,164.48,17,432,2,1.0,En danger,2
14994.0,1,Churné,0.28679513406966783,0,Va rester,3 - Risque faible,191,5,960.63,192.13,233,432,3,0.6,Fidèles,3
16833.0,1,Churné,0.2880523855439919,0,Va rester,3 - Risque faible,68,5,1973.8,394.76,74,432,0,0.0,Champions,2
14572.0,0,Actif,0.14472179580683173,0,Va rester,3 - Risque faible,63,7,3860.27,551.47,251,430,2,0.2857,Champions,3
15231.0,1,Churné,0.8975415969698192,1,Risque churn,1 - Risque élevé,430,1,250.26,250.26,14,430,1,1.0,Perdus,2
13051.0,1,Churné,0.77926385431656,1,Risque churn,1 - Risque élevé,387,2,155.8,77.9,4,428,0,0.0,En danger,2
12990.0,0,Actif,0.4014894884508942,0,Va rester,2 - Risque moyen,119,5,643.5,128.7,6,428,0,0.0,Fidèles,2
13676.0,1,Churné,0.7298425058730097,1,Risque churn,1 - Risque élevé,348,2,243.9,121.95,13,428,1,0.5,En danger,2
17669.0,0,Actif,0.21625632146665819,0,Va rester,3 - Risque faible,19,6,4346.63,724.44,70,426,0,0.0,Champions,0
15112.0,1,Churné,0.9075523542001948,1,Risque churn,1 - Risque élevé,420,1,209.4,209.4,7,420,0,0.0,Perdus,2
18246.0,0,Actif,0.44207234369118575,0,Va rester,2 - Risque moyen,42,2,395.62,197.81,2,418,0,0.0,Potentiellement Fidèles,2
17609.0,0,Actif,0.18923194791108613,0,Va rester,3 - Risque faible,111,8,1319.81,164.98,231,418,3,0.375,Fidèles,3
17608.0,0,Actif,0.5909109402540181,1,Risque churn,2 - Risque moyen,258,2,305.11,152.56,90,416,0,0.0,Sur le point de Partir,2
15524.0,0,Actif,0.9056281487004235,1,Risque churn,1 - Risque élevé,415,1,151.4,151.4,8,415,0,0.0,Perdus,2
16292.0,0,Actif,0.4658154457868006,0,Va rester,2 - Risque moyen,189,4,951.51,237.88,38,413,3,0.75,Fidèles,2
16174.0,0,Actif,0.6464988826031588,1,Risque churn,2 - Risque moyen,300,4,1237.2,309.3,15,412,0,0.0,En danger,2
13262.0,1,Churné,0.3543178918300078,0,Va rester,3 - Risque faible,72,3,573.45,191.15,48,409,0,0.0,Potentiellement Fidèles,2
14506.0,0,Actif,0.2767354450878326,0,Va rester,3 - Risque faible,92,4,1845.36,461.34,133,408,0,0.0,Champions,2
16548.0,1,Churné,0.904431948605961,1,Risque churn,1 - Risque élevé,408,1,30.15,30.15,6,408,0,0.0,Perdus,2
14926.0,1,Churné,0.5832709188171774,1,Risque churn,2 - Risque moyen,190,2,359.4,179.7,2,407,1,0.5,Besoin d'Attention,2
15970.0,1,Churné,0.501344490092614,1,Risque churn,2 - Risque moyen,112,2,1017.32,508.66,19,407,0,0.0,Besoin d'Attention,2
17185.0,1,Churné,0.7552279821761584,1,Risque churn,1 - Risque élevé,400,3,229.46,76.49,38,407,0,0.0,En danger,2
15886.0,0,Actif,0.5482677253855955,1,Risque churn,2 - Risque moyen,225,3,871.78,290.59,47,407,0,0.0,Sur le point de Partir,2
13625.0,1,Churné,0.8947321192863275,1,Risque churn,1 - Risque élevé,405,1,301.26,301.26,21,405,0,0.0,Perdus,2
14182.0,1,Churné,0.5595975402458744,1,Risque churn,2 - Risque moyen,252,4,678.77,169.69,42,405,1,0.25,En danger,2
17057.0,1,Churné,0.8850199734984016,1,Risque churn,1 - Risque élevé,405,1,294.74,294.74,48,405,0,0.0,Perdus,2
15548.0,1,Churné,0.8953140272783462,1,Risque churn,1 - Risque élevé,404,1,158.09,158.09,23,404,0,0.0,Perdus,2
16538.0,1,Churné,0.7093188383949336,1,Risque churn,1 - Risque élevé,350,3,399.62,133.21,35,404,0,0.0,En danger,2
16868.0,1,Churné,0.5205264626678487,1,Risque churn,2 - Risque moyen,203,3,393.39,131.13,47,402,0,0.0,Sur le point de Partir,2
13760.0,0,Actif,0.28609026562212303,0,Va rester,3 - Risque faible,65,4,1211.94,302.98,80,402,1,0.25,Champions,2
12838.0,0,Actif,0.2876798637462742,0,Va rester,3 - Risque faible,182,9,3106.14,345.13,177,401,2,0.2222,Fidèles,3
14743.0,1,Churné,0.901900775239334,1,Risque churn,1 - Risque élevé,401,1,50.48,50.48,3,401,0,0.0,Perdus,2
15384.0,0,Actif,0.44860499854272895,0,Va rester,2 - Risque moyen,168,3,1688.95,562.98,77,401,1,0.3333,Besoin d'Attention,2
16354.0,0,Actif,0.46055604868592814,0,Va rester,2 - Risque moyen,188,3,733.71,244.57,87,400,0,0.0,Besoin d'Attention,2
16138.0,1,Churné,0.5059554457736447,1,Risque churn,2 - Risque moyen,187,3,910.35,303.45,35,399,1,0.3333,Besoin d'Attention,2
14978.0,0,Actif,0.16214789343467448,0,Va rester,3 - Risque faible,44,9,2748.0,305.33,159,399,2,0.2222,Champions,3
18049.0,1,Churné,0.5764512287959359,1,Risque churn,2 - Risque moyen,246,2,556.52,278.26,82,399,0,0.0,Sur le point de Partir,2
12863.0,0,Actif,0.4689574804730703,0,Va rester,2 - Risque moyen,188,5,2271.35,454.27,23,398,1,0.2,Fidèles,2
16827.0,1,Churné,0.5141515480016131,1,Risque churn,2 - Risque moyen,202,5,392.13,78.43,10,398,0,0.0,En danger,2
17005.0,1,Churné,0.657503186066629,1,Risque churn,2 - Risque moyen,279,2,742.36,371.18,14,397,1,0.5,Sur le point de Partir,2
14201.0,0,Actif,0.2483887031622831,0,Va rester,3 - Risque faible,24,6,810.36,135.06,30,397,2,0.3333,Champions,0
13143.0,1,Churné,0.8720111606950154,1,Risque churn,1 - Risque élevé,393,1,405.1,405.1,23,393,1,1.0,Perdus,2
17597.0,1,Churné,0.22014048562224545,0,Va rester,3 - Risque faible,22,5,3484.09,696.82,109,392,2,0.4,Champions,3
13891.0,1,Churné,0.45435637660711714,0,Va rester,2 - Risque moyen,187,3,863.56,287.85,97,391,0,0.0,Besoin d'Attention,2
17808.0,1,Churné,0.7099047464351552,1,Risque churn,1 - Risque élevé,357,4,262.64,65.66,29,390,0,0.0,En danger,2
13838.0,0,Actif,0.2595995974626555,0,Va rester,3 - Risque faible,178,7,1512.47,216.07,242,388,0,0.0,Fidèles,3
14129.0,0,Actif,0.3062628956827767,0,Va rester,3 - Risque faible,69,5,1826.38,365.28,37,388,0,0.0,Champions,0
17003.0,1,Churné,0.46550995630506253,0,Va rester,2 - Risque moyen,211,4,830.16,207.54,90,387,0,0.0,En danger,2
16737.0,0,Actif,0.8906396212951737,1,Risque churn,1 - Risque élevé,386,1,417.6,417.6,1,386,0,0.0,Perdus,2
17545.0,0,Actif,0.45935233007091897,0,Va rester,2 - Risque moyen,199,3,802.58,267.53,112,386,0,0.0,Sur le point de Partir,2
13295.0,1,Churné,0.40657789641601416,0,Va rester,2 - Risque moyen,168,4,1101.97,275.49,56,385,5,1.25,Fidèles,3
14707.0,1,Churné,0.6485245585264557,1,Risque churn,2 - Risque moyen,244,2,139.2,69.6,1,385,0,0.0,Sur le point de Partir,2
16906.0,0,Actif,0.19089740678601153,0,Va rester,3 - Risque faible,14,5,1082.67,216.53,138,384,0,0.0,Champions,0
14982.0,1,Churné,0.8758398633908461,1,Risque churn,1 - Risque élevé,381,1,237.78,237.78,39,381,0,0.0,Perdus,2
13857.0,1,Churné,0.41463979194887474,0,Va rester,2 - Risque moyen,202,6,1001.01,166.84,99,380,1,0.1667,En danger,2
13605.0,1,Churné,0.5556826770909058,1,Risque churn,2 - Risque moyen,196,2,522.67,261.33,50,380,0,0.0,Sur le point de Partir,2
16915.0,0,Actif,0.2756998543635762,0,Va rester,3 - Risque faible,57,7,1088.29,155.47,35,378,0,0.0,Champions,0
15777.0,1,Churné,0.2682815800873771,0,Va rester,3 - Risque faible,50,7,1762.61,251.8,29,377,2,0.2857,Champions,0
15559.0,1,Churné,0.8496344386488182,1,Risque churn,1 - Risque élevé,377,1,1109.4,1109.4,62,377,0,0.0,Perdus,2
15826.0,0,Actif,0.3240652189260836,0,Va rester,3 - Risque faible,19,2,1663.97,831.99,66,377,1,0.5,Potentiellement Fidèles,2
17898.0,0,Actif,0.2989150229476522,0,Va rester,3 - Risque faible,16,3,246.96,82.32,41,376,0,0.0,Potentiellement Fidèles,2
18208.0,1,Churné,0.8788480555102107,1,Risque churn,1 - Risque élevé,374,1,360.08,360.08,17,374,0,0.0,Perdus,2
16831.0,1,Churné,0.8861972335219919,1,Risque churn,1 - Risque élevé,373,1,91.8,91.8,6,373,0,0.0,Perdus,2
15681.0,0,Actif,0.280642255055802,0,Va rester,3 - Risque faible,89,10,1909.22,190.92,36,373,1,0.1,Champions,0
13989.0,0,Actif,0.3011217451069464,0,Va rester,3 - Risque faible,48,4,1656.65,414.16,53,372,0,0.0,Champions,0
16328.0,1,Churné,0.8787994737128331,1,Risque churn,1 - Risque élevé,372,1,310.83,310.83,16,372,0,0.0,Perdus,2
16153.0,0,Actif,0.18416166247705176,0,Va rester,3 - Risque faible,26,8,3711.17,463.9,117,371,2,0.25,Champions,3
16392.0,1,Churné,0.2965693904142452,0,Va rester,3 - Risque faible,78,3,763.05,254.35,125,370,0,0.0,Potentiellement Fidèles,2
17741.0,1,Churné,0.612649751600493,1,Risque churn,2 - Risque moyen,215,2,101.1,50.55,6,369,0,0.0,Sur le point de Partir,2
15670.0,1,Churné,0.46405646094196656,0,Va rester,2 - Risque moyen,105,2,325.2,162.6,19,365,1,0.5,Besoin d'Attention,2
16401.0,0,Actif,0.14389163353501247,0,Va rester,3 - Risque faible,19,16,4412.72,275.8,87,364,10,0.625,Champions,3
15502.0,0,Actif,0.21388370233596796,0,Va rester,3 - Risque faible,84,6,6249.0,1041.5,154,363,7,1.1667,Champions,3
15731.0,1,Churné,0.8788846553411754,1,Risque churn,1 - Risque élevé,362,1,125.3,125.3,8,362,0,0.0,Perdus,2
14028.0,1,Churné,0.6259145987178147,1,Risque churn,2 - Risque moyen,359,3,10396.5,3465.5,3,359,2,0.6667,En danger,3
15872.0,0,Actif,0.5241821943562445,1,Risque churn,2 - Risque moyen,187,2,434.75,217.37,70,359,0,0.0,Besoin d'Attention,2
14498.0,0,Actif,0.3266994456871553,0,Va rester,3 - Risque faible,170,6,2120.17,353.36,154,359,0,0.0,Fidèles,0
17784.0,1,Churné,0.872893651460579,1,Risque churn,1 - Risque élevé,359,1,112.86,112.86,19,359,0,0.0,Perdus,2
12928.0,0,Actif,0.22024432487945847,0,Va rester,3 - Risque faible,50,9,3022.23,335.8,76,358,0,0.0,Champions,0
16679.0,1,Churné,0.5086364188304142,1,Risque churn,2 - Risque moyen,175,3,793.06,264.35,15,356,0,0.0,Besoin d'Attention,2
16499.0,1,Churné,0.3438500512369227,0,Va rester,3 - Risque faible,169,8,2578.34,322.29,104,355,5,0.625,Fidèles,3
14228.0,1,Churné,0.5819174785264553,1,Risque churn,2 - Risque moyen,246,3,745.5,248.5,38,355,0,0.0,Sur le point de Partir,2
13794.0,1,Churné,0.8744335396945963,1,Risque churn,1 - Risque élevé,355,1,126.03,126.03,9,355,0,0.0,Perdus,2
14727.0,1,Churné,0.3659547618649894,0,Va rester,3 - Risque faible,83,3,467.93,155.98,43,355,1,0.3333,Potentiellement Fidèles,2
18022.0,0,Actif,0.3424627797777569,0,Va rester,3 - Risque faible,194,4,983.68,245.92,203,355,0,0.0,Fidèles,2
13601.0,0,Actif,0.24448311267490386,0,Va rester,3 - Risque faible,20,3,865.02,288.34,114,355,0,0.0,Potentiellement Fidèles,2
14139.0,0,Actif,0.652117212155074,1,Risque churn,2 - Risque moyen,299,3,670.98,223.66,29,351,0,0.0,En danger,2
15040.0,1,Churné,0.876464740872773,1,Risque churn,1 - Risque élevé,350,1,7.49,7.49,1,350,0,0.0,Perdus,2
16492.0,1,Churné,0.8608670962935193,1,Risque churn,1 - Risque élevé,349,1,385.56,385.56,23,349,0,0.0,Perdus,2
16134.0,0,Actif,0.41912065972230694,0,Va rester,2 - Risque moyen,168,4,1810.78,452.7,71,349,2,0.5,Fidèles,0
17341.0,0,Actif,0.3722342362208843,0,Va rester,3 - Risque faible,175,3,1622.07,540.69,180,349,0,0.0,Besoin d'Attention,2
14840.0,1,Churné,0.43641882982972185,0,Va rester,2 - Risque moyen,76,2,362.71,181.36,20,348,1,0.5,Potentiellement Fidèles,2
15248.0,1,Churné,0.4885044086676257,0,Va rester,2 - Risque moyen,220,3,1893.93,631.31,103,343,1,0.3333,Sur le point de Partir,2
16539.0,1,Churné,0.1954581535059226,0,Va rester,3 - Risque faible,28,9,3396.81,377.42,81,341,0,0.0,Champions,0
16012.0,0,Actif,0.46851429267163247,0,Va rester,2 - Risque moyen,210,2,1574.5,787.25,138,338,0,0.0,Sur le point de Partir,2
13614.0,0,Actif,0.4104918071393915,0,Va rester,2 - Risque moyen,139,3,954.48,318.16,73,360,0,0.0,Besoin d'Attention,2
13056.0,1,Churné,0.8724781606915295,1,Risque churn,1 - Risque élevé,360,1,209.48,209.48,18,360,0,0.0,Perdus,2
15958.0,0,Actif,0.5313394489008363,1,Risque churn,2 - Risque moyen,212,3,388.64,129.55,45,359,0,0.0,Sur le point de Partir,2
18103.0,1,Churné,0.8760698386400784,1,Risque churn,1 - Risque élevé,358,1,105.8,105.8,10,358,0,0.0,Perdus,2
15352.0,1,Churné,0.8653279607205937,1,Risque churn,1 - Risque élevé,357,1,114.95,114.95,34,357,0,0.0,Perdus,2
14774.0,1,Churné,0.8599125201874946,1,Risque churn,1 - Risque élevé,337,1,241.45,241.45,13,337,0,0.0,Perdus,2
14217.0,0,Actif,0.15681640414910633,0,Va rester,3 - Risque faible,16,13,2235.8,171.98,89,336,5,0.3846,Champions,3
16926.0,1,Churné,0.43112042329085865,0,Va rester,2 - Risque moyen,180,5,1421.35,284.27,63,335,1,0.2,Fidèles,0
17080.0,0,Actif,0.3266500597258158,0,Va rester,3 - Risque faible,78,6,746.23,124.37,19,335,1,0.1667,Champions,0
14452.0,0,Actif,0.5409848009068666,1,Risque churn,2 - Risque moyen,204,2,401.15,200.58,62,330,0,0.0,Sur le point de Partir,2
15133.0,0,Actif,0.3258958836286864,0,Va rester,3 - Risque faible,66,4,1482.38,370.6,34,329,0,0.0,Champions,0
14516.0,1,Churné,0.8428062494741249,1,Risque churn,1 - Risque élevé,325,1,163.92,163.92,35,325,0,0.0,Perdus,2
13428.0,1,Churné,0.6639674403371423,1,Risque churn,2 - Risque moyen,323,2,281.51,140.76,66,323,0,0.0,En danger,0
17034.0,0,Actif,0.38656210592827916,0,Va rester,3 - Risque faible,96,3,680.2,226.73,31,322,1,0.3333,Besoin d'Attention,0
16251.0,1,Churné,0.8478950909429928,1,Risque churn,1 - Risque élevé,321,1,128.31,128.31,20,321,0,0.0,Perdus,2
12977.0,0,Actif,0.650728285328349,1,Risque churn,2 - Risque moyen,310,3,478.39,159.46,45,320,0,0.0,En danger,0
16128.0,0,Actif,0.25900758213974684,0,Va rester,3 - Risque faible,91,7,2309.13,329.88,102,320,3,0.4286,Champions,3
15151.0,1,Churné,0.5440235246784424,1,Risque churn,2 - Risque moyen,232,2,2085.61,1042.81,56,318,0,0.0,Sur le point de Partir,2
16089.0,1,Churné,0.5443128318030932,1,Risque churn,2 - Risque moyen,195,2,271.44,135.72,42,318,0,0.0,Besoin d'Attention,2
14858.0,1,Churné,0.8464757605936996,1,Risque churn,1 - Risque élevé,314,1,180.75,180.75,11,314,0,0.0,Perdus,2
13796.0,1,Churné,0.8347989860725678,1,Risque churn,1 - Risque élevé,308,1,289.7,289.7,22,308,0,0.0,Perdus,2
16428.0,1,Churné,0.46921277229902064,0,Va rester,2 - Risque moyen,222,3,660.28,220.09,121,306,0,0.0,Sur le point de Partir,0
15666.0,1,Churné,0.6126317722077268,1,Risque churn,2 - Risque moyen,281,2,632.94,316.47,62,304,0,0.0,En danger,0
16060.0,1,Churné,0.5495697384487341,1,Risque churn,2 - Risque moyen,209,3,541.95,180.65,22,303,0,0.0,Sur le point de Partir,0
16880.0,0,Actif,0.8364318417155082,1,Risque churn,1 - Risque élevé,302,1,321.78,321.78,9,302,0,0.0,Perdus,2
16417.0,1,Churné,0.8447576385475961,1,Risque churn,1 - Risque élevé,301,1,35.7,35.7,1,301,0,0.0,Perdus,2
13155.0,0,Actif,0.3941641073430712,0,Va rester,3 - Risque faible,135,4,1347.62,336.91,68,300,0,0.0,Fidèles,0
17156.0,1,Churné,0.7922291960428983,1,Risque churn,1 - Risque élevé,300,1,591.87,591.87,39,300,1,1.0,Perdus,2
15262.0,1,Churné,0.44599446336209236,0,Va rester,2 - Risque moyen,132,3,418.82,139.61,22,297,0,0.0,Besoin d'Attention,0
17732.0,1,Churné,0.37564027874505584,0,Va rester,3 - Risque faible,181,8,2470.39,308.8,90,296,2,0.25,Fidèles,0
13594.0,0,Actif,0.8153567263129599,1,Risque churn,1 - Risque élevé,294,1,136.35,136.35,7,294,1,1.0,Perdus,2
15652.0,0,Actif,0.45362654938694963,0,Va rester,2 - Risque moyen,196,4,1082.6,270.65,76,294,1,0.25,En danger,0
14153.0,1,Churné,0.826437623735758,1,Risque churn,1 - Risque élevé,292,1,233.4,233.4,17,292,0,0.0,Perdus,2
15893.0,1,Churné,0.8319731586547494,1,Risque churn,1 - Risque élevé,290,1,305.28,305.28,1,290,0,0.0,Perdus,0
14531.0,1,Churné,0.8139475511468279,1,Risque churn,1 - Risque élevé,288,1,376.34,376.34,29,288,0,0.0,Perdus,0
15506.0,0,Actif,0.4623455553800601,0,Va rester,2 - Risque moyen,190,3,1060.77,353.59,82,286,0,0.0,Besoin d'Attention,0
16396.0,1,Churné,0.7853816784685247,1,Risque churn,1 - Risque élevé,285,1,137.8,137.8,8,285,2,2.0,Perdus,2
13884.0,0,Actif,0.2639092682409338,0,Va rester,3 - Risque faible,86,8,1297.13,162.14,87,279,4,0.5,Champions,0
16870.0,1,Churné,0.8047770508997549,1,Risque churn,1 - Risque élevé,278,1,450.16,450.16,28,278,0,0.0,Sur le point de Partir,0
15574.0,0,Actif,0.31861442320645483,0,Va rester,3 - Risque faible,167,5,1406.6,281.32,186,273,1,0.2,Fidèles,0
15092.0,1,Churné,0.2942916280725054,0,Va rester,3 - Risque faible,24,3,776.46,258.82,39,271,1,0.3333,Potentiellement Fidèles,0
13046.0,0,Actif,0.4119903323193271,0,Va rester,2 - Risque moyen,75,2,517.66,258.83,31,265,0,0.0,Potentiellement Fidèles,0
17473.0,1,Churné,0.5403033158836794,1,Risque churn,2 - Risque moyen,217,2,607.0,303.5,33,265,1,0.5,Sur le point de Partir,0
16042.0,0,Actif,0.40362986694246217,0,Va rester,2 - Risque moyen,141,4,1092.8,273.2,50,262,3,0.75,Fidèles,0
15406.0,0,Actif,0.3550699744349708,0,Va rester,3 - Risque faible,110,3,717.45,239.15,101,262,0,0.0,Besoin d'Attention,0
17308.0,1,Churné,0.628826606361073,1,Risque churn,2 - Risque moyen,202,2,4511.76,2255.88,5,261,0,0.0,Sur le point de Partir,0
13440.0,1,Churné,0.5176504396373631,1,Risque churn,2 - Risque moyen,232,7,1295.25,185.04,49,260,3,0.4286,En danger,0
15748.0,0,Actif,0.6299053205563704,1,Risque churn,2 - Risque moyen,258,2,465.45,232.73,16,258,0,0.0,Sur le point de Partir,0
16983.0,0,Actif,0.26329899568763476,0,Va rester,3 - Risque faible,80,7,2401.31,343.04,92,255,1,0.1429,Champions,0
13701.0,1,Churné,0.780115012173079,1,Risque churn,1 - Risque élevé,255,1,161.0,161.0,9,255,1,1.0,Sur le point de Partir,0
13554.0,1,Churné,0.3413443098302894,0,Va rester,3 - Risque faible,189,7,1638.28,234.04,156,255,3,0.4286,Fidèles,0
17255.0,0,Actif,0.32438135743335733,0,Va rester,3 - Risque faible,108,3,613.18,204.39,131,255,0,0.0,Besoin d'Attention,0
15462.0,0,Actif,0.7814228195537147,1,Risque churn,1 - Risque élevé,254,1,502.45,502.45,30,254,0,0.0,Sur le point de Partir,0
15728.0,1,Churné,0.5453289148750303,1,Risque churn,2 - Risque moyen,188,2,544.6,272.3,10,253,0,0.0,Besoin d'Attention,0
16857.0,1,Churné,0.7938270030876001,1,Risque churn,1 - Risque élevé,251,1,352.8,352.8,11,251,0,0.0,Sur le point de Partir,0
16775.0,0,Actif,0.18291409164718644,0,Va rester,3 - Risque faible,14,9,2053.03,228.11,92,251,1,0.1111,Champions,0
13281.0,1,Churné,0.7349220815668006,1,Risque churn,1 - Risque élevé,248,1,350.85,350.85,22,248,2,2.0,Sur le point de Partir,0
17524.0,1,Churné,0.46962203619753223,0,Va rester,2 - Risque moyen,170,3,539.14,179.71,37,247,1,0.3333,Besoin d'Attention,0
16198.0,0,Actif,0.7788431466770522,1,Risque churn,1 - Risque élevé,246,1,629.36,629.36,18,246,0,0.0,Sur le point de Partir,0
12964.0,1,Churné,0.7850037096898442,1,Risque churn,1 - Risque élevé,246,1,132.24,132.24,26,246,0,0.0,Sur le point de Partir,0
14843.0,1,Churné,0.7928488121356838,1,Risque churn,1 - Risque élevé,245,1,211.8,211.8,9,245,0,0.0,Sur le point de Partir,0
14510.0,1,Churné,0.46613273166325947,0,Va rester,2 - Risque moyen,184,3,1007.28,335.76,67,245,1,0.3333,Besoin d'Attention,0
14742.0,1,Churné,0.7677296808763977,1,Risque churn,1 - Risque élevé,244,1,579.85,579.85,34,244,0,0.0,Sur le point de Partir,0
16958.0,1,Churné,0.7379802619319351,1,Risque churn,1 - Risque élevé,244,1,809.44,809.44,69,244,0,0.0,Sur le point de Partir,0
15960.0,1,Churné,0.4877042102348795,0,Va rester,2 - Risque moyen,183,4,410.95,102.74,24,244,1,0.25,Fidèles,0
15243.0,0,Actif,0.7636767807212312,1,Risque churn,1 - Risque élevé,244,1,610.6,610.6,39,244,0,0.0,Sur le point de Partir,0
16044.0,1,Churné,0.7829135679363898,1,Risque churn,1 - Risque élevé,244,1,340.84,340.84,19,244,0,0.0,Sur le point de Partir,0
13035.0,0,Actif,0.40267157034088424,0,Va rester,2 - Risque moyen,69,2,775.32,387.66,22,240,0,0.0,Potentiellement Fidèles,0
14991.0,1,Churné,0.777661126074861,1,Risque churn,1 - Risque élevé,239,1,314.67,314.67,21,239,0,0.0,Sur le point de Partir,0
15490.0,1,Churné,0.7549659047761541,1,Risque churn,1 - Risque élevé,239,1,217.6,217.6,22,239,1,1.0,Sur le point de Partir,0
16760.0,1,Churné,0.7821727316687771,1,Risque churn,1 - Risque élevé,239,1,228.0,228.0,17,239,0,0.0,Sur le point de Partir,0
14266.0,1,Churné,0.7944187943702332,1,Risque churn,1 - Risque élevé,237,1,40.56,40.56,1,237,0,0.0,Sur le point de Partir,0
14904.0,0,Actif,0.5267021212295837,1,Risque churn,2 - Risque moyen,217,2,615.2,307.6,62,236,0,0.0,Sur le point de Partir,0
14846.0,1,Churné,0.7534742442252821,1,Risque churn,1 - Risque élevé,236,1,437.4,437.4,12,236,1,1.0,Sur le point de Partir,0
13083.0,0,Actif,0.7888283919624022,1,Risque churn,1 - Risque élevé,234,1,91.68,91.68,4,234,0,0.0,Sur le point de Partir,0
17004.0,0,Actif,0.5391408158789122,1,Risque churn,2 - Risque moyen,201,2,1012.22,506.11,21,233,0,0.0,Sur le point de Partir,0
15024.0,0,Actif,0.2567621317163053,0,Va rester,3 - Risque faible,105,9,3102.27,344.7,124,233,0,0.0,Fidèles,0
13368.0,1,Churné,0.32464239835308534,0,Va rester,3 - Risque faible,65,4,1121.5,280.38,45,232,1,0.25,Champions,0
14240.0,0,Actif,0.3656101929393315,0,Va rester,3 - Risque faible,34,2,584.0,292.0,26,232,0,0.0,Potentiellement Fidèles,0
18239.0,1,Churné,0.23062580618146647,0,Va rester,3 - Risque faible,27,6,2150.36,358.39,85,231,0,0.0,Champions,0
15134.0,0,Actif,0.29195729533035725,0,Va rester,3 - Risque faible,22,4,447.75,111.94,20,231,0,0.0,Champions,0
16120.0,0,Actif,0.5852664892760092,1,Risque churn,2 - Risque moyen,231,2,1747.77,873.89,60,231,0,0.0,Sur le point de Partir,0
15160.0,1,Churné,0.4762365440877416,0,Va rester,2 - Risque moyen,166,4,589.27,147.32,17,230,0,0.0,Fidèles,0
15114.0,0,Actif,0.24596473658272283,0,Va rester,3 - Risque faible,26,5,1357.47,271.49,67,230,0,0.0,Champions,0
13829.0,1,Churné,0.7632033905769515,1,Risque churn,1 - Risque élevé,230,1,102.0,102.0,1,230,1,1.0,Sur le point de Partir,0
14088.0,0,Actif,0.42855103722946436,0,Va rester,2 - Risque moyen,131,4,21089.9,5272.48,170,230,3,0.75,Fidèles,3
13692.0,0,Actif,0.2482497152811146,0,Va rester,3 - Risque faible,22,4,2497.66,624.42,69,229,3,0.75,Champions,0
16676.0,0,Actif,0.22021378228578142,0,Va rester,3 - Risque faible,22,5,1868.28,373.66,90,227,1,0.2,Champions,0
17703.0,0,Actif,0.7655004704412905,1,Risque churn,1 - Risque élevé,227,1,296.1,296.1,23,227,0,0.0,Sur le point de Partir,0
13088.0,1,Churné,0.7686125255870456,1,Risque churn,1 - Risque élevé,226,1,236.11,236.11,19,226,0,0.0,Sur le point de Partir,0
17655.0,0,Actif,0.24420192483847628,0,Va rester,3 - Risque faible,19,6,2616.24,436.04,57,225,1,0.1667,Champions,0
14332.0,0,Actif,0.5114280554405484,1,Risque churn,2 - Risque moyen,190,2,1077.2,538.6,31,225,0,0.0,Besoin d'Attention,0
15995.0,1,Churné,0.6886666163843778,1,Risque churn,2 - Risque moyen,223,1,696.19,696.19,108,223,0,0.0,Sur le point de Partir,0
14216.0,0,Actif,0.7393049990230212,1,Risque churn,1 - Risque élevé,223,1,310.74,310.74,18,223,1,1.0,Sur le point de Partir,0
13581.0,1,Churné,0.4466135110433698,0,Va rester,2 - Risque moyen,118,2,280.53,140.26,32,223,0,0.0,Besoin d'Attention,0
16540.0,1,Churné,0.7619672312577219,1,Risque churn,1 - Risque élevé,223,1,226.7,226.7,25,223,0,0.0,Sur le point de Partir,0
16010.0,1,Churné,0.19056419052918958,0,Va rester,3 - Risque faible,54,11,1724.06,156.73,122,220,1,0.0909,Champions,0
16920.0,1,Churné,0.7572858649897002,1,Risque churn,1 - Risque élevé,220,1,355.45,355.45,23,220,0,0.0,Sur le point de Partir,0
15294.0,1,Churné,0.7393049021391873,1,Risque churn,1 - Risque élevé,219,1,233.35,233.35,15,219,1,1.0,Sur le point de Partir,0
14690.0,0,Actif,0.5227528076130313,1,Risque churn,2 - Risque moyen,201,2,422.63,211.32,43,219,0,0.0,Sur le point de Partir,0
17767.0,0,Actif,0.7648219955310991,1,Risque churn,1 - Risque élevé,219,1,141.85,141.85,18,219,0,0.0,Sur le point de Partir,0
16757.0,1,Churné,0.4731323885945309,0,Va rester,2 - Risque moyen,127,2,270.48,135.24,13,218,0,0.0,Besoin d'Attention,0
14475.0,0,Actif,0.4319316186220193,0,Va rester,2 - Risque moyen,113,2,531.85,265.93,21,217,1,0.5,Besoin d'Attention,0
14294.0,1,Churné,0.7528502593409835,1,Risque churn,1 - Risque élevé,216,1,375.34,375.34,23,216,0,0.0,Sur le point de Partir,0
12855.0,1,Churné,0.4580053477557343,0,Va rester,2 - Risque moyen,181,4,650.94,162.74,65,211,0,0.0,Fidèles,0
15158.0,0,Actif,0.7386313342165862,1,Risque churn,1 - Risque élevé,210,1,204.62,204.62,4,210,1,1.0,Sur le point de Partir,0
13172.0,1,Churné,0.7682500041047836,1,Risque churn,1 - Risque élevé,209,1,69.6,69.6,1,209,0,0.0,Sur le point de Partir,0
16228.0,1,Churné,0.4894196340504585,0,Va rester,2 - Risque moyen,194,3,890.81,296.94,45,209,1,0.3333,Besoin d'Attention,0
17756.0,1,Churné,0.4754876362314288,0,Va rester,2 - Risque moyen,184,3,733.7,244.57,54,203,0,0.0,Besoin d'Attention,0
13096.0,1,Churné,0.7540089323590858,1,Risque churn,1 - Risque élevé,203,1,419.7,419.7,1,203,0,0.0,Sur le point de Partir,0
14024.0,0,Actif,0.7406261290613568,1,Risque churn,1 - Risque élevé,199,1,318.04,318.04,18,199,0,0.0,Sur le point de Partir,0
14052.0,0,Actif,0.7075232181454911,1,Risque churn,1 - Risque élevé,199,1,255.45,255.45,65,199,0,0.0,Sur le point de Partir,0
14526.0,1,Churné,0.7243295111083795,1,Risque churn,1 - Risque élevé,198,1,262.4,262.4,41,198,0,0.0,Sur le point de Partir,0
17106.0,1,Churné,0.7106862930356898,1,Risque churn,1 - Risque élevé,198,1,491.23,491.23,51,198,0,0.0,Sur le point de Partir,0
15968.0,1,Churné,0.6969199391822116,1,Risque churn,2 - Risque moyen,197,1,418.05,418.05,70,197,0,0.0,Sur le point de Partir,0
13237.0,1,Churné,0.7247188777594813,1,Risque churn,1 - Risque élevé,196,1,643.0,643.0,24,196,0,0.0,Sur le point de Partir,0
16250.0,1,Churné,0.36125935636947226,0,Va rester,3 - Risque faible,70,3,791.38,263.79,29,195,0,0.0,Potentiellement Fidèles,0
14614.0,1,Churné,0.7363724158147217,1,Risque churn,1 - Risque élevé,195,1,295.13,295.13,19,195,0,0.0,Besoin d'Attention,0
13124.0,0,Actif,0.22561250009256306,0,Va rester,3 - Risque faible,61,3,3490.24,1163.41,163,194,0,0.0,Potentiellement Fidèles,0
17036.0,1,Churné,0.7413041863500658,1,Risque churn,1 - Risque élevé,192,1,176.9,176.9,12,192,0,0.0,Besoin d'Attention,0
16252.0,1,Churné,0.7031808244691804,1,Risque churn,1 - Risque élevé,191,1,295.09,295.09,21,191,1,1.0,Besoin d'Attention,0
17458.0,0,Actif,0.7237622661489174,1,Risque churn,1 - Risque élevé,190,1,213.08,213.08,32,190,0,0.0,Besoin d'Attention,0
18118.0,0,Actif,0.061641618523237615,0,Va rester,3 - Risque faible,16,17,4407.33,259.25,343,190,5,0.2941,Champions,3
15020.0,1,Churné,0.7255828871013026,1,Risque churn,1 - Risque élevé,188,1,203.42,203.42,27,188,0,0.0,Besoin d'Attention,0
17882.0,1,Churné,0.4977105327260937,0,Va rester,2 - Risque moyen,188,2,313.46,156.73,47,188,0,0.0,Besoin d'Attention,0
17516.0,0,Actif,0.2323498374177334,0,Va rester,3 - Risque faible,26,4,644.68,161.17,115,187,0,0.0,Champions,0
17999.0,0,Actif,0.4599578495032904,0,Va rester,2 - Risque moyen,175,2,539.18,269.59,77,187,0,0.0,Besoin d'Attention,0
18003.0,1,Churné,0.7212355770723801,1,Risque churn,1 - Risque élevé,185,1,358.61,358.61,23,185,0,0.0,Besoin d'Attention,0
17722.0,0,Actif,0.32208330662069234,0,Va rester,3 - Risque faible,133,3,3749.9,1249.97,126,184,2,0.6667,Besoin d'Attention,0
13955.0,0,Actif,0.40090136011733946,0,Va rester,2 - Risque moyen,114,2,427.31,213.66,63,184,0,0.0,Besoin d'Attention,0
12947.0,0,Actif,0.27451680685001695,0,Va rester,3 - Risque faible,43,3,1339.31,446.44,62,182,3,1.0,Potentiellement Fidèles,0
17925.0,1,Churné,0.7298003430627449,1,Risque churn,1 - Risque élevé,181,1,488.16,488.16,1,181,0,0.0,Besoin d'Attention,0
16752.0,1,Churné,0.7258466514948504,1,Risque churn,1 - Risque élevé,181,1,415.0,415.0,9,181,0,0.0,Besoin d'Attention,0
17787.0,0,Actif,0.36541388999848284,0,Va rester,3 - Risque faible,113,3,2452.45,817.48,87,180,0,0.0,Besoin d'Attention,0
15545.0,0,Actif,0.7121615457597003,1,Risque churn,1 - Risque élevé,180,1,270.66,270.66,31,180,0,0.0,Besoin d'Attention,0
15018.0,0,Actif,0.3721563946786151,0,Va rester,3 - Risque faible,61,2,402.59,201.3,17,176,1,0.5,Potentiellement Fidèles,0
16850.0,1,Churné,0.6768510554380757,1,Risque churn,2 - Risque moyen,142,1,332.41,332.41,19,142,0,0.0,Besoin d'Attention,0
15749.0,1,Churné,0.2309116833661754,0,Va rester,3 - Risque faible,44,3,44534.3,14844.77,5,141,1,0.3333,Potentiellement Fidèles,1
15510.0,1,Churné,0.6901691601323195,1,Risque churn,2 - Risque moyen,139,1,250.0,250.0,1,139,0,0.0,Besoin d'Attention,0
15820.0,1,Churné,0.6656566453222673,1,Risque churn,2 - Risque moyen,128,1,206.98,206.98,17,128,0,0.0,Besoin d'Attention,0
13396.0,0,Actif,0.6309309324640039,1,Risque churn,2 - Risque moyen,128,1,387.27,387.27,15,128,1,1.0,Besoin d'Attention,0
16730.0,0,Actif,0.32934112353783435,0,Va rester,3 - Risque faible,43,2,480.94,240.47,35,128,1,0.5,Potentiellement Fidèles,0
13328.0,1,Churné,0.6287516089248336,1,Risque churn,2 - Risque moyen,125,1,1308.48,1308.48,17,125,0,0.0,Besoin d'Attention,0
13894.0,0,Actif,0.6310319447278908,1,Risque churn,2 - Risque moyen,119,1,160.85,160.85,10,119,1,1.0,Besoin d'Attention,0
16667.0,0,Actif,0.6203730722724149,1,Risque churn,2 - Risque moyen,93,1,203.35,203.35,20,93,0,0.0,Besoin d'Attention,0
16976.0,1,Churné,0.6131785888978977,1,Risque churn,2 - Risque moyen,76,1,251.52,251.52,2,76,0,0.0,Potentiellement Fidèles,0
13072.0,1,Churné,0.6098472823289443,1,Risque churn,2 - Risque moyen,75,1,177.15,177.15,7,75,0,0.0,Potentiellement Fidèles,0
14059.0,1,Churné,0.6087622358551154,1,Risque churn,2 - Risque moyen,75,1,183.6,183.6,8,75,0,0.0,Potentiellement Fidèles,0
16626.0,0,Actif,0.5201622580209135,1,Risque churn,2 - Risque moyen,75,1,795.75,795.75,47,75,1,1.0,Potentiellement Fidèles,0
16031.0,0,Actif,0.5522325415919891,1,Risque churn,2 - Risque moyen,56,1,305.63,305.63,39,56,0,0.0,Potentiellement Fidèles,0
17906.0,1,Churné,0.5843147975070602,1,Risque churn,2 - Risque moyen,56,1,72.9,72.9,12,56,0,0.0,Potentiellement Fidèles,0
15090.0,1,Churné,0.6421232357903549,1,Risque churn,2 - Risque moyen,117,1,381.32,381.32,23,117,0,0.0,Besoin d'Attention,0
15781.0,0,Actif,0.6625507368435387,1,Risque churn,2 - Risque moyen,114,1,83.35,83.35,5,114,0,0.0,Besoin d'Attention,0
17162.0,0,Actif,0.29862896577424153,0,Va rester,3 - Risque faible,54,5,819.31,163.86,53,114,0,0.0,Champions,0
17859.0,1,Churné,0.6443003562127744,1,Risque churn,2 - Risque moyen,113,1,148.21,148.21,23,113,0,0.0,Besoin d'Attention,0
16951.0,0,Actif,0.5744795638361383,1,Risque churn,2 - Risque moyen,113,1,1053.79,1053.79,70,113,0,0.0,Besoin d'Attention,0
14386.0,1,Churné,0.6482637264890134,1,Risque churn,2 - Risque moyen,105,1,142.4,142.4,7,105,0,0.0,Besoin d'Attention,0
17175.0,0,Actif,0.6195145246759579,1,Risque churn,2 - Risque moyen,105,1,519.08,519.08,27,105,0,0.0,Besoin d'Attention,0
13718.0,1,Churné,0.37301448024245326,0,Va rester,3 - Risque faible,55,2,306.55,153.28,9,104,0,0.0,Potentiellement Fidèles,0
14162.0,0,Actif,0.63718504876535,1,Risque churn,2 - Risque moyen,101,1,177.68,177.68,13,101,0,0.0,Besoin d'Attention,0
13301.0,0,Actif,0.3203661364535063,0,Va rester,3 - Risque faible,31,2,327.77,163.89,40,101,0,0.0,Potentiellement Fidèles,0
13184.0,0,Actif,0.27272457703658054,0,Va rester,3 - Risque faible,36,4,746.31,186.58,60,99,1,0.25,Champions,0
17711.0,1,Churné,0.6321574288869505,1,Risque churn,2 - Risque moyen,98,1,220.53,220.53,13,98,0,0.0,Besoin d'Attention,0
13751.0,1,Churné,0.6320325352343041,1,Risque churn,2 - Risque moyen,97,1,296.25,296.25,9,97,0,0.0,Besoin d'Attention,0
14504.0,0,Actif,0.2913040654310299,0,Va rester,3 - Risque faible,52,3,542.71,180.9,81,87,0,0.0,Potentiellement Fidèles,0
16621.0,0,Actif,0.33448529438720687,0,Va rester,3 - Risque faible,24,2,490.7,245.35,14,86,0,0.0,Potentiellement Fidèles,0
14214.0,0,Actif,0.5153187916382169,1,Risque churn,2 - Risque moyen,86,1,638.65,638.65,37,86,2,2.0,Potentiellement Fidèles,0
16426.0,0,Actif,0.6142537276458939,1,Risque churn,2 - Risque moyen,85,1,328.37,328.37,11,85,0,0.0,Potentiellement Fidèles,0
12881.0,1,Churné,0.6174471446137406,1,Risque churn,2 - Risque moyen,84,1,298.0,298.0,7,84,0,0.0,Potentiellement Fidèles,0
15671.0,0,Actif,0.2989477166959927,0,Va rester,3 - Risque faible,51,3,1033.13,344.38,41,79,2,0.6667,Potentiellement Fidèles,0
14636.0,0,Actif,0.6005426613211191,1,Risque churn,2 - Risque moyen,77,1,300.19,300.19,16,77,0,0.0,Potentiellement Fidèles,0
18224.0,1,Churné,0.6039495871868603,1,Risque churn,2 - Risque moyen,72,1,158.95,158.95,10,72,0,0.0,Potentiellement Fidèles,0
14245.0,1,Churné,0.22957552972964432,0,Va rester,3 - Risque faible,28,2,1693.45,846.72,107,72,2,1.0,Potentiellement Fidèles,0
17979.0,0,Actif,0.332775420134702,0,Va rester,3 - Risque faible,68,2,241.67,120.84,53,68,1,0.5,Potentiellement Fidèles,0
17874.0,0,Actif,0.2895284536791428,0,Va rester,3 - Risque faible,34,5,560.7,112.14,34,64,1,0.2,Champions,0
13588.0,0,Actif,0.5969305258917583,1,Risque churn,2 - Risque moyen,64,1,113.3,113.3,8,64,0,0.0,Potentiellement Fidèles,0
16398.0,0,Actif,0.47564785985042674,0,Va rester,2 - Risque moyen,62,1,1169.95,1169.95,63,62,1,1.0,Potentiellement Fidèles,0
15756.0,0,Actif,0.27049067818401784,0,Va rester,3 - Risque faible,22,2,249.12,124.56,83,58,0,0.0,Potentiellement Fidèles,0
14747.0,1,Churné,0.5397246094767078,1,Risque churn,2 - Risque moyen,58,1,328.2,328.2,18,58,1,1.0,Potentiellement Fidèles,0
15442.0,1,Churné,0.5778507296326094,1,Risque churn,2 - Risque moyen,57,1,594.0,594.0,2,57,0,0.0,Potentiellement Fidèles,0
13570.0,1,Churné,0.5600952466668739,1,Risque churn,2 - Risque moyen,52,1,239.49,239.49,27,52,0,0.0,Potentiellement Fidèles,0
18129.0,1,Churné,0.5769360864662126,1,Risque churn,2 - Risque moyen,52,1,112.55,112.55,13,52,0,0.0,Potentiellement Fidèles,0
15737.0,0,Actif,0.5153893234683882,1,Risque churn,2 - Risque moyen,51,1,475.88,475.88,29,51,1,1.0,Potentiellement Fidèles,0
16309.0,0,Actif,0.5585383358574537,1,Risque churn,2 - Risque moyen,49,1,334.2,334.2,21,49,0,0.0,Potentiellement Fidèles,0
13122.0,0,Actif,0.5094082843967355,1,Risque churn,2 - Risque moyen,49,1,903.67,903.67,54,49,0,0.0,Potentiellement Fidèles,0
14323.0,0,Actif,0.5251195641262763,1,Risque churn,2 - Risque moyen,47,1,299.82,299.82,19,47,1,1.0,Potentiellement Fidèles,0
15891.0,1,Churné,0.4977085569040272,0,Va rester,2 - Risque moyen,35,1,524.52,524.52,60,35,0,0.0,Potentiellement Fidèles,0
14973.0,0,Actif,0.5429054582574935,1,Risque churn,2 - Risque moyen,34,1,654.6,654.6,5,34,0,0.0,Potentiellement Fidèles,0
17501.0,1,Churné,0.3277061358186356,0,Va rester,3 - Risque faible,29,2,288.6,144.3,18,29,0,0.0,Potentiellement Fidèles,0
16230.0,0,Actif,0.5358346890300026,1,Risque churn,2 - Risque moyen,29,1,275.93,275.93,19,29,0,0.0,Potentiellement Fidèles,0
12886.0,0,Actif,0.4582323166083017,0,Va rester,2 - Risque moyen,28,1,775.0,775.0,47,28,1,1.0,Potentiellement Fidèles,0
16319.0,1,Churné,0.5423604597636286,1,Risque churn,2 - Risque moyen,26,1,404.4,404.4,3,26,0,0.0,Potentiellement Fidèles,0
13365.0,0,Actif,0.4653911754157182,0,Va rester,2 - Risque moyen,26,1,700.6,700.6,39,26,1,1.0,Potentiellement Fidèles,0
13003.0,0,Actif,0.5487987755948968,1,Risque churn,2 - Risque moyen,23,1,59.05,59.05,4,23,0,0.0,Potentiellement Fidèles,0
14591.0,0,Actif,0.5144341434332241,1,Risque churn,2 - Risque moyen,22,1,250.22,250.22,33,22,0,0.0,Potentiellement Fidèles,0
14883.0,0,Actif,0.522724082594827,1,Risque churn,2 - Risque moyen,20,1,310.56,310.56,19,20,0,0.0,Potentiellement Fidèles,0
17932.0,0,Actif,0.49222880229705046,0,Va rester,2 - Risque moyen,20,1,589.01,589.01,42,20,0,0.0,Potentiellement Fidèles,0
17970.0,1,Churné,0.5063327887696703,1,Risque churn,2 - Risque moyen,20,1,582.59,582.59,27,20,0,0.0,Potentiellement Fidèles,0
14888.0,1,Churné,0.5145317221911903,1,Risque churn,2 - Risque moyen,16,1,369.2,369.2,20,16,0,0.0,Potentiellement Fidèles,0
15660.0,0,Actif,0.18353581220469667,0,Va rester,3 - Risque faible,13,10,1951.15,195.11,53,481,2,0.2,Champions,3
15630.0,0,Actif,0.3675776180853389,0,Va rester,3 - Risque faible,13,2,691.91,345.96,41,453,1,0.5,Potentiellement Fidèles,2
17245.0,1,Churné,0.41049186080383226,0,Va rester,2 - Risque moyen,13,2,371.63,185.82,24,498,0,0.0,Potentiellement Fidèles,2
13529.0,0,Actif,0.5287618797912117,1,Risque churn,2 - Risque moyen,13,1,181.1,181.1,7,13,0,0.0,Potentiellement Fidèles,0
17675.0,0,Actif,0.019200712045491834,0,Va rester,3 - Risque faible,13,51,25391.47,497.87,215,538,15,0.2941,Champions,3
15854.0,0,Actif,0.11043019687467086,0,Va rester,3 - Risque faible,13,15,4193.55,279.57,134,538,0,0.0,Champions,3
17841.0,0,Actif,2.3854554441115856e-06,0,Va rester,3 - Risque faible,1,134,41422.12,309.12,1764,546,51,0.3806,Champions,1
15122.0,0,Actif,0.14056563758700505,0,Va rester,3 - Risque faible,13,10,3794.3,379.43,139,428,4,0.4,Champions,3
17166.0,0,Actif,0.4924633607875948,0,Va rester,2 - Risque moyen,12,1,127.59,127.59,10,12,1,1.0,Potentiellement Fidèles,0
17615.0,0,Actif,0.24478436496534323,0,Va rester,3 - Risque faible,12,5,675.9,135.18,44,294,1,0.2,Champions,0
17416.0,0,Actif,0.05903308620636318,0,Va rester,3 - Risque faible,6,18,13853.04,769.61,279,534,2,0.1111,Champions,3
13391.0,1,Churné,0.5369605242495866,1,Risque churn,2 - Risque moyen,12,1,59.8,59.8,1,12,0,0.0,Potentiellement Fidèles,0
14794.0,0,Actif,0.2153087583891659,0,Va rester,3 - Risque faible,12,7,1313.53,187.65,57,296,2,0.2857,Champions,0
12935.0,0,Actif,0.17066951651414405,0,Va rester,3 - Risque faible,12,10,2949.39,294.94,78,416,4,0.4,Champions,3
12916.0,0,Actif,0.19422825035984254,0,Va rester,3 - Risque faible,10,6,3960.65,660.11,75,493,1,0.1667,Champions,3
18150.0,0,Actif,0.5167631583285697,1,Risque churn,2 - Risque moyen,10,1,227.58,227.58,14,10,0,0.0,Potentiellement Fidèles,0
17315.0,0,Actif,0.048898244224364215,0,Va rester,3 - Risque faible,10,24,5998.13,249.92,314,247,4,0.1667,Champions,3
16700.0,0,Actif,0.06653043179596044,0,Va rester,3 - Risque faible,10,19,7039.39,370.49,229,546,4,0.2105,Champions,3
17690.0,0,Actif,0.10978723162934684,0,Va rester,3 - Risque faible,10,13,4822.45,370.96,168,483,0,0.0,Champions,3
13339.0,1,Churné,0.45756932654800964,0,Va rester,2 - Risque moyen,9,1,860.12,860.12,54,9,0,0.0,Potentiellement Fidèles,0
14189.0,0,Actif,0.16682494539406564,0,Va rester,3 - Risque faible,9,9,3316.38,368.49,118,197,4,0.4444,Champions,3
13798.0,0,Actif,0.0043787900419765486,0,Va rester,3 - Risque faible,5,85,60975.54,717.36,154,540,14,0.1647,Champions,1
14364.0,0,Actif,0.3043255725349874,0,Va rester,3 - Risque faible,9,2,1117.2,558.6,11,20,0,0.0,Potentiellement Fidèles,0
16033.0,0,Actif,0.05695646931764251,0,Va rester,3 - Risque faible,9,18,5297.4,294.3,328,294,7,0.3889,Champions,3
14191.0,0,Actif,0.2610563332649333,0,Va rester,3 - Risque faible,8,4,562.0,140.5,29,537,2,0.5,Champions,2
13267.0,0,Actif,0.0690590646238764,0,Va rester,3 - Risque faible,8,28,7446.91,265.96,126,541,10,0.3571,Champions,3
15719.0,0,Actif,0.03195856248087092,0,Va rester,3 - Risque faible,8,25,7608.42,304.34,366,547,7,0.28,Champions,3
16709.0,0,Actif,0.09384979760280758,0,Va rester,3 - Risque faible,8,13,8042.18,618.63,199,539,0,0.0,Champions,3
15513.0,0,Actif,0.04754297280606868,0,Va rester,3 - Risque faible,8,28,19061.79,680.78,219,504,4,0.1429,Champions,3
14057.0,0,Actif,0.09651688191645237,0,Va rester,3 - Risque faible,8,13,4867.41,374.42,194,545,1,0.0769,Champions,3
14738.0,0,Actif,0.22110336024016303,0,Va rester,3 - Risque faible,8,6,1033.14,172.19,41,541,1,0.1667,Champions,2
16923.0,0,Actif,0.047929776470930434,0,Va rester,3 - Risque faible,8,22,9291.27,422.33,298,486,8,0.3636,Champions,3
15194.0,0,Actif,0.06422395209668737,0,Va rester,3 - Risque faible,7,22,8472.34,385.11,203,545,8,0.3636,Champions,3
13069.0,0,Actif,0.01836406932485073,0,Va rester,3 - Risque faible,7,27,7778.55,288.09,519,352,2,0.0741,Champions,3
13599.0,0,Actif,0.09454393711584243,0,Va rester,3 - Risque faible,7,19,7019.62,369.45,139,547,13,0.6842,Champions,3
14415.0,0,Actif,0.0505296751150475,0,Va rester,3 - Risque faible,7,15,8590.57,572.7,345,532,6,0.4,Champions,3
14101.0,0,Actif,0.18102609625366323,0,Va rester,3 - Risque faible,6,11,8144.53,740.41,19,430,1,0.0909,Champions,3
12987.0,0,Actif,0.249105795604312,0,Va rester,3 - Risque faible,6,4,1057.81,264.45,48,497,0,0.0,Champions,2
17059.0,0,Actif,0.109131439692994,0,Va rester,3 - Risque faible,6,7,4018.16,574.02,250,491,1,0.1429,Champions,3
15622.0,0,Actif,0.07378768040837616,0,Va rester,3 - Risque faible,6,13,6745.05,518.85,296,454,10,0.7692,Champions,3
13911.0,0,Actif,0.09728102813617258,0,Va rester,3 - Risque faible,6,17,3357.99,197.53,152,457,2,0.1176,Champions,3
16275.0,1,Churné,0.23265900430031938,0,Va rester,3 - Risque faible,5,3,2151.11,717.04,105,450,0,0.0,Potentiellement Fidèles,2
14092.0,0,Actif,0.1006971359584309,0,Va rester,3 - Risque faible,5,16,4950.01,309.38,134,532,2,0.125,Champions,3
14625.0,1,Churné,0.11238546855221494,0,Va rester,3 - Risque faible,5,11,4497.88,408.9,167,532,5,0.4545,Champions,3
14976.0,0,Actif,0.27102877332117853,0,Va rester,3 - Risque faible,5,3,450.26,150.09,35,135,1,0.3333,Potentiellement Fidèles,0
14451.0,0,Actif,0.09591848397380726,0,Va rester,3 - Risque faible,3,11,3006.18,273.29,218,500,6,0.5455,Champions,3
15897.0,1,Churné,0.2928292764911151,0,Va rester,3 - Risque faible,3,2,222.05,111.03,17,3,0,0.0,Potentiellement Fidèles,0
16333.0,0,Actif,0.1701400156690758,0,Va rester,3 - Risque faible,1,16,13087.2,817.95,8,118,0,0.0,Champions,0
16434.0,0,Actif,0.17438573222095982,0,Va rester,3 - Risque faible,1,8,1943.71,242.96,79,500,1,0.125,Champions,3
13481.0,0,Actif,0.14446780216488125,0,Va rester,3 - Risque faible,1,8,3005.27,375.66,128,544,2,0.25,Champions,3
13635.0,0,Actif,0.5364260707210933,1,Risque churn,2 - Risque moyen,251,3,1928.13,642.71,89,547,2,0.6667,Sur le point de Partir,2
15413.0,1,Churné,0.8268833207955179,1,Risque churn,1 - Risque élevé,500,5,6798.72,1359.74,20,547,2,0.4,En danger,2
16329.0,1,Churné,0.4979449046893723,0,Va rester,2 - Risque moyen,236,4,1703.07,425.77,83,547,0,0.0,En danger,2
17804.0,1,Churné,0.46185461817325807,0,Va rester,2 - Risque moyen,185,3,385.23,128.41,82,547,1,0.3333,Besoin d'Attention,2
17063.0,0,Actif,0.23321648035880893,0,Va rester,3 - Risque faible,98,8,2496.76,312.09,111,547,7,0.875,Fidèles,3
15793.0,0,Actif,0.3153345939045168,0,Va rester,3 - Risque faible,77,6,1740.6,290.1,9,547,0,0.0,Champions,2
14478.0,1,Churné,0.45904761686883644,0,Va rester,2 - Risque moyen,191,4,1276.66,319.17,59,547,0,0.0,Fidèles,2
15967.0,0,Actif,0.14279632775412096,0,Va rester,3 - Risque faible,127,11,2796.57,254.23,290,547,1,0.0909,Fidèles,3
12921.0,0,Actif,0.021211275638669466,0,Va rester,3 - Risque faible,21,50,24848.39,496.97,231,547,25,0.5,Champions,3
15945.0,1,Churné,0.4777433203853348,0,Va rester,2 - Risque moyen,174,4,827.27,206.82,24,547,0,0.0,Fidèles,2
14061.0,1,Churné,0.6882841758139091,1,Risque churn,2 - Risque moyen,316,3,917.43,305.81,17,547,0,0.0,En danger,2
15759.0,1,Churné,0.24459281010033956,0,Va rester,3 - Risque faible,27,7,830.93,118.7,10,546,3,0.4286,Champions,2
17511.0,0,Actif,0.0045202818946603685,0,Va rester,3 - Risque faible,15,44,120291.57,2733.9,502,546,17,0.3864,Champions,1
13564.0,0,Actif,0.03373440594032193,0,Va rester,3 - Risque faible,163,36,16698.91,463.86,484,546,15,0.4167,Fidèles,3
15287.0,0,Actif,0.5418485984799787,1,Risque churn,2 - Risque moyen,188,3,369.34,123.11,13,546,0,0.0,Besoin d'Attention,2
15794.0,1,Churné,0.8885950234590039,1,Risque churn,1 - Risque élevé,545,2,777.0,388.5,15,546,0,0.0,En danger,2
14771.0,1,Churné,0.7895260133053823,1,Risque churn,1 - Risque élevé,430,2,594.62,297.31,46,545,1,0.5,En danger,2
17209.0,1,Churné,0.8129820638731631,1,Risque churn,1 - Risque élevé,458,3,611.6,203.87,36,545,0,0.0,En danger,2
17411.0,0,Actif,0.32299228459480245,0,Va rester,3 - Risque faible,70,3,932.02,310.67,46,545,4,1.3333,Potentiellement Fidèles,2
16918.0,0,Actif,0.1687072806321871,0,Va rester,3 - Risque faible,126,11,2420.25,220.02,235,545,2,0.1818,Fidèles,3
17287.0,0,Actif,0.0692365511824202,0,Va rester,3 - Risque faible,14,18,3548.19,197.12,243,545,2,0.1111,Champions,3
13786.0,1,Churné,0.37076008809420463,0,Va rester,3 - Risque faible,176,6,3358.94,559.82,80,545,2,0.3333,Fidèles,2
13037.0,0,Actif,0.1249418233514813,0,Va rester,3 - Risque faible,28,11,3611.2,328.29,174,545,4,0.3636,Champions,3
14961.0,0,Actif,0.0703290943530166,0,Va rester,3 - Risque faible,41,18,12545.13,696.95,266,544,6,0.3333,Champions,3
16883.0,0,Actif,0.22010079237194535,0,Va rester,3 - Risque faible,180,18,2247.89,124.88,144,544,1,0.0556,Fidèles,3
13175.0,1,Churné,0.7553125633289818,1,Risque churn,1 - Risque élevé,391,2,831.45,415.73,40,544,2,1.0,En danger,2
18223.0,0,Actif,0.09199422784295738,0,Va rester,3 - Risque faible,14,19,10273.79,540.73,159,544,19,1.0,Champions,3
14979.0,1,Churné,0.9419120766475475,1,Risque churn,1 - Risque élevé,544,1,439.46,439.46,42,544,0,0.0,Perdus,2
15382.0,0,Actif,0.10364027280631775,0,Va rester,3 - Risque faible,19,8,9365.86,1170.73,241,544,7,0.875,Champions,3
13329.0,0,Actif,0.3959993001693179,0,Va rester,3 - Risque faible,175,7,4628.17,661.17,60,544,6,0.8571,Fidèles,3
18071.0,1,Churné,0.2768848846105388,0,Va rester,3 - Risque faible,66,6,1428.63,238.11,52,543,0,0.0,Champions,2
15223.0,1,Churné,0.26984910320502453,0,Va rester,3 - Risque faible,34,5,1417.95,283.59,26,543,1,0.2,Champions,2
13021.0,0,Actif,0.15172145379341714,0,Va rester,3 - Risque faible,24,11,3035.86,275.99,106,543,6,0.5455,Champions,3
17115.0,0,Actif,0.22412780397310286,0,Va rester,3 - Risque faible,42,5,2234.01,446.8,88,543,5,1.0,Champions,3
15860.0,0,Actif,0.12174018939101393,0,Va rester,3 - Risque faible,41,12,1948.26,162.36,192,542,0,0.0,Champions,3
14454.0,1,Churné,0.3994132133680557,0,Va rester,3 - Risque faible,185,5,977.3,195.46,93,542,1,0.2,Fidèles,2
16773.0,0,Actif,0.657781450964068,1,Risque churn,2 - Risque moyen,245,2,249.65,124.83,34,542,0,0.0,Sur le point de Partir,2
17858.0,0,Actif,0.1133538188136705,0,Va rester,3 - Risque faible,70,24,10261.79,427.57,106,542,2,0.0833,Champions,3
17530.0,0,Actif,0.10015710927687639,0,Va rester,3 - Risque faible,15,8,2124.37,265.55,271,542,1,0.125,Champions,3
17707.0,0,Actif,0.3930977486811205,0,Va rester,3 - Risque faible,145,7,540.6,77.23,9,541,1,0.1429,Fidèles,2
17436.0,1,Churné,0.30549066598663566,0,Va rester,3 - Risque faible,35,4,440.16,110.04,5,541,2,0.5,Champions,2
14670.0,1,Churné,0.29278351586047896,0,Va rester,3 - Risque faible,89,3,602.0,200.67,159,541,0,0.0,Potentiellement Fidèles,2
16702.0,1,Churné,0.47695783596316765,0,Va rester,2 - Risque moyen,224,4,1110.83,277.71,84,541,1,0.25,En danger,2
18259.0,0,Actif,0.4377081317262673,0,Va rester,2 - Risque moyen,175,5,2355.9,471.18,36,540,0,0.0,Fidèles,2
14215.0,0,Actif,0.28539075400471653,0,Va rester,3 - Risque faible,124,6,2548.72,424.79,123,540,1,0.1667,Fidèles,2
13025.0,1,Churné,0.9472196995153078,1,Risque churn,1 - Risque élevé,540,1,323.39,323.39,13,540,0,0.0,Perdus,2
17067.0,1,Churné,0.8763382783628072,1,Risque churn,1 - Risque élevé,533,3,454.54,151.51,8,540,0,0.0,En danger,2
14861.0,0,Actif,0.38429908979847865,0,Va rester,3 - Risque faible,189,9,1254.94,139.44,58,540,4,0.4444,Fidèles,3
17852.0,1,Churné,0.5078819327575191,1,Risque churn,2 - Risque moyen,197,3,548.87,182.96,62,540,0,0.0,Sur le point de Partir,2
13081.0,0,Actif,0.01218844175305431,0,Va rester,3 - Risque faible,26,24,45331.28,1888.8,628,540,10,0.4167,Champions,3
16892.0,0,Actif,0.747797327340348,1,Risque churn,1 - Risque élevé,363,2,236.56,118.28,38,540,1,0.5,En danger,2
17178.0,1,Churné,0.9429839541902333,1,Risque churn,1 - Risque élevé,540,1,436.71,436.71,31,540,0,0.0,Perdus,2
13202.0,1,Churné,0.4271189839269138,0,Va rester,2 - Risque moyen,203,7,1580.3,225.76,55,539,1,0.1429,En danger,2
13672.0,1,Churné,0.40722228034494024,0,Va rester,2 - Risque moyen,110,3,419.92,139.97,13,539,4,1.3333,Besoin d'Attention,2
17929.0,0,Actif,0.25768336621301546,0,Va rester,3 - Risque faible,63,10,2674.1,267.41,5,539,0,0.0,Champions,2
13983.0,0,Actif,0.10129903070373068,0,Va rester,3 - Risque faible,41,15,6050.39,403.36,212,539,8,0.5333,Champions,3
18065.0,0,Actif,0.08942570515449078,0,Va rester,3 - Risque faible,28,21,4621.53,220.07,155,539,3,0.1429,Champions,3
17880.0,1,Churné,0.49475902175024766,0,Va rester,2 - Risque moyen,173,3,824.92,274.97,43,539,0,0.0,Besoin d'Attention,2
13848.0,0,Actif,0.3410188403861104,0,Va rester,3 - Risque faible,106,7,3015.0,430.71,3,539,0,0.0,Fidèles,2
15465.0,0,Actif,0.09660071598163615,0,Va rester,3 - Risque faible,42,26,10464.49,402.48,89,538,6,0.2308,Champions,3
16596.0,0,Actif,0.521102082057517,1,Risque churn,2 - Risque moyen,175,3,450.13,150.04,17,538,0,0.0,Besoin d'Attention,2
12933.0,0,Actif,0.2248098106681722,0,Va rester,3 - Risque faible,92,6,1190.25,198.37,159,538,3,0.5,Champions,3
18276.0,0,Actif,0.4371333474530292,0,Va rester,2 - Risque moyen,201,5,1320.66,264.13,69,538,2,0.4,En danger,2
14081.0,1,Churné,0.07479710573036805,0,Va rester,3 - Risque faible,111,10,5370.1,537.01,465,538,6,0.6,Fidèles,3
16905.0,0,Actif,0.1575397218487246,0,Va rester,3 - Risque faible,45,13,2785.65,214.28,106,538,3,0.2308,Champions,3
13077.0,1,Churné,0.1845547875931351,0,Va rester,3 - Risque faible,99,10,2912.84,291.28,176,537,3,0.3,Fidèles,3
16191.0,0,Actif,0.15953138160176883,0,Va rester,3 - Risque faible,71,19,13123.18,690.69,76,537,11,0.5789,Champions,3
17344.0,0,Actif,0.9341536363922156,1,Risque churn,1 - Risque élevé,537,1,307.54,307.54,36,537,1,1.0,Perdus,2
15898.0,1,Churné,0.054017830185817635,0,Va rester,3 - Risque faible,35,24,5210.42,217.1,280,537,4,0.1667,Champions,3
14130.0,1,Churné,0.2736820749325,0,Va rester,3 - Risque faible,128,4,1882.67,470.67,189,537,0,0.0,Fidèles,2
15196.0,1,Churné,0.6506459379635092,1,Risque churn,2 - Risque moyen,241,2,316.25,158.13,34,535,0,0.0,Sur le point de Partir,2
15956.0,1,Churné,0.7642992333409809,1,Risque churn,1 - Risque élevé,360,2,617.6,308.8,18,535,0,0.0,En danger,2
14685.0,1,Churné,0.6221089190550564,1,Risque churn,2 - Risque moyen,385,8,4619.79,577.47,109,535,5,0.625,En danger,3
17211.0,0,Actif,0.14344677062730993,0,Va rester,3 - Risque faible,42,10,2983.37,298.34,166,535,2,0.2,Champions,3
13087.0,1,Churné,0.9455550580986789,1,Risque churn,1 - Risque élevé,535,1,313.64,313.64,15,535,0,0.0,Perdus,2
16725.0,1,Churné,0.1372699313359562,0,Va rester,3 - Risque faible,111,14,1882.11,134.44,242,535,2,0.1429,Fidèles,3
13872.0,1,Churné,0.6554757802197398,1,Risque churn,2 - Risque moyen,336,3,919.57,306.52,51,534,3,1.0,En danger,2
17075.0,0,Actif,0.18031315962720645,0,Va rester,3 - Risque faible,62,9,2103.68,233.74,140,534,1,0.1111,Champions,3
12926.0,1,Churné,0.3724211801973671,0,Va rester,3 - Risque faible,220,4,1548.46,387.11,202,534,0,0.0,En danger,2
17866.0,0,Actif,0.7242495278296963,1,Risque churn,1 - Risque élevé,293,2,805.3,402.65,15,534,0,0.0,En danger,2
16858.0,1,Churné,0.33624214004924696,0,Va rester,3 - Risque faible,177,10,4668.28,466.83,75,533,6,0.6,Fidèles,3
14607.0,0,Actif,0.22691724029170626,0,Va rester,3 - Risque faible,70,9,8063.13,895.9,76,533,2,0.2222,Champions,3
18220.0,1,Churné,0.24957746208955267,0,Va rester,3 - Risque faible,35,6,1921.76,320.29,17,533,5,0.8333,Champions,3
17625.0,0,Actif,0.11983729058536365,0,Va rester,3 - Risque faible,66,5,4570.48,914.1,343,533,0,0.0,Champions,3
15812.0,0,Actif,0.23461495804799687,0,Va rester,3 - Risque faible,63,9,4165.09,462.79,57,533,1,0.1111,Champions,3
18260.0,0,Actif,0.0668917243798543,0,Va rester,3 - Risque faible,14,22,9534.98,433.41,205,533,9,0.4091,Champions,3
15393.0,0,Actif,0.3565645671434106,0,Va rester,3 - Risque faible,90,4,783.58,195.9,35,533,0,0.0,Champions,2
14460.0,0,Actif,0.344680265021829,0,Va rester,3 - Risque faible,119,7,689.16,98.45,23,533,3,0.4286,Fidèles,2
17677.0,0,Actif,0.03605809178292999,0,Va rester,3 - Risque faible,21,35,26592.61,759.79,279,532,30,0.8571,Champions,3
16197.0,1,Churné,0.5181459446446551,1,Risque churn,2 - Risque moyen,278,9,2016.71,224.08,52,532,0,0.0,En danger,2
13289.0,1,Churné,0.9445703446804067,1,Risque churn,1 - Risque élevé,532,1,307.95,307.95,16,532,0,0.0,Perdus,2
17091.0,0,Actif,0.11136460766607477,0,Va rester,3 - Risque faible,49,13,5377.06,413.62,210,532,4,0.3077,Champions,3
13008.0,1,Churné,0.4118470414983271,0,Va rester,2 - Risque moyen,132,3,612.13,204.04,31,532,4,1.3333,Besoin d'Attention,2
16862.0,1,Churné,0.702155198216325,1,Risque churn,1 - Risque élevé,356,4,662.33,165.58,34,510,0,0.0,En danger,2
14045.0,0,Actif,0.30074642097985993,0,Va rester,3 - Risque faible,146,15,10905.03,727.0,16,509,3,0.2,Fidèles,3
13360.0,1,Churné,0.5209029351497318,1,Risque churn,2 - Risque moyen,240,4,1553.65,388.41,58,509,3,0.75,En danger,2
16103.0,0,Actif,0.12364863415835362,0,Va rester,3 - Risque faible,35,18,5296.53,294.25,101,509,5,0.2778,Champions,3
15607.0,1,Churné,0.2980193402387141,0,Va rester,3 - Risque faible,145,9,1708.97,189.89,95,509,4,0.4444,Fidèles,3
14091.0,1,Churné,0.7750401478325092,1,Risque churn,1 - Risque élevé,463,2,9530.08,4765.04,13,507,0,0.0,En danger,2
17147.0,0,Actif,0.18740382551274914,0,Va rester,3 - Risque faible,15,7,2458.47,351.21,74,506,7,1.0,Champions,3
17529.0,1,Churné,0.7703277861894877,1,Risque churn,1 - Risque élevé,419,2,1240.25,620.13,78,506,0,0.0,En danger,2
14441.0,0,Actif,0.2253683341009837,0,Va rester,3 - Risque faible,64,8,3255.64,406.96,76,499,5,0.625,Champions,3
15697.0,1,Churné,0.9352100135489322,1,Risque churn,1 - Risque élevé,498,1,246.75,246.75,14,498,0,0.0,Perdus,2
17769.0,0,Actif,0.14802107472329218,0,Va rester,3 - Risque faible,87,9,3989.86,443.32,242,498,2,0.2222,Champions,3
16087.0,1,Churné,0.49581334947193223,0,Va rester,2 - Risque moyen,198,5,1739.92,347.98,6,498,0,0.0,En danger,2
13315.0,1,Churné,0.9328665834861811,1,Risque churn,1 - Risque élevé,498,1,310.26,310.26,22,498,0,0.0,Perdus,2
17307.0,1,Churné,0.42118971239811603,0,Va rester,2 - Risque moyen,204,11,3999.89,363.63,22,498,4,0.3636,En danger,3
13027.0,0,Actif,0.1813784276450675,0,Va rester,3 - Risque faible,42,16,14263.2,891.45,7,497,4,0.25,Champions,3
16727.0,1,Churné,0.3524286717895186,0,Va rester,3 - Risque faible,173,4,1437.42,359.35,158,497,0,0.0,Fidèles,2
14376.0,1,Churné,0.9328061638063677,1,Risque churn,1 - Risque élevé,492,1,215.46,215.46,17,492,0,0.0,Perdus,2
16481.0,1,Churné,0.9109755752086353,1,Risque churn,1 - Risque élevé,491,1,453.38,453.38,16,491,2,2.0,Perdus,2
15943.0,1,Churné,0.8308477861044042,1,Risque churn,1 - Risque élevé,458,2,271.29,135.65,12,486,0,0.0,En danger,2
16955.0,0,Actif,0.4000042441441156,0,Va rester,2 - Risque moyen,145,5,1145.72,229.14,29,486,3,0.6,Fidèles,2
14481.0,0,Actif,0.29788863757758527,0,Va rester,3 - Risque faible,96,4,1977.84,494.46,106,486,1,0.25,Fidèles,2
15416.0,0,Actif,0.23072235868020902,0,Va rester,3 - Risque faible,48,5,2862.93,572.59,123,485,1,0.2,Champions,3
15803.0,0,Actif,0.5834485065298368,1,Risque churn,2 - Risque moyen,254,3,1513.84,504.61,42,485,0,0.0,Sur le point de Partir,2
14562.0,0,Actif,0.14569817630427598,0,Va rester,3 - Risque faible,41,11,2570.73,233.7,157,479,0,0.0,Champions,3
16212.0,0,Actif,0.3600857454226007,0,Va rester,3 - Risque faible,92,3,1101.52,367.17,61,479,1,0.3333,Potentiellement Fidèles,2
13304.0,1,Churné,0.4001185065692241,0,Va rester,2 - Risque moyen,160,4,1217.99,304.5,59,478,3,0.75,Fidèles,2
13976.0,1,Churné,0.25609416503922683,0,Va rester,3 - Risque faible,15,4,1192.36,298.09,49,477,0,0.0,Champions,2
18058.0,1,Churné,0.7490451255123614,1,Risque churn,1 - Risque élevé,350,2,603.9,301.95,11,476,0,0.0,En danger,2
17575.0,1,Churné,0.9305681230281706,1,Risque churn,1 - Risque élevé,476,1,171.7,171.7,5,476,0,0.0,Perdus,2
14190.0,1,Churné,0.9319524221057209,1,Risque churn,1 - Risque élevé,475,1,79.9,79.9,1,475,0,0.0,Perdus,2
15244.0,0,Actif,0.4282953902725145,0,Va rester,2 - Risque moyen,57,2,578.45,289.23,28,475,1,0.5,Potentiellement Fidèles,2
16553.0,0,Actif,0.04763742924862024,0,Va rester,3 - Risque faible,14,30,15655.37,521.85,191,475,3,0.1,Champions,3
15372.0,0,Actif,0.5522865689381123,1,Risque churn,2 - Risque moyen,259,7,4009.66,572.81,19,472,2,0.2857,En danger,2
18006.0,0,Actif,0.5227130850228613,1,Risque churn,2 - Risque moyen,190,3,553.18,184.39,36,531,0,0.0,Besoin d'Attention,2
16296.0,1,Churné,0.7524740196682411,1,Risque churn,1 - Risque élevé,435,4,1313.67,328.42,56,530,2,0.5,En danger,2
17028.0,1,Churné,0.7228206176771607,1,Risque churn,1 - Risque élevé,390,3,1593.83,531.28,85,530,0,0.0,En danger,2
18252.0,0,Actif,0.6843631452728574,1,Risque churn,2 - Risque moyen,357,5,1015.42,203.08,35,530,1,0.2,En danger,2
13871.0,0,Actif,0.1551451758958267,0,Va rester,3 - Risque faible,15,9,3878.33,430.93,106,528,3,0.3333,Champions,3
17182.0,1,Churné,0.6649554133955106,1,Risque churn,2 - Risque moyen,231,2,321.3,160.65,4,527,0,0.0,Sur le point de Partir,2
13287.0,1,Churné,0.7333084620163175,1,Risque churn,1 - Risque élevé,412,3,781.59,260.53,46,513,4,1.3333,En danger,2
16792.0,1,Churné,0.293976680256835,0,Va rester,3 - Risque faible,91,5,623.46,124.69,90,513,0,0.0,Champions,2
17807.0,1,Churné,0.48880369032097165,0,Va rester,2 - Risque moyen,204,3,437.87,145.96,88,513,0,0.0,Sur le point de Partir,2
14839.0,1,Churné,0.5421200071487544,1,Risque churn,2 - Risque moyen,227,3,915.28,305.09,61,513,0,0.0,Sur le point de Partir,2
15521.0,0,Actif,0.11142806625152034,0,Va rester,3 - Risque faible,21,12,5774.27,481.19,177,512,4,0.3333,Champions,3
14969.0,1,Churné,0.934674325203156,1,Risque churn,1 - Risque élevé,512,1,906.23,906.23,13,512,0,0.0,Perdus,2
13610.0,0,Actif,0.1430461879888315,0,Va rester,3 - Risque faible,52,9,1393.72,154.86,204,512,2,0.2222,Champions,3
14954.0,0,Actif,0.9343089274440084,1,Risque churn,1 - Risque élevé,512,1,167.27,167.27,41,512,0,0.0,Perdus,2
17362.0,1,Churné,0.21088522158835526,0,Va rester,3 - Risque faible,48,7,1024.04,146.29,99,511,1,0.1429,Champions,2
17941.0,0,Actif,0.7752662012829018,1,Risque churn,1 - Risque élevé,399,3,1128.72,376.24,3,511,0,0.0,En danger,2
15299.0,0,Actif,0.2993216718617643,0,Va rester,3 - Risque faible,72,7,5919.54,845.65,6,505,3,0.4286,Champions,3
14225.0,1,Churné,0.511845914616897,1,Risque churn,2 - Risque moyen,243,4,2037.02,509.26,70,505,1,0.25,En danger,2
14423.0,1,Churné,0.32752523778520143,0,Va rester,3 - Risque faible,27,3,916.61,305.54,12,503,1,0.3333,Potentiellement Fidèles,2
16524.0,1,Churné,0.6464331686007277,1,Risque churn,2 - Risque moyen,255,2,308.14,154.07,50,500,0,0.0,Sur le point de Partir,2
17335.0,1,Churné,0.5953442238540112,1,Risque churn,2 - Risque moyen,192,2,508.0,254.0,34,493,0,0.0,Besoin d'Attention,2
17780.0,1,Churné,0.8014817253403124,1,Risque churn,1 - Risque élevé,476,3,352.91,117.64,76,493,0,0.0,En danger,2
14870.0,1,Churné,0.27965855294362785,0,Va rester,3 - Risque faible,70,6,1838.95,306.49,43,492,3,0.5,Champions,2
16004.0,1,Churné,0.5753999470700661,1,Risque churn,2 - Risque moyen,283,5,2146.39,429.28,63,492,0,0.0,En danger,2
14279.0,1,Churné,0.7466570090694347,1,Risque churn,1 - Risque élevé,329,2,191.86,95.93,3,490,0,0.0,En danger,2
15544.0,0,Actif,0.10965679165886576,0,Va rester,3 - Risque faible,20,15,6375.19,425.01,147,489,4,0.2667,Champions,3
13583.0,0,Actif,0.9208243086872622,1,Risque churn,1 - Risque élevé,488,1,664.0,664.0,43,488,0,0.0,Perdus,2
14249.0,1,Churné,0.29927902501863474,0,Va rester,3 - Risque faible,219,12,5625.46,468.79,178,488,0,0.0,En danger,3
16300.0,1,Churné,0.4272667094190486,0,Va rester,2 - Risque moyen,239,3,1392.43,464.14,190,484,0,0.0,Sur le point de Partir,2
17092.0,0,Actif,0.18058124762640584,0,Va rester,3 - Risque faible,86,8,3952.08,494.01,201,484,3,0.375,Champions,3
15091.0,0,Actif,0.8189711426360653,1,Risque churn,1 - Risque élevé,483,2,565.9,282.95,27,483,2,1.0,En danger,2
16928.0,0,Actif,0.11451503780868853,0,Va rester,3 - Risque faible,24,18,2215.74,123.1,122,483,3,0.1667,Champions,3
16147.0,0,Actif,0.4411702962706839,0,Va rester,2 - Risque moyen,209,4,2023.91,505.98,101,481,2,0.5,En danger,2
13700.0,0,Actif,0.19954030583269808,0,Va rester,3 - Risque faible,49,8,1292.0,161.5,112,479,1,0.125,Champions,3
15422.0,1,Churné,0.3220884203256372,0,Va rester,3 - Risque faible,132,7,1619.97,231.42,80,479,1,0.1429,Fidèles,2
17136.0,1,Churné,0.9260459802562894,1,Risque churn,1 - Risque élevé,471,1,231.68,231.68,14,471,0,0.0,Perdus,2
14369.0,1,Churné,0.8183923126017223,1,Risque churn,1 - Risque élevé,451,2,469.13,234.56,24,470,0,0.0,En danger,2
13407.0,1,Churné,0.6996829417370473,1,Risque churn,2 - Risque moyen,387,3,2244.7,748.23,85,470,3,1.0,En danger,2
17171.0,1,Churné,0.4941935927571109,0,Va rester,2 - Risque moyen,98,2,384.59,192.3,25,470,0,0.0,Besoin d'Attention,2
14639.0,0,Actif,0.25015819724653343,0,Va rester,3 - Risque faible,100,5,3229.6,645.92,133,470,2,0.4,Fidèles,3
17789.0,1,Churné,0.4830622765509634,0,Va rester,2 - Risque moyen,90,2,397.15,198.58,27,470,0,0.0,Potentiellement Fidèles,2
13604.0,1,Churné,0.9072032837951878,1,Risque churn,1 - Risque élevé,467,1,717.62,717.62,21,467,1,1.0,Perdus,2
13340.0,0,Actif,0.23320091757122877,0,Va rester,3 - Risque faible,85,6,15042.11,2507.02,116,464,0,0.0,Champions,3
14726.0,1,Churné,0.9238057640063388,1,Risque churn,1 - Risque élevé,463,1,124.75,124.75,15,463,0,0.0,Perdus,2
16208.0,0,Actif,0.20119571158986055,0,Va rester,3 - Risque faible,98,9,3273.78,363.75,164,462,0,0.0,Fidèles,3
13944.0,1,Churné,0.9172663538790715,1,Risque churn,1 - Risque élevé,462,1,200.43,200.43,35,462,0,0.0,Perdus,2
13010.0,1,Churné,0.5942755475092788,1,Risque churn,2 - Risque moyen,183,2,330.12,165.06,10,457,0,0.0,Besoin d'Attention,2
14131.0,1,Churné,0.9124317531785311,1,Risque churn,1 - Risque élevé,457,1,187.87,187.87,45,457,0,0.0,Perdus,2
17305.0,1,Churné,0.9019783826862482,1,Risque churn,1 - Risque élevé,457,1,2135.46,2135.46,9,457,0,0.0,Perdus,2
16731.0,1,Churné,0.9140442751847762,1,Risque churn,1 - Risque élevé,457,1,174.05,174.05,40,457,0,0.0,Perdus,2
16520.0,0,Actif,0.16232119104027348,0,Va rester,3 - Risque faible,48,5,2058.97,411.79,223,456,1,0.2,Champions,3
14097.0,1,Churné,0.6788379765389116,1,Risque churn,2 - Risque moyen,290,2,422.86,211.43,39,454,0,0.0,En danger,2
13879.0,1,Churné,0.9148468291859235,1,Risque churn,1 - Risque élevé,454,1,395.5,395.5,25,454,0,0.0,Perdus,2
14186.0,1,Churné,0.4921961039256982,0,Va rester,2 - Risque moyen,236,5,1550.63,310.13,75,453,0,0.0,En danger,2
14852.0,0,Actif,0.1830698161139232,0,Va rester,3 - Risque faible,61,13,3800.89,292.38,92,453,3,0.2308,Champions,3
13508.0,1,Churné,0.4399197733711064,0,Va rester,2 - Risque moyen,52,2,287.05,143.52,27,451,0,0.0,Potentiellement Fidèles,2
17589.0,0,Actif,0.03318915524376374,0,Va rester,3 - Risque faible,49,15,12236.47,815.76,543,451,3,0.2,Champions,3
17298.0,0,Actif,0.4965834849012733,0,Va rester,2 - Risque moyen,183,3,459.14,153.05,38,450,1,0.3333,Besoin d'Attention,2
17025.0,0,Actif,0.49615668057175544,0,Va rester,2 - Risque moyen,182,4,1313.84,328.46,28,450,0,0.0,Fidèles,2
17438.0,1,Churné,0.28994202112429257,0,Va rester,3 - Risque faible,62,5,1422.77,284.55,49,450,1,0.2,Champions,2
15722.0,0,Actif,0.2849637708926659,0,Va rester,3 - Risque faible,99,7,3359.59,479.94,76,449,3,0.4286,Fidèles,3
16707.0,1,Churné,0.4887038248025148,0,Va rester,2 - Risque moyen,209,4,551.11,137.78,64,449,0,0.0,En danger,2
14676.0,0,Actif,0.20121349365683455,0,Va rester,3 - Risque faible,16,9,6957.07,773.01,66,448,4,0.4444,Champions,3
16846.0,0,Actif,0.7575672128432498,1,Risque churn,1 - Risque élevé,386,2,628.09,314.04,36,448,0,0.0,En danger,2
16347.0,0,Actif,0.30905236014428333,0,Va rester,3 - Risque faible,197,9,2621.76,291.31,167,446,2,0.2222,En danger,3
18149.0,0,Actif,0.23100645563763433,0,Va rester,3 - Risque faible,24,6,1562.31,260.39,54,444,0,0.0,Champions,2
15123.0,1,Churné,0.21608854201127706,0,Va rester,3 - Risque faible,15,4,3526.33,881.58,113,442,0,0.0,Champions,2
14873.0,1,Churné,0.3799271764199149,0,Va rester,3 - Risque faible,19,2,854.13,427.07,48,442,0,0.0,Potentiellement Fidèles,2
17933.0,1,Churné,0.9160784033692407,1,Risque churn,1 - Risque élevé,441,1,114.69,114.69,12,441,0,0.0,Perdus,2
18131.0,1,Churné,0.916842126824791,1,Risque churn,1 - Risque élevé,440,1,222.96,222.96,4,440,0,0.0,Perdus,2
16571.0,0,Actif,0.23055314332852078,0,Va rester,3 - Risque faible,90,8,3263.73,407.97,118,440,5,0.625,Champions,3
17349.0,0,Actif,0.4596485810191946,0,Va rester,2 - Risque moyen,189,4,741.5,185.37,66,440,0,0.0,Fidèles,2
17838.0,0,Actif,0.22446354661964218,0,Va rester,3 - Risque faible,101,11,5631.3,511.94,111,439,1,0.0909,Fidèles,3
17738.0,0,Actif,0.20720606141505785,0,Va rester,3 - Risque faible,91,10,3084.43,308.44,139,439,1,0.1,Champions,3
18078.0,1,Churné,0.26222222457369526,0,Va rester,3 - Risque faible,26,4,844.6,211.15,65,437,0,0.0,Champions,2
13357.0,1,Churné,0.15268761765333533,0,Va rester,3 - Risque faible,66,5,3838.36,767.67,284,436,0,0.0,Champions,3
14355.0,1,Churné,0.4673726960653446,0,Va rester,2 - Risque moyen,174,3,1014.45,338.15,57,436,0,0.0,Besoin d'Attention,2
14762.0,1,Churné,0.4589772271562938,0,Va rester,2 - Risque moyen,72,2,417.57,208.78,28,435,0,0.0,Potentiellement Fidèles,2
13969.0,0,Actif,0.05091407685959923,0,Va rester,3 - Risque faible,27,23,5819.01,253.0,304,433,2,0.087,Champions,3
13705.0,0,Actif,0.4520024582818332,0,Va rester,2 - Risque moyen,182,5,1641.61,328.32,43,433,0,0.0,Fidèles,2
18166.0,1,Churné,0.9122593374924315,1,Risque churn,1 - Risque élevé,432,1,175.5,175.5,10,432,0,0.0,Perdus,2
15552.0,1,Churné,0.4068962716109564,0,Va rester,2 - Risque moyen,26,2,252.52,126.26,29,432,0,0.0,Potentiellement Fidèles,2
15848.0,1,Churné,0.9043615326939579,1,Risque churn,1 - Risque élevé,430,1,139.94,139.94,34,430,0,0.0,Perdus,2
15068.0,0,Actif,0.2723943773563734,0,Va rester,3 - Risque faible,65,3,863.45,287.82,139,430,0,0.0,Potentiellement Fidèles,2
15570.0,0,Actif,0.03768893852370037,0,Va rester,3 - Risque faible,15,21,7670.94,365.28,392,430,2,0.0952,Champions,3
16570.0,0,Actif,0.14410386958380852,0,Va rester,3 - Risque faible,14,13,5169.14,397.63,97,428,8,0.6154,Champions,3
17676.0,0,Actif,0.4209667818465605,0,Va rester,2 - Risque moyen,175,5,1678.86,335.77,57,428,2,0.4,Fidèles,2
17217.0,1,Churné,0.42341495058186196,0,Va rester,2 - Risque moyen,43,2,218.0,109.0,27,428,0,0.0,Potentiellement Fidèles,2
14235.0,0,Actif,0.2227460457401157,0,Va rester,3 - Risque faible,35,6,2837.68,472.95,89,428,0,0.0,Champions,2
14492.0,1,Churné,0.4697516261474165,0,Va rester,2 - Risque moyen,239,7,1921.91,274.56,70,428,3,0.4286,En danger,2
14882.0,0,Actif,0.4013524650074112,0,Va rester,2 - Risque moyen,199,12,3038.45,253.2,31,428,1,0.0833,En danger,2
16658.0,1,Churné,0.41759520457727434,0,Va rester,2 - Risque moyen,177,6,814.07,135.68,49,428,3,0.5,Fidèles,2
15792.0,1,Churné,0.5599861157756537,1,Risque churn,2 - Risque moyen,208,2,933.84,466.92,57,427,0,0.0,Sur le point de Partir,2
13219.0,1,Churné,0.91086770734634,1,Risque churn,1 - Risque élevé,427,1,76.23,76.23,11,427,0,0.0,Perdus,2
14835.0,1,Churné,0.7297070484267645,1,Risque churn,1 - Risque élevé,337,2,297.0,148.5,1,426,1,0.5,En danger,2
15215.0,0,Actif,0.46949258424566986,0,Va rester,2 - Risque moyen,202,4,1687.49,421.87,59,421,3,0.75,En danger,2
14855.0,0,Actif,0.5184841450046164,1,Risque churn,2 - Risque moyen,283,5,5874.65,1174.93,156,419,0,0.0,En danger,3
14918.0,0,Actif,0.44155788738187907,0,Va rester,2 - Risque moyen,213,7,4345.66,620.81,64,419,0,0.0,En danger,2
17110.0,0,Actif,0.7093476242871035,1,Risque churn,1 - Risque élevé,329,2,347.4,173.7,32,419,0,0.0,En danger,2
15331.0,1,Churné,0.6513217745360897,1,Risque churn,2 - Risque moyen,308,3,767.91,255.97,41,418,1,0.3333,En danger,2
17221.0,0,Actif,0.7436122696144113,1,Risque churn,1 - Risque élevé,400,3,643.39,214.46,58,416,0,0.0,En danger,2
12943.0,1,Churné,0.7250831907483304,1,Risque churn,1 - Risque élevé,367,2,496.5,248.25,22,414,2,1.0,En danger,2
14624.0,0,Actif,0.5408843339095524,1,Risque churn,2 - Risque moyen,224,4,588.22,147.06,30,413,0,0.0,En danger,2
13878.0,0,Actif,0.6959150122659025,1,Risque churn,2 - Risque moyen,356,3,1191.53,397.18,59,413,0,0.0,En danger,2
17678.0,1,Churné,0.42813703873516085,0,Va rester,2 - Risque moyen,72,2,599.76,299.88,27,412,1,0.5,Potentiellement Fidèles,2
13734.0,1,Churné,0.6799860646920552,1,Risque churn,2 - Risque moyen,317,4,6701.64,1675.41,24,411,2,0.5,En danger,3
14907.0,0,Actif,0.32412712690150824,0,Va rester,3 - Risque faible,169,12,3625.38,302.12,82,411,5,0.4167,Fidèles,3
18095.0,1,Churné,0.37986301187757454,0,Va rester,3 - Risque faible,121,5,2303.09,460.62,37,408,0,0.0,Fidèles,2
14372.0,1,Churné,0.6187392666920245,1,Risque churn,2 - Risque moyen,252,2,860.08,430.04,36,408,1,0.5,Sur le point de Partir,2
16864.0,1,Churné,0.6421296013980031,1,Risque churn,2 - Risque moyen,243,2,409.25,204.63,17,407,0,0.0,Sur le point de Partir,2
18062.0,0,Actif,0.25072565654287954,0,Va rester,3 - Risque faible,29,5,1398.07,279.61,43,406,3,0.6,Champions,2
13963.0,1,Churné,0.1871114279331301,0,Va rester,3 - Risque faible,117,17,3011.87,177.17,129,406,1,0.0588,Fidèles,3
17729.0,1,Churné,0.892297832756849,1,Risque churn,1 - Risque élevé,405,1,438.65,438.65,23,405,0,0.0,Perdus,2
18091.0,1,Churné,0.8910293505719338,1,Risque churn,1 - Risque élevé,402,1,360.85,360.85,25,402,0,0.0,Perdus,2
12925.0,0,Actif,0.9014221040059822,1,Risque churn,1 - Risque élevé,401,1,35.28,35.28,5,401,0,0.0,Perdus,2
16623.0,1,Churné,0.30188525887374396,0,Va rester,3 - Risque faible,54,4,1015.24,253.81,44,401,1,0.25,Champions,2
16543.0,1,Churné,0.8797098758378278,1,Risque churn,1 - Risque élevé,400,1,292.21,292.21,18,400,1,1.0,Perdus,2
15445.0,1,Churné,0.4624892695232391,0,Va rester,2 - Risque moyen,73,2,284.5,142.25,12,399,0,0.0,Potentiellement Fidèles,2
18111.0,1,Churné,0.8733194139825656,1,Risque churn,1 - Risque élevé,398,1,405.85,405.85,27,398,1,1.0,Perdus,2
17771.0,0,Actif,0.4422446622197851,0,Va rester,2 - Risque moyen,132,3,257.4,85.8,36,398,0,0.0,Besoin d'Attention,2
15180.0,1,Churné,0.4858518968476028,0,Va rester,2 - Risque moyen,176,3,904.43,301.48,46,398,0,0.0,Besoin d'Attention,2
18141.0,1,Churné,0.5432932534565574,1,Risque churn,2 - Risque moyen,210,2,882.47,441.23,38,398,2,1.0,Sur le point de Partir,2
14683.0,1,Churné,0.8926189682012088,1,Risque churn,1 - Risque élevé,397,1,146.56,146.56,21,397,0,0.0,Perdus,2
15229.0,1,Churné,0.8956418456507107,1,Risque churn,1 - Risque élevé,395,1,160.5,160.5,9,395,0,0.0,Perdus,2
14025.0,1,Churné,0.5240962088479707,1,Risque churn,2 - Risque moyen,273,8,4057.9,507.24,60,392,2,0.25,En danger,2
12958.0,1,Churné,0.577685786323503,1,Risque churn,2 - Risque moyen,209,2,539.49,269.75,45,392,0,0.0,Sur le point de Partir,2
17199.0,1,Churné,0.8941734334607169,1,Risque churn,1 - Risque élevé,391,1,145.12,145.12,8,391,0,0.0,Perdus,2
14814.0,1,Churné,0.8862137520167724,1,Risque churn,1 - Risque élevé,390,1,160.46,160.46,28,390,0,0.0,Perdus,2
17031.0,0,Actif,0.5276492335380916,1,Risque churn,2 - Risque moyen,187,4,2393.5,598.38,22,390,0,0.0,Fidèles,2
14678.0,1,Churné,0.868606014307795,1,Risque churn,1 - Risque élevé,388,1,403.39,403.39,24,388,1,1.0,Perdus,2
17579.0,0,Actif,0.8767504197569175,1,Risque churn,1 - Risque élevé,387,1,304.38,304.38,43,387,0,0.0,Perdus,2
14588.0,1,Churné,0.8893771523767463,1,Risque churn,1 - Risque élevé,387,1,135.39,135.39,16,387,0,0.0,Perdus,2
13296.0,0,Actif,0.5182645861614229,1,Risque churn,2 - Risque moyen,232,5,705.11,141.02,46,386,0,0.0,En danger,2
13103.0,0,Actif,0.6370923238542872,1,Risque churn,2 - Risque moyen,246,2,465.7,232.85,21,386,0,0.0,Sur le point de Partir,2
15470.0,1,Churné,0.8930573159383639,1,Risque churn,1 - Risque élevé,384,1,63.42,63.42,4,384,0,0.0,Perdus,2
12923.0,0,Actif,0.5806852823753167,1,Risque churn,2 - Risque moyen,199,2,612.9,306.45,28,384,0,0.0,Sur le point de Partir,2
15478.0,0,Actif,0.8786225773237925,1,Risque churn,1 - Risque élevé,384,1,583.56,583.56,24,384,0,0.0,Perdus,2
18258.0,1,Churné,0.5749852052204215,1,Risque churn,2 - Risque moyen,273,6,2059.67,343.28,30,381,2,0.3333,En danger,2
13719.0,0,Actif,0.15048187233846191,0,Va rester,3 - Risque faible,14,8,2112.31,264.04,159,380,0,0.0,Champions,3
14598.0,0,Actif,0.8591148327691711,1,Risque churn,1 - Risque élevé,378,1,162.07,162.07,40,378,1,1.0,Perdus,2
14010.0,1,Churné,0.7411322753781641,1,Risque churn,1 - Risque élevé,374,2,445.15,222.58,20,374,1,0.5,En danger,2
14168.0,1,Churné,0.6133455802788699,1,Risque churn,2 - Risque moyen,229,2,370.45,185.23,11,373,1,0.5,Sur le point de Partir,2
16229.0,0,Actif,0.19937329112662686,0,Va rester,3 - Risque faible,21,5,2215.46,443.09,120,373,1,0.2,Champions,0
14993.0,1,Churné,0.885277536405933,1,Risque churn,1 - Risque élevé,372,1,36.13,36.13,9,372,0,0.0,Perdus,2
17694.0,0,Actif,0.6694554047568239,1,Risque churn,2 - Risque moyen,320,2,1412.85,706.43,45,371,0,0.0,En danger,2
17179.0,0,Actif,0.25439615821289513,0,Va rester,3 - Risque faible,41,5,1283.78,256.76,69,371,0,0.0,Champions,0
16715.0,0,Actif,0.880795926105593,1,Risque churn,1 - Risque élevé,371,1,323.8,323.8,9,371,0,0.0,Perdus,2
16101.0,0,Actif,0.5090072579904379,1,Risque churn,2 - Risque moyen,243,3,1938.46,646.15,94,370,1,0.3333,Sur le point de Partir,2
18038.0,1,Churné,0.8734436107262377,1,Risque churn,1 - Risque élevé,365,1,149.41,149.41,25,365,0,0.0,Perdus,2
17745.0,1,Churné,0.6699336992094553,1,Risque churn,2 - Risque moyen,286,2,600.34,300.17,27,364,0,0.0,En danger,2
15714.0,0,Actif,0.6251464164846121,1,Risque churn,2 - Risque moyen,262,3,453.93,151.31,14,364,0,0.0,Sur le point de Partir,2
18206.0,1,Churné,0.8717036598091706,1,Risque churn,1 - Risque élevé,362,1,314.66,314.66,19,362,0,0.0,Perdus,2
13699.0,0,Actif,0.849499472590684,1,Risque churn,1 - Risque élevé,359,1,455.57,455.57,23,359,1,1.0,Perdus,2
15720.0,0,Actif,0.8699536304437397,1,Risque churn,1 - Risque élevé,359,1,143.19,143.19,25,359,0,0.0,Perdus,2
17869.0,0,Actif,0.24721075441043258,0,Va rester,3 - Risque faible,24,5,918.94,183.79,65,356,0,0.0,Champions,0
15757.0,0,Actif,0.1982593889657892,0,Va rester,3 - Risque faible,26,5,2487.3,497.46,140,356,0,0.0,Champions,0
13438.0,1,Churné,0.8793446295204183,1,Risque churn,1 - Risque élevé,356,1,46.5,46.5,1,356,0,0.0,Perdus,2
15102.0,1,Churné,0.7100830412134878,1,Risque churn,1 - Risque élevé,339,2,554.67,277.33,26,355,0,0.0,En danger,2
13559.0,1,Churné,0.7123681507313553,1,Risque churn,1 - Risque élevé,321,2,990.0,495.0,1,352,0,0.0,En danger,2
15432.0,0,Actif,0.8389111559907791,1,Risque churn,1 - Risque élevé,350,1,149.57,149.57,6,350,2,2.0,Perdus,2
17401.0,1,Churné,0.8708077277689342,1,Risque churn,1 - Risque élevé,350,1,114.85,114.85,11,350,0,0.0,Perdus,2
13112.0,1,Churné,0.843173146009554,1,Risque churn,1 - Risque élevé,350,1,20.6,20.6,2,350,2,2.0,Perdus,2
12746.0,1,Churné,0.8306400518200666,1,Risque churn,1 - Risque élevé,349,1,254.55,254.55,17,349,2,2.0,Perdus,2
17692.0,0,Actif,0.18173044558622603,0,Va rester,3 - Risque faible,35,11,2858.32,259.85,88,349,2,0.1818,Champions,3
18128.0,1,Churné,0.8496099139364107,1,Risque churn,1 - Risque élevé,346,1,420.04,420.04,42,346,0,0.0,Perdus,2
16062.0,0,Actif,0.22716748618075594,0,Va rester,3 - Risque faible,50,6,2288.01,381.33,115,345,0,0.0,Champions,0
15991.0,1,Churné,0.8681330995870656,1,Risque churn,1 - Risque élevé,343,1,150.55,150.55,6,343,0,0.0,Perdus,2
15629.0,1,Churné,0.5878467628497037,1,Risque churn,2 - Risque moyen,259,4,2240.9,560.22,39,341,0,0.0,En danger,0
14326.0,1,Churné,0.3146466478364643,0,Va rester,3 - Risque faible,51,3,940.98,313.66,54,341,1,0.3333,Potentiellement Fidèles,2
13129.0,1,Churné,0.6456514898437411,1,Risque churn,2 - Risque moyen,261,2,233.25,116.63,10,338,0,0.0,Sur le point de Partir,2
14020.0,0,Actif,0.6325776829942318,1,Risque churn,2 - Risque moyen,285,2,606.21,303.11,29,338,1,0.5,En danger,2
13109.0,0,Actif,0.8519928722578115,1,Risque churn,1 - Risque élevé,360,1,347.49,347.49,23,360,1,1.0,Perdus,2
15888.0,0,Actif,0.5825339056673361,1,Risque churn,2 - Risque moyen,209,2,260.85,130.43,24,335,0,0.0,Sur le point de Partir,2
17651.0,0,Actif,0.5699761963544875,1,Risque churn,2 - Risque moyen,307,6,1758.52,293.09,84,335,2,0.3333,En danger,2
13029.0,0,Actif,0.4924123502893639,0,Va rester,2 - Risque moyen,162,3,1062.3,354.1,6,332,0,0.0,Besoin d'Attention,0
17376.0,0,Actif,0.418996724524093,0,Va rester,2 - Risque moyen,120,3,356.29,118.76,37,331,0,0.0,Besoin d'Attention,0
16649.0,1,Churné,0.8503448031623105,1,Risque churn,1 - Risque élevé,329,1,306.58,306.58,20,329,0,0.0,Perdus,2
14610.0,1,Churné,0.5869724933324058,1,Risque churn,2 - Risque moyen,204,2,24.35,12.18,10,323,0,0.0,Sur le point de Partir,2
17714.0,1,Churné,0.34582587682014726,0,Va rester,3 - Risque faible,129,5,1410.18,282.04,69,322,4,0.8,Fidèles,0
16172.0,0,Actif,0.2998864555577415,0,Va rester,3 - Risque faible,50,4,943.72,235.93,54,322,0,0.0,Champions,0
13959.0,0,Actif,0.3117854108852011,0,Va rester,3 - Risque faible,90,5,815.42,163.08,75,320,0,0.0,Champions,0
14674.0,1,Churné,0.8479226444767107,1,Risque churn,1 - Risque élevé,318,1,173.66,173.66,14,318,0,0.0,Perdus,2
14599.0,1,Churné,0.5155555215780628,1,Risque churn,2 - Risque moyen,199,2,474.54,237.27,77,318,0,0.0,Sur le point de Partir,2
13509.0,0,Actif,0.3368288849422042,0,Va rester,3 - Risque faible,63,4,785.02,196.26,23,316,0,0.0,Champions,0
15617.0,1,Churné,0.5284643870263951,1,Risque churn,2 - Risque moyen,205,3,828.55,276.18,41,316,0,0.0,Sur le point de Partir,0
13913.0,1,Churné,0.8532755423359665,1,Risque churn,1 - Risque élevé,315,1,42.22,42.22,3,315,0,0.0,Perdus,2
15378.0,1,Churné,0.6507741730782798,1,Risque churn,2 - Risque moyen,271,2,246.5,123.25,8,310,0,0.0,Sur le point de Partir,0
17224.0,1,Churné,0.8465186720323824,1,Risque churn,1 - Risque élevé,310,1,100.86,100.86,8,310,0,0.0,Perdus,2
15142.0,0,Actif,0.45600983513678883,0,Va rester,2 - Risque moyen,219,5,2121.18,424.24,97,309,1,0.2,En danger,0
18264.0,1,Churné,0.8207360161368805,1,Risque churn,1 - Risque élevé,307,1,603.25,603.25,36,307,0,0.0,Perdus,2
13766.0,1,Churné,0.8367232565173252,1,Risque churn,1 - Risque élevé,304,1,190.35,190.35,16,304,0,0.0,Perdus,2
13090.0,0,Actif,0.1462062628013533,0,Va rester,3 - Risque faible,47,17,8303.87,488.46,112,303,4,0.2353,Champions,3
16440.0,0,Actif,0.34281927356441116,0,Va rester,3 - Risque faible,23,2,488.76,244.38,58,302,0,0.0,Potentiellement Fidèles,2
18154.0,0,Actif,0.5301058102533723,1,Risque churn,2 - Risque moyen,197,3,533.41,177.8,22,299,0,0.0,Sur le point de Partir,0
15595.0,1,Churné,0.8339203215269996,1,Risque churn,1 - Risque élevé,296,1,357.6,357.6,4,296,0,0.0,Perdus,2
14053.0,0,Actif,0.5845636929418365,1,Risque churn,2 - Risque moyen,206,2,312.05,156.03,3,295,0,0.0,Sur le point de Partir,0
14144.0,1,Churné,0.8406010931658707,1,Risque churn,1 - Risque élevé,295,1,30.6,30.6,1,295,0,0.0,Perdus,2
15837.0,0,Actif,0.8191281831589877,1,Risque churn,1 - Risque élevé,294,1,385.03,385.03,28,294,0,0.0,Perdus,2
12959.0,1,Churné,0.8136987900337928,1,Risque churn,1 - Risque élevé,293,1,150.95,150.95,8,293,1,1.0,Perdus,2
17300.0,1,Churné,0.5457594281836188,1,Risque churn,2 - Risque moyen,199,2,393.64,196.82,37,290,0,0.0,Sur le point de Partir,0
16043.0,0,Actif,0.2321094996032705,0,Va rester,3 - Risque faible,20,7,1759.09,251.3,48,290,0,0.0,Champions,0
16468.0,0,Actif,0.6408195873841668,1,Risque churn,2 - Risque moyen,279,2,712.62,356.31,37,290,0,0.0,Sur le point de Partir,0
14183.0,1,Churné,0.5758354299569977,1,Risque churn,2 - Risque moyen,220,2,286.29,143.14,27,290,0,0.0,Sur le point de Partir,0
15154.0,0,Actif,0.5739401667863195,1,Risque churn,2 - Risque moyen,287,2,1091.99,545.99,101,287,0,0.0,En danger,0
12851.0,0,Actif,0.8163136853930326,1,Risque churn,1 - Risque élevé,286,1,148.95,148.95,30,286,0,0.0,Perdus,0
16299.0,1,Churné,0.804771806023039,1,Risque churn,1 - Risque élevé,286,1,193.65,193.65,12,286,1,1.0,Perdus,2
16294.0,1,Churné,0.8278924780264691,1,Risque churn,1 - Risque élevé,285,1,126.05,126.05,8,285,0,0.0,Perdus,0
17689.0,1,Churné,0.5586450990592451,1,Risque churn,2 - Risque moyen,197,2,317.08,158.54,17,283,0,0.0,Sur le point de Partir,0
14565.0,0,Actif,0.2276769134767957,0,Va rester,3 - Risque faible,14,3,2637.65,879.22,104,282,1,0.3333,Potentiellement Fidèles,0
14342.0,0,Actif,0.2929580289807458,0,Va rester,3 - Risque faible,19,3,559.48,186.49,18,281,3,1.0,Potentiellement Fidèles,0
14544.0,0,Actif,0.41797139306152525,0,Va rester,2 - Risque moyen,170,2,2079.9,1039.95,111,279,0,0.0,Besoin d'Attention,0
16065.0,1,Churné,0.2725725779064468,0,Va rester,3 - Risque faible,174,8,2382.62,297.83,214,272,2,0.25,Fidèles,3
15424.0,1,Churné,0.3474491897441056,0,Va rester,3 - Risque faible,63,3,597.78,199.26,33,272,0,0.0,Potentiellement Fidèles,0
13032.0,0,Actif,0.4060054852229576,0,Va rester,2 - Risque moyen,201,7,1833.37,261.91,110,269,1,0.1429,En danger,0
15543.0,1,Churné,0.4187809789800692,0,Va rester,2 - Risque moyen,97,2,242.84,121.42,50,268,0,0.0,Besoin d'Attention,0
17366.0,1,Churné,0.48193754461549054,0,Va rester,2 - Risque moyen,241,2,1096.24,548.12,120,265,1,0.5,Sur le point de Partir,0
16799.0,1,Churné,0.5225313752577523,1,Risque churn,2 - Risque moyen,241,2,495.98,247.99,81,262,1,0.5,Sur le point de Partir,0
17728.0,0,Actif,0.5054705452056806,1,Risque churn,2 - Risque moyen,213,2,1362.75,681.38,79,262,1,0.5,Sur le point de Partir,0
15107.0,1,Churné,0.34176182204950434,0,Va rester,3 - Risque faible,120,9,940.35,104.48,32,260,3,0.3333,Fidèles,0
14381.0,0,Actif,0.7719662127302093,1,Risque churn,1 - Risque élevé,260,1,428.66,428.66,56,260,0,0.0,Sur le point de Partir,0
16371.0,1,Churné,0.8031432850475158,1,Risque churn,1 - Risque élevé,257,1,157.2,157.2,11,257,0,0.0,Sur le point de Partir,0
17765.0,0,Actif,0.2791528418357295,0,Va rester,3 - Risque faible,19,3,421.47,140.49,60,257,0,0.0,Potentiellement Fidèles,0
15026.0,0,Actif,0.27606276203398167,0,Va rester,3 - Risque faible,49,4,823.39,205.85,83,257,0,0.0,Champions,0
13067.0,0,Actif,0.5800359899020967,1,Risque churn,2 - Risque moyen,218,2,393.05,196.52,13,255,0,0.0,Sur le point de Partir,0
14212.0,0,Actif,0.7788550124351463,1,Risque churn,1 - Risque élevé,254,1,1119.66,1119.66,12,254,0,0.0,Sur le point de Partir,0
14906.0,1,Churné,0.7625898515964866,1,Risque churn,1 - Risque élevé,254,1,68.44,68.44,1,254,2,2.0,Sur le point de Partir,0
13375.0,0,Actif,0.7660605491968954,1,Risque churn,1 - Risque élevé,253,1,1013.58,1013.58,34,253,0,0.0,Sur le point de Partir,0
15473.0,0,Actif,0.8019907434653151,1,Risque churn,1 - Risque élevé,253,1,274.8,274.8,3,253,0,0.0,Sur le point de Partir,0
13689.0,0,Actif,0.8004166814958127,1,Risque churn,1 - Risque élevé,253,1,349.5,349.5,3,253,0,0.0,Sur le point de Partir,0
14169.0,1,Churné,0.5735701024682294,1,Risque churn,2 - Risque moyen,239,2,624.43,312.22,50,253,0,0.0,Sur le point de Partir,0
13205.0,1,Churné,0.7439027852802162,1,Risque churn,1 - Risque élevé,252,1,2803.2,2803.2,1,252,0,0.0,Sur le point de Partir,0
17134.0,0,Actif,0.40762121188001016,0,Va rester,2 - Risque moyen,73,2,542.6,271.3,29,251,0,0.0,Potentiellement Fidèles,0
17919.0,0,Actif,0.7824999383677516,1,Risque churn,1 - Risque élevé,247,1,536.28,536.28,17,247,0,0.0,Sur le point de Partir,0
13687.0,1,Churné,0.41962951422725575,0,Va rester,2 - Risque moyen,247,1,11880.84,11880.84,45,247,0,0.0,Sur le point de Partir,3
14597.0,0,Actif,0.4963687840156488,0,Va rester,2 - Risque moyen,188,4,1318.39,329.6,41,246,0,0.0,Fidèles,0
16237.0,1,Churné,0.7965506241200901,1,Risque churn,1 - Risque élevé,246,1,136.65,136.65,7,246,0,0.0,Sur le point de Partir,0
16148.0,1,Churné,0.43537474248156244,0,Va rester,2 - Risque moyen,105,2,386.62,193.31,9,245,2,1.0,Besoin d'Attention,0
13257.0,1,Churné,0.747609130779735,1,Risque churn,1 - Risque élevé,245,1,149.75,149.75,7,245,2,2.0,Sur le point de Partir,0
13002.0,1,Churné,0.43964910284082764,0,Va rester,2 - Risque moyen,127,3,414.13,138.04,19,243,0,0.0,Besoin d'Attention,0
14392.0,1,Churné,0.7850064006487899,1,Risque churn,1 - Risque élevé,241,1,266.4,266.4,14,241,0,0.0,Sur le point de Partir,0
14462.0,0,Actif,0.18031639401371238,0,Va rester,3 - Risque faible,22,7,1222.19,174.6,136,241,3,0.4286,Champions,0
16817.0,0,Actif,0.19472504574209482,0,Va rester,3 - Risque faible,27,10,2149.4,214.94,80,240,4,0.4,Champions,0
15159.0,0,Actif,0.11116462614128393,0,Va rester,3 - Risque faible,19,15,8502.09,566.81,188,240,1,0.0667,Champions,3
17621.0,0,Actif,0.3749603700360152,0,Va rester,3 - Risque faible,121,5,2697.0,539.4,52,240,1,0.2,Fidèles,0
17657.0,1,Churné,0.7906610269131847,1,Risque churn,1 - Risque élevé,239,1,126.0,126.0,7,239,0,0.0,Sur le point de Partir,0
13055.0,0,Actif,0.2929989817578268,0,Va rester,3 - Risque faible,22,2,1451.56,725.78,99,238,1,0.5,Potentiellement Fidèles,0
17008.0,1,Churné,0.794409082497595,1,Risque churn,1 - Risque élevé,238,1,81.36,81.36,1,238,0,0.0,Sur le point de Partir,0
13423.0,1,Churné,0.7837527949378031,1,Risque churn,1 - Risque élevé,237,1,217.03,217.03,12,237,0,0.0,Sur le point de Partir,0
17249.0,1,Churné,0.7776135977667464,1,Risque churn,1 - Risque élevé,237,1,68.03,68.03,27,237,0,0.0,Sur le point de Partir,0
14490.0,1,Churné,0.511748122599505,1,Risque churn,2 - Risque moyen,215,2,1273.47,636.74,72,237,0,0.0,Sur le point de Partir,0
16411.0,0,Actif,0.409165651891083,0,Va rester,2 - Risque moyen,178,3,827.04,275.68,119,237,0,0.0,Besoin d'Attention,0
16111.0,1,Churné,0.7349117100006075,1,Risque churn,1 - Risque élevé,237,1,562.48,562.48,72,237,0,0.0,Sur le point de Partir,0
17864.0,0,Actif,0.3528653291182538,0,Va rester,3 - Risque faible,84,3,535.23,178.41,57,236,0,0.0,Potentiellement Fidèles,0
14263.0,1,Churné,0.774194820820156,1,Risque churn,1 - Risque élevé,232,1,322.93,322.93,16,232,0,0.0,Sur le point de Partir,0
16238.0,1,Churné,0.7855252258069984,1,Risque churn,1 - Risque élevé,231,1,63.66,63.66,6,231,0,0.0,Sur le point de Partir,0
14956.0,1,Churné,0.7564583226522041,1,Risque churn,1 - Risque élevé,230,1,1325.0,1325.0,4,230,0,0.0,Sur le point de Partir,0
17026.0,0,Actif,0.5410308333081929,1,Risque churn,2 - Risque moyen,178,2,87.3,43.65,4,226,0,0.0,Besoin d'Attention,0
17219.0,0,Actif,0.7665081918081087,1,Risque churn,1 - Risque élevé,225,1,144.9,144.9,24,225,0,0.0,Sur le point de Partir,0
17397.0,0,Actif,0.7432178237376621,1,Risque churn,1 - Risque élevé,225,1,536.77,536.77,44,225,0,0.0,Sur le point de Partir,0
18066.0,0,Actif,0.526371404960395,1,Risque churn,2 - Risque moyen,195,2,1122.4,561.2,35,224,0,0.0,Besoin d'Attention,0
13166.0,1,Churné,0.374191177044818,0,Va rester,3 - Risque faible,92,2,884.18,442.09,55,223,1,0.5,Potentiellement Fidèles,0
12973.0,1,Churné,0.7698617434218838,1,Risque churn,1 - Risque élevé,222,1,385.55,385.55,6,222,0,0.0,Sur le point de Partir,0
17435.0,1,Churné,0.7632683416230671,1,Risque churn,1 - Risque élevé,220,1,331.35,331.35,15,220,0,0.0,Sur le point de Partir,0
15646.0,0,Actif,0.2966769014740247,0,Va rester,3 - Risque faible,55,4,867.01,216.75,58,219,1,0.25,Champions,0
16639.0,0,Actif,0.28397717981123977,0,Va rester,3 - Risque faible,15,3,961.62,320.54,48,218,0,0.0,Potentiellement Fidèles,0
17000.0,1,Churné,0.5408365497446035,1,Risque churn,2 - Risque moyen,205,2,406.3,203.15,26,217,0,0.0,Sur le point de Partir,0
12608.0,1,Churné,0.7536989731629523,1,Risque churn,1 - Risque élevé,213,1,415.79,415.79,16,213,0,0.0,Sur le point de Partir,0
18278.0,0,Actif,0.7586624130249767,1,Risque churn,1 - Risque élevé,213,1,240.3,240.3,15,213,0,0.0,Sur le point de Partir,0
16178.0,0,Actif,0.7500470532964035,1,Risque churn,1 - Risque élevé,210,1,414.7,414.7,17,210,0,0.0,Sur le point de Partir,0
17121.0,1,Churné,0.7569351826209851,1,Risque churn,1 - Risque élevé,211,1,314.74,314.74,12,211,0,0.0,Sur le point de Partir,0
17977.0,0,Actif,0.6454090851580693,1,Risque churn,2 - Risque moyen,209,1,1277.49,1277.49,83,209,1,1.0,Sur le point de Partir,0
16559.0,1,Churné,0.7517322565764276,1,Risque churn,1 - Risque élevé,206,1,185.2,185.2,17,206,0,0.0,Sur le point de Partir,0
13967.0,0,Actif,0.7620355773181223,1,Risque churn,1 - Risque élevé,205,1,85.6,85.6,4,205,0,0.0,Sur le point de Partir,0
16223.0,1,Churné,0.43550930242066604,0,Va rester,2 - Risque moyen,183,2,1102.35,551.18,101,204,0,0.0,Besoin d'Attention,0
14077.0,0,Actif,0.3131052496968129,0,Va rester,3 - Risque faible,34,3,315.27,105.09,35,204,0,0.0,Potentiellement Fidèles,0
15529.0,0,Actif,0.10439443323937497,0,Va rester,3 - Risque faible,19,8,3048.93,381.12,296,203,0,0.0,Champions,3
18280.0,1,Churné,0.3965863750798046,0,Va rester,3 - Risque faible,86,2,488.15,244.08,28,203,1,0.5,Potentiellement Fidèles,0
16824.0,0,Actif,0.749508619779589,1,Risque churn,1 - Risque élevé,202,1,225.6,225.6,13,202,0,0.0,Sur le point de Partir,0
16284.0,0,Actif,0.7380065029200257,1,Risque churn,1 - Risque élevé,202,1,205.8,205.8,30,202,0,0.0,Sur le point de Partir,0
12868.0,0,Actif,0.21867659258035027,0,Va rester,3 - Risque faible,27,7,1999.0,285.57,82,201,0,0.0,Champions,0
17803.0,1,Churné,0.7396606521310632,1,Risque churn,1 - Risque élevé,201,1,184.66,184.66,27,201,0,0.0,Sur le point de Partir,0
16687.0,1,Churné,0.7516616637658333,1,Risque churn,1 - Risque élevé,199,1,157.63,157.63,8,199,0,0.0,Sur le point de Partir,0
14784.0,0,Actif,0.47185999435237125,0,Va rester,2 - Risque moyen,132,2,274.62,137.31,14,198,0,0.0,Besoin d'Attention,0
17418.0,0,Actif,0.4601344645759703,0,Va rester,2 - Risque moyen,132,2,373.99,187.0,24,196,0,0.0,Besoin d'Attention,0
17532.0,1,Churné,0.7517245934632358,1,Risque churn,1 - Risque élevé,194,1,65.34,65.34,4,194,0,0.0,Besoin d'Attention,0
17269.0,1,Churné,0.657612606148671,1,Risque churn,2 - Risque moyen,194,1,537.46,537.46,110,194,0,0.0,Besoin d'Attention,0
16885.0,0,Actif,0.4567609834694791,0,Va rester,2 - Risque moyen,166,2,429.88,214.94,66,194,0,0.0,Besoin d'Attention,0
17386.0,0,Actif,0.7460266017937701,1,Risque churn,1 - Risque élevé,194,1,126.35,126.35,10,194,0,0.0,Besoin d'Attention,0
12967.0,1,Churné,0.4768671014286164,0,Va rester,2 - Risque moyen,167,3,4306.92,1435.64,47,192,1,0.3333,Besoin d'Attention,0
15155.0,1,Churné,0.727288132569602,1,Risque churn,1 - Risque élevé,192,1,383.97,383.97,24,192,0,0.0,Besoin d'Attention,0
15634.0,0,Actif,0.7328382895332757,1,Risque churn,1 - Risque élevé,192,1,311.1,311.1,19,192,0,0.0,Besoin d'Attention,0
17870.0,0,Actif,0.5130774608796723,1,Risque churn,2 - Risque moyen,175,2,1540.2,770.1,2,190,0,0.0,Besoin d'Attention,0
17570.0,1,Churné,0.7225320914491588,1,Risque churn,1 - Risque élevé,190,1,100.0,100.0,1,190,1,1.0,Besoin d'Attention,0
18047.0,1,Churné,0.48717724347362307,0,Va rester,2 - Risque moyen,190,2,342.69,171.34,74,190,0,0.0,Besoin d'Attention,0
14458.0,1,Churné,0.7115198368535625,1,Risque churn,1 - Risque élevé,189,1,237.42,237.42,46,189,0,0.0,Besoin d'Attention,0
16874.0,1,Churné,0.7222425486265255,1,Risque churn,1 - Risque élevé,188,1,217.74,217.74,31,188,0,0.0,Besoin d'Attention,0
12996.0,1,Churné,0.7209897948909271,1,Risque churn,1 - Risque élevé,184,1,355.5,355.5,22,184,0,0.0,Besoin d'Attention,0
16552.0,1,Churné,0.37876450809981244,0,Va rester,3 - Risque faible,51,2,475.02,237.51,17,182,0,0.0,Potentiellement Fidèles,0
14589.0,1,Churné,0.7378699609294003,1,Risque churn,1 - Risque élevé,180,1,79.5,79.5,3,180,0,0.0,Besoin d'Attention,0
15048.0,0,Actif,0.32137468220171,0,Va rester,3 - Risque faible,29,2,355.15,177.58,58,177,0,0.0,Potentiellement Fidèles,0
13270.0,1,Churné,0.7047564012304327,1,Risque churn,1 - Risque élevé,175,1,1180.0,1180.0,1,175,0,0.0,Besoin d'Attention,0
15211.0,0,Actif,0.6980359217735878,1,Risque churn,2 - Risque moyen,174,1,766.14,766.14,23,174,0,0.0,Besoin d'Attention,0
16665.0,1,Churné,0.7225726350694628,1,Risque churn,1 - Risque élevé,171,1,135.4,135.4,9,171,0,0.0,Besoin d'Attention,0
17937.0,0,Actif,0.33928596908791114,0,Va rester,3 - Risque faible,66,4,3327.48,831.87,19,171,0,0.0,Champions,0
13221.0,1,Churné,0.33153169184467884,0,Va rester,3 - Risque faible,49,2,847.41,423.71,62,168,0,0.0,Potentiellement Fidèles,0
15139.0,1,Churné,0.37396693081072335,0,Va rester,3 - Risque faible,48,2,178.96,89.48,13,145,0,0.0,Potentiellement Fidèles,0
14270.0,1,Churné,0.661596081719591,1,Risque churn,2 - Risque moyen,140,1,492.65,492.65,29,140,0,0.0,Besoin d'Attention,0
13284.0,1,Churné,0.6518000484371105,1,Risque churn,2 - Risque moyen,139,1,201.19,201.19,13,139,1,1.0,Besoin d'Attention,0
14782.0,1,Churné,0.6748639467904944,1,Risque churn,2 - Risque moyen,128,1,200.1,200.1,6,128,0,0.0,Besoin d'Attention,0
15415.0,1,Churné,0.622633508662061,1,Risque churn,2 - Risque moyen,122,1,572.81,572.81,46,122,0,0.0,Besoin d'Attention,0
17619.0,1,Churné,0.6105577371110162,1,Risque churn,2 - Risque moyen,121,1,218.52,218.52,71,121,0,0.0,Besoin d'Attention,0
15226.0,1,Churné,0.6639302102557545,1,Risque churn,2 - Risque moyen,119,1,154.41,154.41,8,119,0,0.0,Besoin d'Attention,0
14046.0,1,Churné,0.6270912041971526,1,Risque churn,2 - Risque moyen,93,1,154.99,154.99,14,93,0,0.0,Besoin d'Attention,0
15733.0,1,Churné,0.6278334040055404,1,Risque churn,2 - Risque moyen,91,1,162.3,162.3,10,91,0,0.0,Potentiellement Fidèles,0
16216.0,1,Churné,0.5605171621762547,1,Risque churn,2 - Risque moyen,76,1,914.93,914.93,37,76,0,0.0,Potentiellement Fidèles,0
14041.0,1,Churné,0.5985754245878814,1,Risque churn,2 - Risque moyen,75,1,141.41,141.41,21,75,0,0.0,Potentiellement Fidèles,0
16728.0,0,Actif,0.2975965301569034,0,Va rester,3 - Risque faible,45,2,326.93,163.47,82,73,0,0.0,Potentiellement Fidèles,0
16997.0,1,Churné,0.4106778654561395,0,Va rester,2 - Risque moyen,97,3,702.0,234.0,7,134,0,0.0,Besoin d'Attention,0
15395.0,1,Churné,0.6837046755807019,1,Risque churn,2 - Risque moyen,134,1,107.45,107.45,7,134,0,0.0,Besoin d'Attention,0
14438.0,1,Churné,0.6589859223662812,1,Risque churn,2 - Risque moyen,115,1,131.9,131.9,9,115,0,0.0,Besoin d'Attention,0
17881.0,1,Churné,0.6573742453699004,1,Risque churn,2 - Risque moyen,113,1,133.35,133.35,8,113,0,0.0,Besoin d'Attention,0
14760.0,1,Churné,0.6213427551334352,1,Risque churn,2 - Risque moyen,106,1,89.2,89.2,5,106,1,1.0,Besoin d'Attention,0
18138.0,1,Churné,0.6458889235131609,1,Risque churn,2 - Risque moyen,104,1,152.65,152.65,8,104,0,0.0,Besoin d'Attention,0
12852.0,1,Churné,0.5999757071542559,1,Risque churn,2 - Risque moyen,103,1,311.55,311.55,17,103,1,1.0,Besoin d'Attention,0
13489.0,0,Actif,0.42100445413175885,0,Va rester,2 - Risque moyen,98,2,235.68,117.84,6,103,0,0.0,Besoin d'Attention,0
13951.0,0,Actif,0.34047869272281367,0,Va rester,3 - Risque faible,45,2,516.05,258.02,32,103,0,0.0,Potentiellement Fidèles,0
14803.0,0,Actif,0.40074561990744,0,Va rester,2 - Risque moyen,84,2,730.79,365.4,15,101,0,0.0,Potentiellement Fidèles,0
12988.0,1,Churné,0.5710560423392804,1,Risque churn,2 - Risque moyen,101,1,535.32,535.32,75,101,0,0.0,Besoin d'Attention,0
18155.0,0,Actif,0.6421680035142465,1,Risque churn,2 - Risque moyen,100,1,113.93,113.93,8,100,0,0.0,Besoin d'Attention,0
13038.0,0,Actif,0.6262861797200389,1,Risque churn,2 - Risque moyen,99,1,395.1,395.1,15,99,0,0.0,Besoin d'Attention,0
18068.0,1,Churné,0.646036154203498,1,Risque churn,2 - Risque moyen,98,1,101.7,101.7,1,98,0,0.0,Besoin d'Attention,0
13630.0,0,Actif,0.32263661514617376,0,Va rester,3 - Risque faible,54,2,730.92,365.46,43,94,1,0.5,Potentiellement Fidèles,0
13344.0,0,Actif,0.520921962489312,1,Risque churn,2 - Risque moyen,86,1,1656.15,1656.15,68,86,0,0.0,Potentiellement Fidèles,0
14730.0,0,Actif,0.2810016219758656,0,Va rester,3 - Risque faible,41,3,555.6,185.2,80,85,0,0.0,Potentiellement Fidèles,0
14367.0,0,Actif,0.19684236194485535,0,Va rester,3 - Risque faible,21,6,2829.11,471.52,134,85,2,0.3333,Champions,0
16572.0,0,Actif,0.6037136785120102,1,Risque churn,2 - Risque moyen,84,1,342.58,342.58,21,84,0,0.0,Potentiellement Fidèles,0
15308.0,1,Churné,0.5723221647579618,1,Risque churn,2 - Risque moyen,83,1,310.47,310.47,19,83,1,1.0,Potentiellement Fidèles,0
16778.0,0,Actif,0.6243128713390889,1,Risque churn,2 - Risque moyen,83,1,93.18,93.18,5,83,0,0.0,Potentiellement Fidèles,0
15047.0,1,Churné,0.5951004299886681,1,Risque churn,2 - Risque moyen,78,1,343.62,343.62,22,78,0,0.0,Potentiellement Fidèles,0
14223.0,0,Actif,0.5603027170151788,1,Risque churn,2 - Risque moyen,73,1,304.9,304.9,18,73,1,1.0,Potentiellement Fidèles,0
14632.0,1,Churné,0.6058481243350123,1,Risque churn,2 - Risque moyen,71,1,114.56,114.56,8,71,0,0.0,Potentiellement Fidèles,0
17733.0,0,Actif,0.5977719277533055,1,Risque churn,2 - Risque moyen,70,1,216.95,216.95,12,70,0,0.0,Potentiellement Fidèles,0
13132.0,1,Churné,0.6101654293583605,1,Risque churn,2 - Risque moyen,70,1,77.3,77.3,3,70,0,0.0,Potentiellement Fidèles,0
16022.0,1,Churné,0.5321980716415358,1,Risque churn,2 - Risque moyen,69,1,628.28,628.28,68,69,0,0.0,Potentiellement Fidèles,0
16063.0,1,Churné,0.5828393067936977,1,Risque churn,2 - Risque moyen,69,1,335.32,335.32,23,69,0,0.0,Potentiellement Fidèles,0
13743.0,0,Actif,0.33655093465008157,0,Va rester,3 - Risque faible,26,2,353.16,176.58,7,68,0,0.0,Potentiellement Fidèles,0
14273.0,0,Actif,0.32988357088849124,0,Va rester,3 - Risque faible,26,2,218.7,109.35,10,51,0,0.0,Potentiellement Fidèles,0
15414.0,0,Actif,0.5853095336646273,1,Risque churn,2 - Risque moyen,51,1,36.2,36.2,5,51,0,0.0,Potentiellement Fidèles,0
14111.0,0,Actif,0.5848489074310764,1,Risque churn,2 - Risque moyen,50,1,94.2,94.2,2,50,0,0.0,Potentiellement Fidèles,0
16097.0,1,Churné,0.5733949051412002,1,Risque churn,2 - Risque moyen,49,1,185.05,185.05,10,49,0,0.0,Potentiellement Fidèles,0
15147.0,1,Churné,0.5087678818106397,1,Risque churn,2 - Risque moyen,49,1,623.5,623.5,28,49,1,1.0,Potentiellement Fidèles,0
17704.0,0,Actif,0.5600570521726411,1,Risque churn,2 - Risque moyen,48,1,387.29,387.29,16,48,0,0.0,Potentiellement Fidèles,0
17367.0,1,Churné,0.5503374180560922,1,Risque churn,2 - Risque moyen,47,1,168.4,168.4,33,47,0,0.0,Potentiellement Fidèles,0
15436.0,0,Actif,0.450446296331292,0,Va rester,2 - Risque moyen,43,1,489.05,489.05,124,43,0,0.0,Potentiellement Fidèles,0
17630.0,0,Actif,0.5497754032126885,1,Risque churn,2 - Risque moyen,41,1,335.5,335.5,19,41,0,0.0,Potentiellement Fidèles,0
16750.0,0,Actif,0.5650756870418591,1,Risque churn,2 - Risque moyen,41,1,118.7,118.7,10,41,0,0.0,Potentiellement Fidèles,0
16942.0,0,Actif,0.28780638965115013,0,Va rester,3 - Risque faible,28,3,577.96,192.65,54,36,0,0.0,Potentiellement Fidèles,0
16965.0,1,Churné,0.5398079757598979,1,Risque churn,2 - Risque moyen,35,1,201.19,201.19,26,35,0,0.0,Potentiellement Fidèles,0
13229.0,1,Churné,0.5544902666543257,1,Risque churn,2 - Risque moyen,34,1,160.95,160.95,10,34,0,0.0,Potentiellement Fidèles,0
16370.0,0,Actif,0.5036825930440995,1,Risque churn,2 - Risque moyen,34,1,275.54,275.54,61,34,0,0.0,Potentiellement Fidèles,0
14948.0,0,Actif,0.5399516649556139,1,Risque churn,2 - Risque moyen,28,1,278.4,278.4,13,28,0,0.0,Potentiellement Fidèles,0
16644.0,0,Actif,0.47805064668630254,0,Va rester,2 - Risque moyen,21,1,722.41,722.41,54,21,0,0.0,Potentiellement Fidèles,0
15440.0,0,Actif,0.5239024582830871,1,Risque churn,2 - Risque moyen,17,1,125.8,125.8,20,17,0,0.0,Potentiellement Fidèles,0
16877.0,0,Actif,0.5208669174212966,1,Risque churn,2 - Risque moyen,17,1,77.75,77.75,25,17,0,0.0,Potentiellement Fidèles,0
